Unnamed: 0,App,Category,Rating,Reviews,Size,Installs,Type,Price,Content Rating,Genres,Last Updated,Current Ver,Android Ver
0,Photo Editor & Candy Camera & Grid & ScrapBook,ART_AND_DESIGN,4.1,159,19.0,10000,Free,0.0,Everyone,Art & Design,"January 7, 2018",1.0.0,4.0.3 and up
1,Coloring book moana,ART_AND_DESIGN,3.9,967,14.0,500000,Free,0.0,Everyone,Art & Design;Pretend Play,"January 15, 2018",2.0.0,4.0.3 and up
4,Pixel Draw - Number Art Coloring Book,ART_AND_DESIGN,4.3,967,2.8,100000,Free,0.0,Everyone,Art & Design;Creativity,"June 20, 2018",1.1,4.4 and up
5,Paper flowers instructions,ART_AND_DESIGN,4.4,167,5.6,50000,Free,0.0,Everyone,Art & Design,"March 26, 2017",1,2.3 and up
6,Smoke Effect Photo Maker - Smoke Editor,ART_AND_DESIGN,3.8,178,19.0,50000,Free,0.0,Everyone,Art & Design,"April 26, 2018",1.1,4.0.3 and up
7,Infinite Painter,ART_AND_DESIGN,4.1,36815,29.0,1000000,Free,0.0,Everyone,Art & Design,"June 14, 2018",6.1.61.1,4.2 and up
8,Garden Coloring Book,ART_AND_DESIGN,4.4,13791,33.0,1000000,Free,0.0,Everyone,Art & Design,"September 20, 2017",2.9.2,3.0 and up
9,Kids Paint Free - Drawing Fun,ART_AND_DESIGN,4.7,121,3.1,10000,Free,0.0,Everyone,Art & Design;Creativity,"July 3, 2018",2.8,4.0.3 and up
10,Text on Photo - Fonteee,ART_AND_DESIGN,4.4,13880,28.0,1000000,Free,0.0,Everyone,Art & Design,"October 27, 2017",1.0.4,4.1 and up
11,Name Art Photo Editor - Focus n Filters,ART_AND_DESIGN,4.4,8788,12.0,1000000,Free,0.0,Everyone,Art & Design,"July 31, 2018",1.0.15,4.0 and up
13,Mandala Coloring Book,ART_AND_DESIGN,4.6,4326,21.0,100000,Free,0.0,Everyone,Art & Design,"June 26, 2018",1.0.4,4.4 and up
14,3D Color Pixel by Number - Sandbox Art Coloring,ART_AND_DESIGN,4.4,1518,37.0,100000,Free,0.0,Everyone,Art & Design,"August 3, 2018",1.2.3,2.3 and up
15,Learn To Draw Kawaii Characters,ART_AND_DESIGN,3.2,55,2.7,5000,Free,0.0,Everyone,Art & Design,"June 6, 2018",,4.2 and up
16,Photo Designer - Write your name with shapes,ART_AND_DESIGN,4.7,3632,5.5,500000,Free,0.0,Everyone,Art & Design,"July 31, 2018",3.1,4.1 and up
17,350 Diy Room Decor Ideas,ART_AND_DESIGN,4.5,27,17.0,10000,Free,0.0,Everyone,Art & Design,"November 7, 2017",1,2.3 and up
20,Logo Maker - Small Business,ART_AND_DESIGN,4.0,450,14.0,100000,Free,0.0,Everyone,Art & Design,"April 20, 2018",4,4.1 and up
21,Boys Photo Editor - Six Pack & Men's Suit,ART_AND_DESIGN,4.1,654,12.0,100000,Free,0.0,Everyone,Art & Design,"March 20, 2018",1.1,4.0.3 and up
22,Superheroes Wallpapers | 4K Backgrounds,ART_AND_DESIGN,4.7,7699,4.2,500000,Free,0.0,Everyone 10+,Art & Design,"July 12, 2018",2.2.6.2,4.0.3 and up
23,Mcqueen Coloring pages,ART_AND_DESIGN,,61,7.0,100000,Free,0.0,Everyone,Art & Design;Action & Adventure,"March 7, 2018",1.0.0,4.1 and up
24,HD Mickey Minnie Wallpapers,ART_AND_DESIGN,4.7,118,23.0,50000,Free,0.0,Everyone,Art & Design,"July 7, 2018",1.1.3,4.1 and up
25,Harley Quinn wallpapers HD,ART_AND_DESIGN,4.8,192,6.0,10000,Free,0.0,Everyone,Art & Design,"April 25, 2018",1.5,3.0 and up
26,Colorfit - Drawing & Coloring,ART_AND_DESIGN,4.7,20260,25.0,500000,Free,0.0,Everyone,Art & Design;Creativity,"October 11, 2017",1.0.8,4.0.3 and up
27,Animated Photo Editor,ART_AND_DESIGN,4.1,203,6.1,100000,Free,0.0,Everyone,Art & Design,"March 21, 2018",1.03,4.0.3 and up
28,Pencil Sketch Drawing,ART_AND_DESIGN,3.9,136,4.6,10000,Free,0.0,Everyone,Art & Design,"July 12, 2018",6,2.3 and up
29,Easy Realistic Drawing Tutorial,ART_AND_DESIGN,4.1,223,4.2,100000,Free,0.0,Everyone,Art & Design,"August 22, 2017",1,2.3 and up
30,Pink Silver Bow Keyboard Theme,ART_AND_DESIGN,4.2,1120,9.2,100000,Free,0.0,Everyone,Art & Design,"July 12, 2018",6.7.12.2018,4.0.3 and up
31,Art Drawing Ideas,ART_AND_DESIGN,4.1,227,5.2,50000,Free,0.0,Everyone,Art & Design,"May 31, 2018",1.2,2.3 and up
32,Anime Manga Coloring Book,ART_AND_DESIGN,4.5,5035,11.0,100000,Free,0.0,Everyone,Art & Design,"July 19, 2018",2.2,4.0 and up
33,Easy Origami Ideas,ART_AND_DESIGN,4.2,1015,11.0,100000,Free,0.0,Everyone,Art & Design,"January 6, 2018",1.1.0,4.1 and up
34,I Creative Idea,ART_AND_DESIGN,4.7,353,4.2,10000,Free,0.0,Teen,Art & Design,"April 27, 2018",1.6,4.1 and up
35,How to draw Ladybug and Cat Noir,ART_AND_DESIGN,3.8,564,9.2,100000,Free,0.0,Everyone,Art & Design,"July 11, 2018",2.1,4.1 and up
36,UNICORN - Color By Number & Pixel Art Coloring,ART_AND_DESIGN,4.7,8145,24.0,500000,Free,0.0,Everyone,Art & Design;Creativity,"August 2, 2018",1.0.9,4.4 and up
38,PIP Camera - PIP Collage Maker,ART_AND_DESIGN,4.7,158,11.0,10000,Free,0.0,Everyone,Art & Design,"November 29, 2017",1.3,4.0.3 and up
39,How To Color Disney Princess - Coloring Pages,ART_AND_DESIGN,4.0,591,9.4,500000,Free,0.0,Everyone,Art & Design,"March 31, 2018",1,4.0 and up
40,Drawing Clothes Fashion Ideas,ART_AND_DESIGN,4.2,117,15.0,10000,Free,0.0,Everyone,Art & Design,"July 20, 2018",2.0.1,4.0.3 and up
41,Sad Poetry Photo Frames 2018,ART_AND_DESIGN,4.5,176,10.0,100000,Free,0.0,Everyone,Art & Design,"April 2, 2018",1,4.0.3 and up
43,Paint Splash!,ART_AND_DESIGN,3.8,2206,1.2,100000,Free,0.0,Everyone,Art & Design;Creativity,"April 15, 2018",1.46,4.1 and up
44,Popsicle Sticks and Similar DIY Craft Ideas,ART_AND_DESIGN,4.2,26,12.0,10000,Free,0.0,Everyone,Art & Design,"January 3, 2018",1.0.0,4.1 and up
46,Install images with music to make video without Net - 2018,ART_AND_DESIGN,4.6,1070,26.0,100000,Free,0.0,Everyone,Art & Design,"November 14, 2017",1.6,4.1 and up
47,Little Teddy Bear Colouring Book Game,ART_AND_DESIGN,4.2,85,8.0,100000,Free,0.0,Everyone,Art & Design,"December 17, 2017",2.0.0,4.1 and up
48,How To Draw Food,ART_AND_DESIGN,4.3,845,7.9,100000,Free,0.0,Everyone,Art & Design,"May 28, 2018",1,2.3 and up
49,Monster Truck Stunt 3D 2019,AUTO_AND_VEHICLES,4.2,367,25.0,100000,Free,0.0,Everyone,Auto & Vehicles,"May 10, 2018",1,4.0.3 and up
50,Real Tractor Farming,AUTO_AND_VEHICLES,4.0,1598,56.0,1000000,Free,0.0,Everyone,Auto & Vehicles,"July 26, 2018",11,4.1 and up
53,American Muscle Car Race,AUTO_AND_VEHICLES,3.9,129,35.0,100000,Free,0.0,Everyone,Auto & Vehicles,"July 26, 2018",3,4.1 and up
54,Offroad Oil Tanker Driver Transport Truck 2019,AUTO_AND_VEHICLES,4.3,542,33.0,100000,Free,0.0,Everyone,Auto & Vehicles,"July 31, 2018",4,4.1 and up
55,Tickets SDA 2018 and Exam from the State Traffic Safety Inspectorate with Drom.ru,AUTO_AND_VEHICLES,4.9,10479,33.0,100000,Free,0.0,Everyone,Auto & Vehicles,"July 18, 2018",1.7.1,4.0 and up
56,Gas Prices (Germany only),AUTO_AND_VEHICLES,4.4,805,5.6,50000,Free,0.0,Everyone,Auto & Vehicles,"July 29, 2018",2.5.1,4.4 and up
57,Extreme Rally Championship,AUTO_AND_VEHICLES,4.2,129,54.0,100000,Free,0.0,Everyone,Auto & Vehicles,"July 26, 2018",3,4.1 and up
58,Restart Navigator,AUTO_AND_VEHICLES,4.0,1403,0.2,100000,Free,0.0,Everyone,Auto & Vehicles,"August 26, 2014",1.0.1,2.2 and up
59,"REG - Check the regnumber, find information about Swedish vehicles",AUTO_AND_VEHICLES,3.9,3971,3.6,100000,Free,0.0,Everyone,Auto & Vehicles,"July 30, 2018",2.493,4.4 and up
60,CityBus Lviv,AUTO_AND_VEHICLES,4.6,534,5.7,10000,Free,0.0,Everyone,Auto & Vehicles,"July 8, 2018",1.9.1,4.0.3 and up
61,CDL Practice Test 2018 Edition,AUTO_AND_VEHICLES,4.9,7774,17.0,100000,Free,0.0,Everyone,Auto & Vehicles,"July 3, 2018",1.7,4.2 and up
62,"ezETC (ETC balance inquiry, meter trial, real-time traffic)",AUTO_AND_VEHICLES,4.3,38846,8.6,1000000,Free,0.0,Everyone,Auto & Vehicles,"July 28, 2018",2.20 Build 02,4.1 and up
63,Free VIN Report for Used Cars,AUTO_AND_VEHICLES,4.6,2431,2.4,100000,Free,0.0,Everyone,Auto & Vehicles,"June 12, 2018",1.37,4.0 and up
64,DMV Permit Practice Test 2018 Edition,AUTO_AND_VEHICLES,4.9,6090,27.0,100000,Free,0.0,Everyone,Auto & Vehicles,"July 3, 2018",1.7,4.2 and up
65,Check Vehicle Tax,AUTO_AND_VEHICLES,3.9,295,2.7,10000,Free,0.0,Everyone,Auto & Vehicles,"July 30, 2018",0.2.1,4.4 and up
66,Used Cars Mexico,AUTO_AND_VEHICLES,4.0,190,2.5,50000,Free,0.0,Everyone,Auto & Vehicles,"October 14, 2016",1,2.3 and up
71,SK Enca Direct Malls - Used Cars Search,AUTO_AND_VEHICLES,3.6,1379,16.0,500000,Free,0.0,Everyone,Auto & Vehicles,"August 2, 2018",2.2.21,4.2 and up
74,Tickets SDA 2019 + Exam RF,AUTO_AND_VEHICLES,4.8,7021,17.0,500000,Free,0.0,Everyone,Auto & Vehicles,"July 27, 2018",1.79,4.0 and up
75,Super Cars Wallpapers And Backgrounds,AUTO_AND_VEHICLES,4.6,197,3.4,50000,Free,0.0,Everyone,Auto & Vehicles,"June 14, 2018",1.3,4.0 and up
76,"Police Lights, Sirens & Follow Me",AUTO_AND_VEHICLES,4.5,737,8.9,100000,Free,0.0,Everyone,Auto & Vehicles,"June 8, 2018",2.3.5.1,4.1 and up
77,Police Detector (Speed Camera Radar),AUTO_AND_VEHICLES,4.3,3574,3.9,1000000,Free,0.0,Everyone 10+,Auto & Vehicles,"July 4, 2018",1.6,4.0 and up
78,Best Car Wallpapers,AUTO_AND_VEHICLES,4.5,994,2.9,100000,Free,0.0,Everyone,Auto & Vehicles,"March 27, 2018",1.6,4.1 and up
79,Tickets + PDA 2018 Exam,AUTO_AND_VEHICLES,4.9,197136,38.0,1000000,Free,0.0,Everyone,Auto & Vehicles,"July 15, 2018",8.31,4.1 and up
80,Pick Your Part Garage,AUTO_AND_VEHICLES,3.9,142,32.0,50000,Free,0.0,Everyone,Auto & Vehicles,"July 24, 2018",1.1.5.0,6.0 and up
81,PakWheels: Buy & Sell Cars,AUTO_AND_VEHICLES,4.4,15168,37.0,1000000,Free,0.0,Everyone,Auto & Vehicles,"July 27, 2018",10.0.2,4.2 and up
82,Supervision service,AUTO_AND_VEHICLES,4.0,2155,15.0,500000,Free,0.0,Everyone,Auto & Vehicles,"July 30, 2018",1.10.3,5.0 and up
83,Speed Camera Detector - Traffic & Speed Alert,AUTO_AND_VEHICLES,4.3,138,5.4,100000,Free,0.0,Everyone,Auto & Vehicles,"July 23, 2018",1,4.0.3 and up
84,Used car search Goo net whole car Go to net,AUTO_AND_VEHICLES,3.7,5414,18.0,1000000,Free,0.0,Everyone,Auto & Vehicles,"July 23, 2018",3.20.1,4.4 and up
86,BEST CAR SOUNDS,AUTO_AND_VEHICLES,4.3,348,38.0,100000,Free,0.0,Everyone,Auto & Vehicles,"July 29, 2018",1.0.3,2.3 and up
87,RST - Sale of cars on the PCT,AUTO_AND_VEHICLES,3.2,250,1.1,100000,Free,0.0,Everyone,Auto & Vehicles,"April 27, 2018",1.4,4.0.3 and up
90,SMS Park,AUTO_AND_VEHICLES,4.5,3617,7.9,100000,Free,0.0,Everyone,Auto & Vehicles,"May 16, 2018",2.8.2,4.1 and up
91,SKencar,AUTO_AND_VEHICLES,3.7,4806,35.0,1000000,Free,0.0,Everyone,Auto & Vehicles,"July 31, 2018",4.0.3,4.0.3 and up
93,auto fines,AUTO_AND_VEHICLES,4.6,31433,17.0,1000000,Free,0.0,Everyone,Auto & Vehicles,"August 2, 2018",1.4,4.0.3 and up
94,"Used car is the first car - used car purchase, used car quotation, dealer information to",AUTO_AND_VEHICLES,4.6,5097,19.0,1000000,Free,0.0,Everyone,Auto & Vehicles,"July 23, 2018",1.5.18,4.0.3 and up
95,All of the parking lot - National Park application (parking lot search / parking sharing / discount payment),AUTO_AND_VEHICLES,4.0,1754,14.0,500000,Free,0.0,Everyone,Auto & Vehicles,"June 2, 2018",2.3.4,4.0 and up
96,Inquiry Fines and Debits of Vehicles,AUTO_AND_VEHICLES,4.4,2680,2.2,500000,Free,0.0,Everyone,Auto & Vehicles,"March 20, 2018",1.03,4.0.3 and up
97,Gas Station,AUTO_AND_VEHICLES,4.0,1288,4.5,100000,Free,0.0,Everyone,Auto & Vehicles,"April 21, 2018",2.17,4.0 and up
98,Hush - Beauty for Everyone,BEAUTY,4.7,18900,17.0,500000,Free,0.0,Everyone,Beauty,"August 2, 2018",6.10.1,5.0 and up
99,"ipsy: Makeup, Beauty, and Tips",BEAUTY,4.9,49790,14.0,1000000,Free,0.0,Everyone,Beauty,"November 9, 2017",2.3.0,4.1 and up
100,Natural recipes for your beauty,BEAUTY,4.7,1150,9.8,100000,Free,0.0,Everyone,Beauty,"May 15, 2018",4,4.1 and up
101,"BestCam Selfie-selfie, beauty camera, photo editor",BEAUTY,3.9,1739,21.0,500000,Free,0.0,Everyone,Beauty,"July 12, 2018",1.0.6,4.0.3 and up
103,Beauty Selfie Camera,BEAUTY,4.2,2225,52.0,500000,Free,0.0,Everyone,Beauty,"February 28, 2018",1.6,4.1 and up
104,Hairstyles step by step,BEAUTY,4.6,4369,14.0,100000,Free,0.0,Everyone,Beauty,"July 25, 2018",1.9,4.0.3 and up
105,Filters for Selfie,BEAUTY,4.3,8572,25.0,1000000,Free,0.0,Everyone,Beauty,"May 10, 2018",1.1.0,4.0 and up
106,Tie - Always be happy,BEAUTY,4.7,964,9.0,50000,Free,0.0,Everyone,Beauty,"June 21, 2018",4,4.2 and up
108,Prom MakeUp Tutorial,BEAUTY,4.8,104,12.0,10000,Free,0.0,Everyone,Beauty,"June 26, 2018",1.3,4.0.3 and up
110,Sweet Selfie Beauty Camera,BEAUTY,4.3,601,35.0,100000,Free,0.0,Everyone,Beauty,"June 2, 2018",2.0.0,4.0 and up
111,Colors of white in Urdu,BEAUTY,4.5,36,6.7,10000,Free,0.0,Everyone,Beauty,"July 26, 2018",6,4.0 and up
112,Selfie Camera Photo Editor & Filter & Sticker,BEAUTY,4.1,187,30.0,50000,Free,0.0,Teen,Beauty,"July 24, 2018",3.0.1,4.0.3 and up
113,Wrinkles and rejuvenation,BEAUTY,,182,5.7,100000,Free,0.0,Everyone 10+,Beauty,"September 20, 2017",8,3.0 and up
114,Eyes Makeup Beauty Tips,BEAUTY,4.2,30,2.9,10000,Free,0.0,Everyone,Beauty,"April 9, 2018",3.3.9,4.0.3 and up
115,Photo Editor 2018,BEAUTY,4.5,134,17.0,10000,Free,0.0,Everyone,Beauty,"March 1, 2018",1.2,4.0.3 and up
116,Step By Step Eyes Makeup Tutorial,BEAUTY,4.4,74,2.9,10000,Free,0.0,Everyone,Beauty,"April 5, 2018",2.3.09,4.0.3 and up
119,Mirror Camera (Mirror + Selfie Camera),BEAUTY,4.1,9315,2.6,1000000,Free,0.0,Everyone,Beauty,"November 21, 2017",1.4.2,4.0 and up
120,Beauty Tips - Beauty Tips in Sinhala,BEAUTY,4.4,75,4.2,50000,Free,0.0,Everyone,Beauty,"October 18, 2017",1.0.0,4.0.3 and up
121,Haircut Tutorials/Haircut Videos,BEAUTY,4.6,38,7.1,10000,Free,0.0,Everyone,Beauty,"May 29, 2018",1,4.0 and up
123,Manicure - nail design,BEAUTY,,119,3.7,50000,Free,0.0,Everyone,Beauty,"July 23, 2018",1.3,4.1 and up
124,"Sticker Camera - Selfie Filters, Beauty Camera",BEAUTY,3.9,2277,22.0,500000,Free,0.0,Everyone,Beauty,"July 12, 2018",1.1.0,4.0.3 and up
125,Filters for B Live,BEAUTY,4.4,2280,24.0,500000,Free,0.0,Everyone,Beauty,"May 14, 2018",1.1.0,4.0 and up
126,Skin Care and Natural Beauty,BEAUTY,,654,7.4,100000,Free,0.0,Teen,Beauty,"July 17, 2018",1.15,4.1 and up
127,Facial Wrinkle Reduction,BEAUTY,4.6,184,21.0,10000,Free,0.0,Everyone,Beauty,"July 2, 2018",1.5,4.1 and up
128,Makeup Videos,BEAUTY,3.8,9,3.4,5000,Free,0.0,Everyone,Beauty,"June 7, 2018",1,4.0 and up
129,"Secrets of beauty, youth and health",BEAUTY,,77,2.9,10000,Free,0.0,Mature 17+,Beauty,"August 8, 2017",2,2.3 and up
130,Recipes and tips for losing weight,BEAUTY,,35,3.1,10000,Free,0.0,Everyone 10+,Beauty,"December 11, 2017",2,3.0 and up
131,Discover Color,BEAUTY,4.0,364,6.4,100000,Free,0.0,Everyone,Beauty,"May 24, 2018",1.1,4.0.3 and up
132,Eyeliner step by step 2018,BEAUTY,4.3,18,3.2,5000,Free,0.0,Everyone,Beauty,"June 1, 2018",1.2.13,4.0.3 and up
133,Dresses Ideas & Fashions +3000,BEAUTY,4.5,473,8.2,100000,Free,0.0,Mature 17+,Beauty,"March 1, 2017",1.0.2.0,1.6 and up
134,"Lady adviser (beauty, health)",BEAUTY,,30,9.9,10000,Free,0.0,Mature 17+,Beauty,"January 24, 2018",3,3.0 and up
135,Step By Step Hairstyles For Women,BEAUTY,4.1,66,2.9,10000,Free,0.0,Everyone,Beauty,"April 5, 2018",3.1.89,4.0.3 and up
136,Rainbow Camera,BEAUTY,3.7,3871,23.0,1000000,Free,0.0,Everyone,Beauty,"July 30, 2018",2.2.0,4.0 and up
137,Methods of teeth whitening,BEAUTY,4.7,257,4.6,50000,Free,0.0,Everyone,Beauty,"August 7, 2017",1,4.0.3 and up
138,Girls hairstyles 2018,BEAUTY,4.2,62,3.1,10000,Free,0.0,Everyone,Beauty,"May 28, 2018",1.9.2,4.0.3 and up
140,E-Book Read - Read Book for free,BOOKS_AND_REFERENCE,4.5,1857,4.9,50000,Free,0.0,Everyone,Books & Reference,"August 3, 2018",1.3.2,4.4 and up
141,Download free book with green book,BOOKS_AND_REFERENCE,4.6,4478,9.5,100000,Free,0.0,Everyone 10+,Books & Reference,"July 31, 2017",1.1,4.0 and up
147,Free Panda Radio Music,BOOKS_AND_REFERENCE,4.5,418,4.2,100000,Free,0.0,Everyone,Books & Reference,"March 27, 2018",2.1,4.1 and up
148,Book store,BOOKS_AND_REFERENCE,4.4,22486,5.4,1000000,Free,0.0,Teen,Books & Reference,"June 6, 2018",3.2.1,4.0 and up
150,English Grammar Complete Handbook,BOOKS_AND_REFERENCE,4.6,1435,2.8,500000,Free,0.0,Everyone,Books & Reference,"January 21, 2018",1,4.0 and up
151,Free Books - Spirit Fanfiction and Stories,BOOKS_AND_REFERENCE,4.8,116507,5.0,1000000,Free,0.0,Teen,Books & Reference,"August 1, 2018",2.0.075,4.0.3 and up
154,Offline English Dictionary,BOOKS_AND_REFERENCE,4.2,860,13.0,100000,Free,0.0,Everyone,Books & Reference,"July 17, 2018",1,4.0.3 and up
156,Offline: English to Tagalog Dictionary,BOOKS_AND_REFERENCE,4.7,967,6.7,500000,Free,0.0,Everyone,Books & Reference,"August 4, 2018",1.1.6,4.0.3 and up
158,FamilySearch Tree,BOOKS_AND_REFERENCE,4.3,17506,17.0,1000000,Free,0.0,Everyone,Books & Reference,"July 20, 2018",2.3.18,4.1 and up
159,Cloud of Books,BOOKS_AND_REFERENCE,3.3,1862,19.0,1000000,Free,0.0,Everyone,Books & Reference,"April 27, 2018",2.2.5,4.1 and up
160,Recipes of Prophetic Medicine for free,BOOKS_AND_REFERENCE,4.6,2084,6.7,500000,Free,0.0,Everyone,Books & Reference,"May 17, 2018",15,2.3 and up
161,ReadEra – free ebook reader,BOOKS_AND_REFERENCE,4.8,47303,21.0,1000000,Free,0.0,Everyone,Books & Reference,"June 2, 2018",18.05.31+530,4.1 and up
163,Anonymous caller detection,BOOKS_AND_REFERENCE,,161,2.7,10000,Free,0.0,Everyone,Books & Reference,"July 13, 2018",1,2.3 and up
165,Litnet - E-books,BOOKS_AND_REFERENCE,4.6,7831,15.0,100000,Free,0.0,Teen,Books & Reference,"July 4, 2018",1.2.3,4.0 and up
167,English to Urdu Dictionary,BOOKS_AND_REFERENCE,4.6,4620,19.0,500000,Free,0.0,Everyone,Books & Reference,"November 23, 2017",2,4.0.3 and up
168,eBoox: book reader fb2 epub zip,BOOKS_AND_REFERENCE,4.7,21336,23.0,1000000,Free,0.0,Everyone,Books & Reference,"June 20, 2018",1.28,3.0 and up
170,Flybook,BOOKS_AND_REFERENCE,3.9,1778,4.9,500000,Free,0.0,Mature 17+,Books & Reference,"October 16, 2014",1.0.3,2.1 and up
171,All Maths Formulas,BOOKS_AND_REFERENCE,4.4,2709,6.8,1000000,Free,0.0,Everyone,Books & Reference,"July 11, 2018",1.9,4.4 and up
174,English translation from Bengali,BOOKS_AND_REFERENCE,4.5,527,2.9,100000,Free,0.0,Everyone,Books & Reference,"March 31, 2018",14,4.0 and up
175,Pdf Book Download - Read Pdf Book,BOOKS_AND_REFERENCE,4.4,1322,3.5,100000,Free,0.0,Everyone,Books & Reference,"May 28, 2018",6,4.0.3 and up
176,Free Book Reader,BOOKS_AND_REFERENCE,3.4,1680,4.0,100000,Free,0.0,Everyone,Books & Reference,"August 20, 2016",3.05,4.0.3 and up
177,eBoox new: Reader for fb2 epub zip books,BOOKS_AND_REFERENCE,4.9,2739,21.0,50000,Free,0.0,Everyone,Books & Reference,"July 17, 2018",2,3.0 and up
178,"Only 30 days in English, the guideline is guaranteed",BOOKS_AND_REFERENCE,4.6,1065,2.3,500000,Free,0.0,Everyone,Books & Reference,"June 16, 2018",1.5,3.0 and up
180,SH-02J Owner's Manual (Android 8.0),BOOKS_AND_REFERENCE,,2,7.2,50000,Free,0.0,Everyone,Books & Reference,"June 15, 2018",3,6.0 and up
181,English-Myanmar Dictionary,BOOKS_AND_REFERENCE,4.4,8788,10.0,1000000,Free,0.0,Everyone,Books & Reference,"July 28, 2018",2.5.3,4.0 and up
182,Golden Dictionary (EN-AR),BOOKS_AND_REFERENCE,4.4,51269,6.1,1000000,Free,0.0,Everyone,Books & Reference,"July 19, 2018",7.0.4.6,4.2 and up
183,All Language Translator Free,BOOKS_AND_REFERENCE,4.4,30105,2.1,1000000,Free,0.0,Everyone,Books & Reference,"July 29, 2018",1.15,4.0.3 and up
184,Azpen eReader,BOOKS_AND_REFERENCE,3.5,156,42.0,500000,Free,0.0,Everyone,Books & Reference,"February 15, 2018",3.1.7.9,2.2 and up
185,URBANO V 02 instruction manual,BOOKS_AND_REFERENCE,,114,7.3,100000,Free,0.0,Everyone,Books & Reference,"August 7, 2015",1.1,5.1 and up
195,USPS MOBILE®,BUSINESS,3.9,16589,9.1,1000000,Free,0.0,Everyone,Business,"June 14, 2018",4.9.10,4.0.3 and up
196,Job Search by ZipRecruiter,BUSINESS,4.8,148945,25.0,1000000,Free,0.0,Everyone,Business,"July 19, 2018",5.2.8,5.0 and up
197,Curriculum vitae App CV Builder Free Resume Maker,BUSINESS,4.5,4458,3.9,500000,Free,0.0,Everyone,Business,"July 8, 2018",3.3,4.1 and up
200,SuperLivePro,BUSINESS,4.3,46353,21.0,1000000,Free,0.0,Everyone,Business,"April 13, 2016",2.8,1.5 and up
209,Plugin:AOT v5.0,BUSINESS,3.1,4034,0.0,100000,Free,0.0,Everyone,Business,"September 11, 2015",3.0.1.11 (Build 311),2.2 and up
210,Kariyer.net,BUSINESS,3.9,45964,16.0,1000000,Free,0.0,Everyone,Business,"July 18, 2018",5.1.5,4.1 and up
212,Become a Job - Find a job or advertise,BUSINESS,4.1,6903,14.0,1000000,Free,0.0,Everyone,Business,"July 10, 2018",2.3.6,4.1 and up
217,ViettelPost express delivery,BUSINESS,4.4,1225,25.0,100000,Free,0.0,Everyone,Business,"August 1, 2018",1.0.6.8,4.1 and up
219,Job Korea - Career Jobs,BUSINESS,4.3,10600,6.5,1000000,Free,0.0,Everyone,Business,"August 1, 2018",2.5.6,4.0 and up
220,"104 Looking for a job - looking for a job, looking for a job, looking for a part-time job, health checkup, resume, treatment room",BUSINESS,4.4,74359,25.0,1000000,Free,0.0,Everyone,Business,"July 27, 2018",1.12.5,4.0 and up
221,Myanmar 2D/3D,BUSINESS,4.6,822,3.1,100000,Free,0.0,Everyone,Business,"June 8, 2018",1.5,4.0.3 and up
223,sABN,BUSINESS,4.4,2287,1.5,1000000,Free,0.0,Everyone,Business,"March 26, 2018",4.9,2.2 and up
224,ATI Cargoes and Transportation,BUSINESS,4.7,4162,7.5,100000,Free,0.0,Everyone,Business,"July 24, 2018",0.9.4,4.0.3 and up
227,Y! Mobile menu,BUSINESS,,9,1.2,100000,Free,0.0,Everyone,Business,"April 9, 2018",1.0.5,6.0 and up
233,Mobile Doc Scanner (MDScan) Lite,BUSINESS,4.2,46505,19.0,1000000,Free,0.0,Everyone,Business,"August 2, 2018",3.4.49,4.1 and up
237,Zenefits,BUSINESS,4.2,296,14.0,50000,Free,0.0,Everyone,Business,"June 15, 2018",3.2.1,4.1 and up
241,FreshBooks Classic,BUSINESS,4.1,1802,26.0,100000,Free,0.0,Everyone,Business,"April 18, 2018",1.7.14,4.2 and up
242,Insightly CRM,BUSINESS,3.8,1383,51.0,100000,Free,0.0,Everyone,Business,"July 12, 2018",3.24.1,5.0 and up
243,QuickBooks Accounting: Invoicing & Expenses,BUSINESS,4.3,23175,41.0,1000000,Free,0.0,Everyone,Business,"July 13, 2018",18.7,4.1 and up
244,HipChat - Chat Built for Teams,BUSINESS,3.8,5868,20.0,500000,Free,0.0,Everyone,Business,"July 3, 2018",3.19.005,4.1 and up
246,"MailChimp - Email, Marketing Automation",BUSINESS,4.1,5448,12.0,500000,Free,0.0,Everyone,Business,"July 25, 2018",4.9.1,5.0 and up
247,Crew - Free Messaging and Scheduling,BUSINESS,4.6,4159,48.0,500000,Free,0.0,Everyone,Business,"July 20, 2018",6.1.2,4.0.3 and up
248,Asana: organize team projects,BUSINESS,4.3,20815,10.0,1000000,Free,0.0,Everyone,Business,"July 26, 2018",6.4.4,5.0 and up
249,Google Analytics,BUSINESS,4.5,78662,22.0,1000000,Free,0.0,Everyone,Business,"February 13, 2018",3.7.5,4.4 and up
250,AdWords Express,BUSINESS,4.1,7149,11.0,1000000,Free,0.0,Everyone,Business,"July 31, 2018",2.6.158,4.0 and up
251,Accounting App - Zoho Books,BUSINESS,4.5,3079,8.5,100000,Free,0.0,Everyone,Business,"August 2, 2018",5.20.7,4.1 and up
252,Invoice & Time Tracking - Zoho,BUSINESS,4.6,5800,8.6,100000,Free,0.0,Everyone,Business,"August 2, 2018",5.20.7,4.1 and up
254,Invoice 2go — Professional Invoices and Estimates,BUSINESS,4.2,16422,28.0,1000000,Free,0.0,Everyone,Business,"August 1, 2018",10.46.2,4.1 and up
257,ScreenMeet. Easy Phone Meeting,BUSINESS,4.0,624,9.0,100000,Free,0.0,Everyone,Business,"March 22, 2018",1.2.287,5.0 and up
258,Cisco Webex Teams,BUSINESS,4.2,1661,46.0,100000,Free,0.0,Everyone,Business,"August 2, 2018",3.0.4651,4.4 and up
260,Start Meeting,BUSINESS,4.1,308,14.0,50000,Free,0.0,Everyone,Business,"May 29, 2018",3.1.4.0,4.0.3 and up
262,ClickMeeting Webinars,BUSINESS,3.8,5211,26.0,1000000,Free,0.0,Everyone,Business,"July 30, 2018",3.3.0,4.0 and up
263,BlueJeans for Android,BUSINESS,3.9,1058,23.0,500000,Free,0.0,Everyone,Business,"June 29, 2018",2.22.397,5.0 and up
295,Verify - Receipts & Expenses,BUSINESS,4.5,413,29.0,10000,Free,0.0,Everyone,Business,"July 25, 2018",2.0.19,5.0 and up
298,Manga Master - Best manga & comic reader,COMICS,4.6,24005,4.9,500000,Free,0.0,Adults only 18+,Comics,"July 4, 2018",1.1.7.0,4.1 and up
299,GANMA! - All original stories free of charge for all original comics,COMICS,4.7,57106,27.0,1000000,Free,0.0,Teen,Comics,"July 23, 2018",2.11.3,4.1 and up
300,Röhrich Werner Soundboard,COMICS,4.7,2249,32.0,500000,Free,0.0,Everyone,Comics,"November 16, 2017",1.08,4.0.3 and up
301,Unicorn Pokez - Color By Number,COMICS,4.8,516,12.0,50000,Free,0.0,Everyone,Comics;Creativity,"August 3, 2018",1.0.6,4.4 and up
302,MangaToon - Comics updated Daily,COMICS,3.9,834,15.0,50000,Free,0.0,Mature 17+,Comics,"August 1, 2018",1.0.8,4.1 and up
303,Manga Net – Best Online Manga Reader,COMICS,4.1,1010,11.0,50000,Free,0.0,Mature 17+,Comics,"July 7, 2018",1.5,4.1 and up
304,Manga Rock - Best Manga Reader,COMICS,4.4,238970,28.0,1000000,Free,0.0,Teen,Comics,"July 9, 2018",3.4.3_world,5.0 and up
305,Manga - read Thai translation,COMICS,4.6,302,2.2,10000,Free,0.0,Teen,Comics,"July 3, 2018",1,4.0 and up
306,The Vietnam Story - Fun Stories,COMICS,4.5,438,3.4,10000,Free,0.0,Everyone,Comics,"December 27, 2017",1,2.3 and up
307,Dragon Ball Wallpaper - Ringtones,COMICS,4.7,73,8.3,10000,Free,0.0,Everyone,Comics,"July 23, 2018",1.9,4.0.3 and up
308,Funny Jokes Photos,COMICS,4.4,39,4.3,10000,Free,0.0,Everyone 10+,Comics,"July 3, 2018",1.1,4.2 and up
309,Truyện Vui Tý Quậy,COMICS,4.5,144,4.7,10000,Free,0.0,Everyone,Comics,"July 19, 2018",3,4.0.3 and up
310,Comic Es - Shojo manga / love comics free of charge ♪ ♪,COMICS,3.9,2181,10.0,100000,Free,0.0,Teen,Comics,"March 5, 2018",1.2.12,4.0.3 and up
312,Daily Manga - Comic & Webtoon,COMICS,3.2,1446,7.1,100000,Free,0.0,Mature 17+,Comics,"May 18, 2018",1,4.0.3 and up
313,"漫咖 Comics - Manga,Novel and Stories",COMICS,4.1,12088,21.0,1000000,Free,0.0,Mature 17+,Comics,"July 6, 2018",2.3.1,4.0.3 and up
314,Emmanuella Funny Videos 2018,COMICS,4.5,314,6.1,100000,Free,0.0,Everyone,Comics,"May 23, 2018",3.1.0,4.1 and up
316,Manga Zero - Japanese cartoon and comic reader,COMICS,4.2,15194,15.0,1000000,Free,0.0,Teen,Comics,"July 19, 2018",4.7.3,4.2 and up
317,Marvel Unlimited,COMICS,3.7,22551,11.0,1000000,Free,0.0,Teen,Comics,"July 24, 2018",3.16.0,4.4 and up
318,"Tapas – Comics, Novels, and Stories",COMICS,4.5,29839,29.0,1000000,Free,0.0,Teen,Comics,"July 31, 2018",4.1.0,4.4 and up
319,Children's cartoons (Mithu-Mina-Raju),COMICS,4.6,279,3.3,100000,Free,0.0,Everyone,Comics,"December 18, 2017",1.6,4.0 and up
321,【Ranobbe complete free】 Novelba - Free app that you can read and write novels,COMICS,,1330,22.0,50000,Free,0.0,Everyone,Comics,"July 3, 2018",6.1.1,4.2 and up
322,Faustop Sounds,COMICS,4.7,1677,40.0,100000,Free,0.0,Everyone,Comics,"May 26, 2018",1.7.7,4.1 and up
323,Manga Mania - Best online manga reader,COMICS,4.4,757,10.0,10000,Free,0.0,Teen,Comics,"May 24, 2018",1,4.1 and up
324,- Free Comics - Comic Apps,COMICS,3.5,115,9.1,10000,Free,0.0,Mature 17+,Comics,"July 13, 2018",5.0.12,5.0 and up
325,Manga AZ - Manga Comic Reader,COMICS,3.3,125,4.7,5000,Free,0.0,Teen,Comics,"July 24, 2018",1.0.4,4.0.3 and up
326,Buff Thun - Daily Free Webtoon / Comics / Web Fiction / Mini Game,COMICS,4.5,9952,38.0,500000,Free,0.0,Everyone 10+,Comics,"July 31, 2018",4.3.0,4.1 and up
328,Funny Jokes and Stories 2018,COMICS,4.2,21,6.7,5000,Free,0.0,Everyone,Comics,"March 31, 2018",1.3,4.0 and up
329,Hojiboy Tojiboyev Life Hacks,COMICS,5.0,15,37.0,1000,Free,0.0,Everyone,Comics,"June 26, 2018",2,4.0.3 and up
331,"Best Wallpapers Backgrounds(100,000+ 4K HD)",COMICS,4.7,3596,7.8,10000,Free,0.0,Teen,Comics,"June 16, 2018",1.01,4.0.3 and up
332,think Comics,COMICS,4.4,1006,19.0,50000,Free,0.0,Everyone,Comics,"August 3, 2018",2.3.3,4.0.3 and up
333,Memes Button,COMICS,4.4,5968,5.7,1000000,Free,0.0,Everyone,Comics,"May 28, 2018",1.4,4.0 and up
334,"Laftel - Watching and Announcing Snooping, Streaming",COMICS,4.6,4895,35.0,100000,Free,0.0,Everyone,Comics,"August 2, 2018",2.4.25,4.4 and up
357,TracFone My Account,COMMUNICATION,3.6,20769,18.0,1000000,Free,0.0,Everyone,Communication,"July 11, 2018",R6.0.3,4.1 and up
358,Firefox Focus: The privacy browser,COMMUNICATION,4.4,36880,4.0,1000000,Free,0.0,Everyone,Communication,"July 6, 2018",5.2,5.0 and up
368,My magenta,COMMUNICATION,3.9,42370,37.0,1000000,Free,0.0,Everyone,Communication,"June 25, 2018",7.5.1,5.0 and up
374,Antillean Gold Telegram (original version),COMMUNICATION,4.4,2939,17.0,100000,Free,0.0,Everyone,Communication,"July 16, 2018",2.1,4.1 and up
397,"Messaging+ SMS, MMS Free",COMMUNICATION,4.1,28238,17.0,1000000,Free,0.0,Everyone,Communication,"August 2, 2018",4.98,2.3 and up
405,mysms SMS Text Messaging Sync,COMMUNICATION,4.3,37320,8.4,1000000,Free,0.0,Everyone,Communication,"July 30, 2018",6.5.1,4.0.3 and up
409,2ndLine - Second Phone Number,COMMUNICATION,4.2,15880,32.0,1000000,Free,0.0,Everyone,Communication,"August 3, 2018",5.65.0,4.0 and up
416,Ninesky Browser,COMMUNICATION,4.2,42925,2.8,1000000,Free,0.0,Everyone,Communication,"August 27, 2017",6.1,2.3 and up
421,Ghostery Privacy Browser,COMMUNICATION,4.1,13100,2.2,1000000,Free,0.0,Everyone,Communication,"March 20, 2018",1.4.1.0,4.0.3 and up
423,Web Browser for Android,COMMUNICATION,4.1,55098,4.3,1000000,Free,0.0,Everyone,Communication,"June 20, 2018",2.2,4.0 and up
425,Lightning Web Browser,COMMUNICATION,4.1,12578,2.3,500000,Free,0.0,Everyone,Communication,"July 10, 2017",4.5.1,4.0 and up
426,Web Browser,COMMUNICATION,4.2,10965,2.3,500000,Free,0.0,Everyone,Communication,"February 2, 2015",2,3.0 and up
432,PHONE for Google Voice & GTalk,COMMUNICATION,4.3,72065,13.0,1000000,Free,0.0,Everyone,Communication,"April 18, 2018",3.0.7,4.0 and up
433,Safest Call Blocker,COMMUNICATION,4.4,27540,3.7,1000000,Free,0.0,Everyone,Communication,"January 5, 2018",1.26.001,4.0 and up
438,Should I Answer?,COMMUNICATION,4.8,237468,8.8,1000000,Free,0.0,Everyone,Communication,"July 26, 2018",2018.1.715,4.0 and up
439,RocketDial Dialer & Contacts,COMMUNICATION,4.4,32254,5.5,1000000,Free,0.0,Everyone,Communication,"December 4, 2017",3.9.7,2.1 and up
446,Video Caller Id,COMMUNICATION,4.2,15287,17.0,1000000,Free,0.0,Everyone,Communication,"January 24, 2018",2.2.245,4.0.3 and up
450,Caller ID +,COMMUNICATION,4.0,9498,0.1,1000000,Free,0.0,Everyone,Communication,"June 7, 2016",5.28.0,2.3 and up
455,Email TypeApp - Mail App,COMMUNICATION,4.6,183374,44.0,1000000,Free,0.0,Everyone,Communication,"August 1, 2018",1.9.4.74,4.1 and up
456,All Email Providers,COMMUNICATION,4.1,20901,7.3,1000000,Free,0.0,Everyone,Communication,"April 3, 2018",5.0.9,4.1 and up
457,"Newton Mail - Email App for Gmail, Outlook, IMAP",COMMUNICATION,4.0,122595,30.0,1000000,Free,0.0,Everyone,Communication,"July 19, 2018",9.8.376,5.0 and up
460,Mail1Click - Secure Mail,COMMUNICATION,4.1,255,1.6,10000,Free,0.0,Everyone,Communication,"April 11, 2017",2.3,2.2 and up
470,Vonage Mobile® Call Video Text,COMMUNICATION,4.1,29208,23.0,1000000,Free,0.0,Everyone,Communication,"September 28, 2016",2.9.8,2.3.3 and up
485,"Hily: Dating, Chat, Match, Meet & Hook up",DATING,4.1,2556,56.0,100000,Free,0.0,Mature 17+,Dating,"August 1, 2018",2.5.2,4.1 and up
486,Hinge: Dating & Relationships,DATING,4.2,7779,12.0,500000,Free,0.0,Mature 17+,Dating,"August 3, 2018",6.1.3,5.0 and up
488,BBW Dating & Plus Size Chat,DATING,4.4,12632,29.0,1000000,Free,0.0,Mature 17+,Dating,"July 27, 2018",3.5.0.1,4.1 and up
490,CMB Free Dating App,DATING,4.0,48845,40.0,1000000,Free,0.0,Mature 17+,Dating,"August 1, 2018",4.19.0.2320,4.4 and up
494,"Chispa, the Dating App for Latino, Latina Singles",DATING,4.2,4195,24.0,100000,Free,0.0,Mature 17+,Dating,"July 25, 2018",1.6.1,4.4 and up
495,Clover Dating App,DATING,4.1,11633,23.0,500000,Free,0.0,Mature 17+,Dating,"July 24, 2018",2.5.1,4.1 and up
496,Black People Meet Singles Date,DATING,3.9,10212,5.0,1000000,Free,0.0,Mature 17+,Dating,"July 25, 2018",1.9.7,4.4 and up
497,Mingle2 - Free Online Dating & Singles Chat Rooms,DATING,4.3,37053,44.0,1000000,Free,0.0,Mature 17+,Dating,"August 3, 2018",4.4B,4.1 and up
498,Free Dating App & Flirt Chat - Cheers,DATING,4.4,667,27.0,10000,Free,0.0,Mature 17+,Dating,"August 3, 2018",1.308.us,4.1 and up
499,stranger chat - anonymous chat,DATING,3.5,13202,6.1,1000000,Free,0.0,Mature 17+,Dating,"July 7, 2018",2.4.1,4.1 and up
501,Free Dating Hook Up Messenger,DATING,3.3,1157,21.0,100000,Free,0.0,Mature 17+,Dating,"January 27, 2017",5.0.1,4.2 and up
503,Once - Quality Matches Every day,DATING,4.4,222888,21.0,1000000,Free,0.0,Mature 17+,Dating,"July 17, 2018",2.45,4.1 and up
504,BLK - Swipe. Match. Chat.,DATING,4.1,2067,24.0,100000,Free,0.0,Mature 17+,Dating,"July 25, 2018",1.6.1,4.4 and up
505,Cougar Dating Life : Date Older Women Sugar Mummy,DATING,3.9,1643,31.0,500000,Free,0.0,Mature 17+,Dating,"July 3, 2018",4.5.5,4.1 and up
506,Howlr,DATING,3.9,105,27.0,5000,Free,0.0,Mature 17+,Dating,"June 19, 2018",1.0.4,4.4 and up
507,Stranger Chat & Date,DATING,3.6,3414,6.2,500000,Free,0.0,Mature 17+,Dating,"June 6, 2018",1.2.1,4.1 and up
509,RandoChat - Chat roulette,DATING,3.6,11806,12.0,1000000,Free,0.0,Mature 17+,Dating,"June 26, 2018",4.0.18,4.0.3 and up
510,BeWild Free Dating & Chat App,DATING,3.4,1999,8.0,100000,Free,0.0,Mature 17+,Dating,"February 3, 2017",1.6.5,4.2 and up
511,"FastMeet: Chat, Dating, Love",DATING,4.2,22544,5.9,1000000,Free,0.0,Mature 17+,Dating,"July 27, 2018",1.31.4,4.0.3 and up
512,"Free Dating App - YoCutie - Flirt, Chat & Meet",DATING,4.1,97684,7.9,1000000,Free,0.0,Mature 17+,Dating,"July 10, 2018",1.23,4.0.3 and up
513,OurTime Dating for Singles 50+,DATING,3.4,2519,5.0,100000,Free,0.0,Mature 17+,Dating,"July 25, 2018",1.9.7,4.4 and up
514,FarmersOnly Dating,DATING,3.0,1146,1.4,100000,Free,0.0,Mature 17+,Dating,"February 25, 2016",2.2,4.0 and up
515,Dating for 50 plus Mature Singles – FINALLY,DATING,4.6,13046,13.0,500000,Free,0.0,Mature 17+,Dating,"July 31, 2018",4.17.2,4.1 and up
516,Sudy – Meet Elite & Rich Single,DATING,4.1,17268,40.0,500000,Free,0.0,Mature 17+,Dating,"June 25, 2018",4.1.2,4.0.3 and up
517,Christian Dating For Free App,DATING,3.9,8722,13.0,500000,Free,0.0,Mature 17+,Dating,"June 20, 2018",15.8,4.1 and up
518,Just She - Top Lesbian Dating,DATING,1.9,953,19.0,100000,Free,0.0,Mature 17+,Dating,"July 18, 2018",6.3.7,5.0 and up
519,Single Parent Meet #1 Dating,DATING,3.5,2593,5.0,500000,Free,0.0,Mature 17+,Dating,"July 25, 2018",1.9.7,4.4 and up
520,EliteSingles – Dating for Single Professionals,DATING,2.5,5377,19.0,500000,Free,0.0,Mature 17+,Dating,"July 31, 2018",4.8.5,4.0.3 and up
521,Millionaire Match: Rich Singles Dating App,DATING,3.9,852,27.0,100000,Free,0.0,Mature 17+,Dating,"July 30, 2018",6.4.6,4.1 and up
522,InterracialCupid - Interracial Dating App,DATING,3.4,212,3.0,50000,Free,0.0,Mature 17+,Dating,"June 13, 2018",2.3.0.1781,5.0 and up
523,Sugar Mommas Dating And Single Search,DATING,3.5,1972,13.0,1000000,Free,0.0,Mature 17+,Dating,"May 12, 2018",4.3,4.1 and up
524,"Hide App, Private Dating, Safe Chat - PrivacyHider",DATING,4.4,35206,7.2,1000000,Free,0.0,Everyone,Dating,"May 21, 2018",2.9.6,4.0 and up
525,"muzmatch: Muslim & Arab Singles, Marriage & Dating",DATING,3.8,5164,25.0,100000,Free,0.0,Mature 17+,Dating,"July 24, 2018",3.8.75a,4.0.3 and up
527,Sugar Daddy Dating App,DATING,2.5,277,5.7,100000,Free,0.0,Mature 17+,Dating,"December 4, 2017",3.0.0,4.1 and up
528,Adult Dirty Emojis,DATING,2.8,80,5.5,10000,Free,0.0,Teen,Dating,"November 6, 2017",1,4.0.3 and up
530,"Meet4U - Chat, Love, Singles!",DATING,4.2,40035,6.5,1000000,Free,0.0,Mature 17+,Dating,"July 27, 2018",1.31.3,4.0.3 and up
531,SnpCupid Dating,DATING,3.5,1093,5.8,100000,Free,0.0,Mature 17+,Dating,"January 28, 2017",1.6.6,4.2 and up
533,Adult Dating - AdultFinder,DATING,3.3,1601,3.8,500000,Free,0.0,Mature 17+,Dating,"February 1, 2017",1.5,4.1 and up
534,Gay Sugar Daddy Dating & Hookup – Sudy Gay,DATING,4.1,2212,41.0,100000,Free,0.0,Mature 17+,Dating,"June 20, 2018",2.0.5,4.0.3 and up
535,"Meet24 - Love, Chat, Singles",DATING,4.2,57081,7.9,1000000,Free,0.0,Mature 17+,Dating,"July 27, 2018",1.31.3,4.0.3 and up
536,BBWCupid - BBW Dating App,DATING,3.5,241,2.8,50000,Free,0.0,Mature 17+,Dating,"June 1, 2018",2.2.0.1748,5.0 and up
538,"TryDate - Free Online Dating App, Chat Meet Adults",DATING,4.4,7888,15.0,500000,Free,0.0,Mature 17+,Dating,"April 29, 2018",2.4.0,4.1 and up
539,Black White Interracial Dating - Interracial Match,DATING,4.1,535,28.0,100000,Free,0.0,Mature 17+,Dating,"March 29, 2018",2.0.0,4.1 and up
540,"USA Singles Meet, Match and Date Free - Date",DATING,4.2,5084,9.6,100000,Free,0.0,Mature 17+,Dating,"August 3, 2018",1.55,4.1 and up
541,FlirtChat - ♥Free Dating/Flirting App♥,DATING,4.3,2430,13.0,500000,Free,0.0,Mature 17+,Dating,"July 26, 2018",12.0.4,4.1 and up
546,The League,DATING,3.0,837,9.4,100000,Free,0.0,Mature 17+,Dating,"July 16, 2018",1.15.0,4.4 and up
552,"Herpes Dating: 1,000K+ Singles",DATING,4.0,738,27.0,10000,Free,0.0,Mature 17+,Dating,"August 1, 2018",6.4.1,4.1 and up
555,Heart mill,DATING,3.3,4631,45.0,100000,Free,0.0,Mature 17+,Dating,"August 4, 2018",5.2.14,5.0 and up
559,95Live -SG#1 Live Streaming App,DATING,4.1,4953,15.0,1000000,Free,0.0,Teen,Dating,"August 1, 2018",8.7.2,4.2 and up
563,Mutual - LDS Dating,DATING,3.7,1439,38.0,50000,Free,0.0,Mature 17+,Dating,"July 30, 2018",1.1.46,4.2 and up
567,2RedBeans,DATING,4.0,337,32.0,10000,Free,0.0,Mature 17+,Dating,"July 31, 2018",2.8.0,4.3 and up
570,"BiggerCity: Chat for gay bears, chubs & chasers",DATING,4.1,923,44.0,100000,Free,0.0,Mature 17+,Dating,"August 2, 2018",3.4.1.1,4.1 and up
572,SilverSingles: The 50+ Dating App,DATING,3.3,149,16.0,10000,Free,0.0,Mature 17+,Dating,"July 31, 2018",4.8.5,4.0.3 and up
573,Herpes Positive Singles Dating,DATING,4.4,198,28.0,10000,Free,0.0,Mature 17+,Dating,"May 18, 2018",5.5.7,4.1 and up
577,Glam - Premium Dating App,DATING,4.3,23170,9.0,500000,Free,0.0,Mature 17+,Dating,"July 25, 2018",1.5.4.0,4.1 and up
578,"iDates - Chats, Flirts, Dating, Love & Relations",DATING,3.4,13890,20.0,500000,Free,0.0,Mature 17+,Dating,"June 19, 2018",4.9.2 (Oasis),4.2 and up
581,JustDating,DATING,4.0,13440,49.0,500000,Free,0.0,Mature 17+,Dating,"August 3, 2018",3.10.5,4.0.3 and up
582,Interracial Match Dating App,DATING,3.6,143,27.0,10000,Free,0.0,Mature 17+,Dating,"July 23, 2018",2.2.7,4.1 and up
583,Russian Dating & Chat for Russian speaking RusDate,DATING,4.2,1059,18.0,100000,Free,0.0,Mature 17+,Dating,"July 26, 2018",1.17,4.2 and up
584,Sky People (SPI): A secure blind date through authentication by Seoul National University,DATING,3.5,894,14.0,100000,Free,0.0,Mature 17+,Dating,"July 17, 2018",3.1.3,4.1 and up
585,Sweet mi - unlimited hunnam hunting blind date,DATING,4.0,6191,27.0,500000,Free,0.0,Mature 17+,Dating,"July 12, 2018",0.0.73,4.1 and up
587,Mingle - Online Dating App to Chat & Meet People,DATING,4.1,15081,38.0,1000000,Free,0.0,Mature 17+,Dating,"July 26, 2018",4.7.6,4.1 and up
589,BBW Dating & Curvy Singles Chat- LargeFriends,DATING,4.4,218,27.0,10000,Free,0.0,Mature 17+,Dating,"July 23, 2018",5.2.9,4.1 and up
592,A hundred,DATING,4.1,236,8.8,10000,Free,0.0,Mature 17+,Dating,"March 29, 2018",3.9.2,4.0.3 and up
593,JustSayHi- Dating App. Chat & Meet Singles Nearby,DATING,4.2,5152,38.0,100000,Free,0.0,Mature 17+,Dating,"July 26, 2018",3.6.3,4.1 and up
595,WannaMeet – Dating & Chat App,DATING,4.1,6701,11.0,1000000,Free,0.0,Mature 17+,Dating,"June 29, 2018",5.16.2,4.0.3 and up
597,Luxy Pro- Elite Dating Single,DATING,3.9,742,26.0,50000,Free,0.0,Mature 17+,Dating,"April 7, 2018",5.3.3.13289,4.0.3 and up
598,Dating Network,DATING,4.0,187,19.0,10000,Free,0.0,Mature 17+,Dating,"July 26, 2018",1.17,4.2 and up
599,"Chatting - Free chat, random chat, boyfriend, girlfriend",DATING,4.2,2506,6.1,500000,Free,0.0,Mature 17+,Dating,"June 15, 2017",3.0.0,4.0 and up
601,"Meet, chat & date. Free dating app - Chocolate app",DATING,3.9,8661,9.5,1000000,Free,0.0,Mature 17+,Dating,"April 3, 2018",0.1.11,4.0 and up
602,Transenger – Ts Dating and Chat for Free,DATING,3.6,8,14.0,1000,Free,0.0,Mature 17+,Dating,"July 29, 2018",1.4.0,4.4 and up
603,O-Star,DATING,4.4,59,38.0,5000,Free,0.0,Everyone,Dating,"July 19, 2018",1.0.1,4.3 and up
604,Free Cam Girls - Live Webcam,DATING,3.5,35,16.0,1000,Free,0.0,Mature 17+,Dating,"July 16, 2018",2.4,4.0.3 and up
605,Cardi B Live Stream Video Chat - Prank,DATING,4.4,28,3.4,500,Free,0.0,Everyone,Dating,"July 16, 2018",2.5,4.0.3 and up
606,Live Girls Talk - Free Video Chat,DATING,4.8,125,4.7,5000,Free,0.0,Mature 17+,Dating,"July 8, 2018",8.2,4.0.3 and up
607,Live Talk - Free Text and Video Chat,DATING,4.6,185,5.0,10000,Free,0.0,Mature 17+,Dating,"July 16, 2018",8.2,4.0.3 and up
608,Chat Kids - Chat Room For Kids,DATING,4.7,6,4.9,100,Free,0.0,Mature 17+,Dating,"July 24, 2018",1,4.0.3 and up
609,Girls Live Chat - Free Text & Video Chat,DATING,4.8,110,4.9,10000,Free,0.0,Mature 17+,Dating,"July 9, 2018",8.2,4.0.3 and up
610,Random Video Chat,DATING,,3,16.0,1000,Free,0.0,Mature 17+,Dating,"July 15, 2018",4.2,4.0.3 and up
611,MouseMingle,DATING,2.7,3,3.9,100,Free,0.0,Mature 17+,Dating,"July 17, 2018",1.0.0,4.4 and up
612,American Girls Mobile Numbers,DATING,5.0,5,4.4,1000,Free,0.0,Mature 17+,Dating,"July 17, 2018",3,4.0.3 and up
613,Random Video Chat App With Strangers,DATING,,3,4.8,1000,Free,0.0,Mature 17+,Dating,"July 17, 2018",1,4.0 and up
614,FREE VIDEO CHAT - LIVE VIDEO AND TEXT CHAT,DATING,4.8,84,4.5,1000,Free,0.0,Mature 17+,Dating,"July 6, 2018",8.2,4.0.3 and up
616,Live Chat - Free Video Chat Rooms,DATING,4.8,20,4.9,500,Free,0.0,Mature 17+,Dating,"July 15, 2018",8.2,4.0.3 and up
617,Meet With Strangers: Video Chat & Dating,DATING,,2,3.7,500,Free,0.0,Mature 17+,Dating,"July 16, 2018",1,4.0 and up
618,FREE LIVE TALK,DATING,4.9,776,4.9,5000,Free,0.0,Mature 17+,Dating,"July 14, 2018",8.2,4.0.3 and up
619,Random Chat App with Strangers,DATING,3.0,2,16.0,100,Free,0.0,Mature 17+,Dating,"July 17, 2018",2.5,4.0.3 and up
620,Ost. Zombies Cast - New Music and Lyrics,DATING,,1,4.6,100,Free,0.0,Teen,Dating,"July 20, 2018",1,4.0.3 and up
621,Dating White Girls,DATING,,0,3.6,50,Free,0.0,Mature 17+,Dating,"July 20, 2018",1,4.0 and up
622,Live Chat - Free Video Talk,DATING,4.7,14,21.0,5000,Free,0.0,Mature 17+,Dating,"August 3, 2018",1.3,4.1 and up
623,Geeks Dating,DATING,,0,13.0,50,Free,0.0,Mature 17+,Dating,"July 10, 2018",1,4.1 and up
624,Live chat - free video chat,DATING,,1,8.7,500,Free,0.0,Mature 17+,Dating,"July 23, 2018",3.52,4.0.3 and up
625,House party - live chat,DATING,1.0,1,9.2,10,Free,0.0,Mature 17+,Dating,"July 31, 2018",3.52,4.0.3 and up
626,Fishing Brain & Boating Maps Marine,DATING,,3,6.9,500,Free,0.0,Everyone,Dating,"July 23, 2018",1,4.0.3 and up
627,CAM5678 Video Chat,DATING,,0,39.0,500,Free,0.0,Mature 17+,Dating,"July 13, 2018",5.5.8,4.0.3 and up
628,Video chat live advices,DATING,,0,8.0,100,Free,0.0,Everyone,Dating,"July 10, 2018",1,3.0 and up
629,chat live chat,DATING,,24,3.9,1000,Free,0.0,Mature 17+,Dating,"July 26, 2018",1,4.0 and up
630,Pet Lovers Dating,DATING,,0,14.0,10,Free,0.0,Mature 17+,Dating,"July 9, 2018",1,4.1 and up
631,Friend Find: free chat + flirt dating app,DATING,,23,11.0,100,Free,0.0,Mature 17+,Dating,"July 31, 2018",1,4.4 and up
632,Latin Dating,DATING,,0,13.0,10,Free,0.0,Mature 17+,Dating,"July 9, 2018",1,4.1 and up
633,Spine- The dating app,DATING,5.0,5,9.3,500,Free,0.0,Teen,Dating,"July 14, 2018",4,4.0.3 and up
634,Online Chat Girls Meet,DATING,4.7,18,5.0,500,Free,0.0,Mature 17+,Dating,"July 25, 2018",8.2,4.0.3 and up
635,Wifi Mingle,DATING,,0,10.0,10,Free,0.0,Everyone,Dating,"July 27, 2018",1.3,4.4 and up
636,Girls Live Talk - Free Text and Video Chat,DATING,5.0,6,5.0,100,Free,0.0,Mature 17+,Dating,"August 1, 2018",8.2,4.0.3 and up
637,Soy Luna - Top Music And Lyrics,DATING,,1,5.0,100,Free,0.0,Teen,Dating,"July 24, 2018",1,4.0.3 and up
638,When Will You Get Married,DATING,,2,3.6,10,Free,0.0,Everyone,Dating,"July 14, 2018",1,4.0.3 and up
639,HOW TO ASK A GIRL OUT,DATING,,0,19.0,10,Free,0.0,Everyone,Dating,"July 16, 2018",1,4.0.3 and up
640,Online Girls Chat Group,DATING,5.0,5,5.0,100,Free,0.0,Mature 17+,Dating,"August 2, 2018",8.2,4.0.3 and up
641,The DJ - Match with People,DATING,,0,9.8,50,Free,0.0,Mature 17+,Dating,"August 2, 2018",1.2,4.1 and up
642,Toronto Dating,DATING,,0,14.0,100,Free,0.0,Mature 17+,Dating,"July 12, 2018",1,4.1 and up
643,i miss you quotes and photos,DATING,,0,5.0,100,Free,0.0,Everyone,Dating,"July 22, 2018",1.0.7,4.0 and up
644,JoJo Siwa Top Hits Music,DATING,,0,4.9,10,Free,0.0,Teen,Dating,"July 26, 2018",1,4.0.3 and up
645,UK Girls Mobile Numbers,DATING,3.0,1,5.5,500,Free,0.0,Mature 17+,Dating,"July 19, 2018",1,4.0.3 and up
646,chat saudi arabia,DATING,4.1,11,11.0,1000,Free,0.0,Mature 17+,Dating,"July 14, 2018",1.1,4.0 and up
647,Chat Click - Dating Search,DATING,,4,3.8,500,Free,0.0,Mature 17+,Dating,"July 11, 2018",1,3.0 and up
648,Iraq love chat,DATING,,14,5.0,50,Free,0.0,Teen,Dating,"August 3, 2018",8.2,4.0.3 and up
649,Healthy Relationships Guide,DATING,,0,8.2,1,Free,0.0,Everyone,Dating,"July 31, 2018",2,4.0.3 and up
650,following,DATING,,1,21.0,10,Free,0.0,Mature 17+,Dating,"July 24, 2018",1.0.3,4.2 and up
651,Gods by Night,DATING,,104,12.0,1000,Free,0.0,Mature 17+,Dating,"July 22, 2018",3.5.4.2.3,4.1 and up
652,PlusOne,DATING,,0,10.0,1,Free,0.0,Mature 17+,Dating,"July 17, 2018",1.1.1,4.2 and up
653,Love Calendar - Couple Sharing Calendar & CoupleDay,DATING,,14,3.3,50,Free,0.0,Everyone,Dating,"July 30, 2018",1.6,4.1 and up
654,Speeding Joyride & Car Meet App,DATING,5.0,3,25.0,100,Free,0.0,Mature 17+,Dating,"July 20, 2018",1.2.9,4.1 and up
655,LOBSTR - go on a lunch date,DATING,3.7,101,15.0,10000,Free,0.0,Mature 17+,Dating,"July 24, 2018",2,4.1 and up
656,Titanic App - Feminist Dating Application,DATING,4.5,120,10.0,500,Free,0.0,Mature 17+,Dating,"August 4, 2018",1.5-beta,5.0 and up
657,French Chat Room,DATING,4.2,24,4.9,1000,Free,0.0,Mature 17+,Dating,"July 11, 2018",1,4.0.3 and up
658,Soul Mate,DATING,,0,4.4,10,Free,0.0,Mature 17+,Dating,"July 19, 2018",4.5.0,4.0.3 and up
659,Diamond Engagement Rings,DATING,,0,3.5,5,Free,0.0,Everyone,Dating,"July 12, 2018",6.1,4.0 and up
660,Dating Tips For Men,DATING,,0,7.8,10,Free,0.0,Everyone,Dating,"July 9, 2018",3,4.0.3 and up
661,Halalguur,DATING,4.3,6,9.0,100,Free,0.0,Mature 17+,Dating,"July 26, 2018",3.7,4.0.3 and up
669,Find Lover,DATING,,21,4.7,1000,Free,0.0,Mature 17+,Dating,"July 27, 2018",1.0.2,4.0.3 and up
675,"2Date Dating App, Love and matching",DATING,4.4,41605,8.1,500000,Free,0.0,Mature 17+,Dating,"July 26, 2018",4.813,4.0.3 and up
684,Teenage Chat & Dating,DATING,3.4,5,14.0,500,Free,0.0,Mature 17+,Dating,"July 9, 2018",1.2,4.1 and up
686,Girls Online Talk - Free Text and Video Chat,DATING,4.7,791,3.7,10000,Free,0.0,Mature 17+,Dating,"May 15, 2018",8.2,4.0.3 and up
688,Online Girls Chat,DATING,4.8,5323,3.5,50000,Free,0.0,Mature 17+,Dating,"April 21, 2018",8.2,4.0.3 and up
689,LIVE VIDEO TALK,DATING,4.7,478,4.5,10000,Free,0.0,Mature 17+,Dating,"June 28, 2018",8.2,4.0.3 and up
691,SkyLove – Dating and chat,DATING,3.5,69,36.0,5000,Free,0.0,Mature 17+,Dating,"August 4, 2018",1.0.82,4.4 and up
692,Free Live Talk-Video Call,DATING,4.7,158,4.5,10000,Free,0.0,Mature 17+,Dating,"July 5, 2018",8.2,4.0.3 and up
693,FindLoving,DATING,3.8,24,19.0,1000,Free,0.0,Mature 17+,Dating,"August 2, 2018",1.0.5,4.0 and up
694,Sugar Daddies Dating App,DATING,2.9,53,14.0,10000,Free,0.0,Mature 17+,Dating,"July 10, 2018",4.1,4.1 and up
698,"Chat Mexico: meet people, flirt and friendship",DATING,,8,9.3,5000,Free,0.0,Mature 17+,Dating,"July 2, 2018",3.7,4.0.3 and up
701,English Communication - Learn English for Chinese (Learn English for Chinese),EDUCATION,4.7,2544,18.0,100000,Free,0.0,Everyone,Education,"December 29, 2017",3.1,4.0 and up
704,Ai La Trieu Phu - ALTP Free,EDUCATION,,776,24.0,100000,Free,0.0,Everyone,Education,"July 23, 2018",1.5,4.0 and up
706,Learn Spanish - Español,EDUCATION,4.7,32346,3.2,1000000,Free,0.0,Everyone,Education,"December 18, 2017",1.3.8,4.0 and up
707,English Grammar Test,EDUCATION,4.8,4075,5.1,500000,Free,0.0,Everyone,Education,"June 22, 2018",2.1.8,4.0.3 and up
708,Speed Reading,EDUCATION,4.6,10611,11.0,500000,Free,0.0,Everyone,Education,"May 27, 2018",2.3.7,4.0 and up
709,English for beginners,EDUCATION,4.6,9321,27.0,1000000,Free,0.0,Everyone,Education,"July 18, 2018",2.9.0,4.0 and up
710,Flame - درب عقلك يوميا,EDUCATION,4.6,56065,37.0,1000000,Free,0.0,Everyone,Education,"July 26, 2018",3.3,4.1 and up
712,"Learn Japanese, Korean, Chinese Offline & Free",EDUCATION,4.9,133136,26.0,1000000,Free,0.0,Everyone,Education;Education,"July 20, 2018",2.16.11.10,4.2 and up
713,Kids Mode,EDUCATION,3.8,2469,11.0,500000,Free,0.0,Everyone,Education,"March 23, 2018",Varies with device,Varies with device
715,Dinosaurs Coloring Pages,EDUCATION,4.4,390,41.0,500000,Free,0.0,Everyone,Education;Education,"February 3, 2018",1.1.6,4.0 and up
716,Cars Coloring Pages,EDUCATION,4.4,1090,49.0,1000000,Free,0.0,Everyone,Education;Creativity,"February 3, 2018",1.2.0,4.0 and up
719,Monster Truck Driver & Racing,EDUCATION,4.4,748,51.0,1000000,Free,0.0,Everyone,Education;Action & Adventure,"January 19, 2017",1.0.9,2.3 and up
721,Japanese / English one-shop search dictionary - Free Japanese - English - Japanese dictionary application,EDUCATION,3.9,61,18.0,50000,Free,0.0,Mature 17+,Education,"May 28, 2018",1.4.2,5.0 and up
722,English speaking texts,EDUCATION,4.4,1619,3.0,1000000,Free,0.0,Everyone,Education,"July 20, 2018",1.2,1.6 and up
723,Thai Handwriting,EDUCATION,4.3,3168,19.0,1000000,Free,0.0,Everyone,Education,"October 26, 2017",3.1,4.4 and up
725,Kanji test · Han search Kanji training (free version),EDUCATION,4.2,6736,22.0,1000000,Free,0.0,Mature 17+,Education,"October 17, 2017",2.51.0,4.0.3 and up
726,Game for KIDS: KIDS match'em,EDUCATION,4.4,7005,6.9,1000000,Free,0.0,Everyone,Education,"October 23, 2016",1.17,2.3 and up
727,Flippy Campus - Buy & sell on campus at a discount,EDUCATION,4.0,889,7.4,500000,Free,0.0,Everyone,Education,"March 9, 2018",2.2.4,4.2 and up
730,PINKFONG Baby Shark,EDUCATION,4.5,10852,18.0,1000000,Free,0.0,Everyone,Education,"November 28, 2017",10,4.1 and up
732,Learn English for beginners,EDUCATION,4.5,1929,2.5,500000,Free,0.0,Everyone,Education,"September 28, 2017",1.1,2.3 and up
733,Listen and learn English in seven days,EDUCATION,4.3,1516,3.9,100000,Free,0.0,Everyone,Education,"July 28, 2018",3.1,4.1 and up
735,Learn English from Persian: Persian to English,EDUCATION,4.3,423,21.0,100000,Free,0.0,Everyone,Education,"April 3, 2018",6,4.0.3 and up
741,Udemy - Online Courses,EDUCATION,4.5,99020,18.0,1000000,Free,0.0,Everyone,Education,"August 2, 2018",5.0.4,5.0 and up
743,"edX - Online Courses by Harvard, MIT & more",EDUCATION,4.6,32381,10.0,1000000,Free,0.0,Everyone 10+,Education,"July 15, 2018",2.15.1,4.1 and up
749,Lynda - Online Training Videos,EDUCATION,4.2,8599,17.0,1000000,Free,0.0,Everyone,Education,"July 11, 2018",4.9.10,4.1 and up
752,Quiz&Learn Python,EDUCATION,4.0,304,2.0,10000,Free,0.0,Everyone,Education,"July 4, 2016",1.3.0,4.0 and up
753,C++ Tutorials,EDUCATION,4.1,358,1.9,50000,Free,0.0,Everyone,Education,"August 21, 2014",1.1,2.3 and up
754,C++ Programming,EDUCATION,4.3,11904,1.8,1000000,Free,0.0,Everyone,Education,"August 22, 2015",2,2.3 and up
755,C Programming,EDUCATION,4.3,22251,1.8,1000000,Free,0.0,Everyone,Education,"June 28, 2015",3,2.3 and up
756,Udacity - Lifelong Learning,EDUCATION,4.3,22384,17.0,1000000,Free,0.0,Everyone,Education,"July 31, 2018",4.7.0,5.0 and up
758,Learn C++,EDUCATION,4.6,73404,5.3,1000000,Free,0.0,Everyone,Education,"December 25, 2017",4.5.2,4.0 and up
760,Learn JavaScript,EDUCATION,4.6,25183,5.4,1000000,Free,0.0,Everyone,Education,"December 25, 2017",5.7.2,4.0 and up
761,Learn Java,EDUCATION,4.7,52743,5.4,1000000,Free,0.0,Everyone,Education,"December 25, 2017",3.5.2,4.0 and up
762,Learn HTML,EDUCATION,4.7,61749,5.4,1000000,Free,0.0,Everyone,Education,"December 25, 2017",5.5.2,4.0 and up
763,"Programming Hub, Learn to code",EDUCATION,4.3,55704,15.0,1000000,Free,0.0,Everyone,Education,"August 4, 2018",4.2.8,4.1 and up
764,Learn SQL,EDUCATION,4.7,19277,5.3,1000000,Free,0.0,Everyone,Education,"December 25, 2017",3.4.2,4.0 and up
765,Ready4 SAT (Prep4 SAT),EDUCATION,4.6,13612,48.0,100000,Free,0.0,Everyone,Education,"May 10, 2018",7.2.3633,4.4 and up
766,Socratic - Math Answers & Homework Help,EDUCATION,4.6,37862,5.4,1000000,Free,0.0,Everyone,Education,"June 7, 2018",1.8.1,4.1 and up
767,Ready4 GMAT (Prep4 GMAT),EDUCATION,4.6,18372,47.0,100000,Free,0.0,Everyone,Education,"May 21, 2018",7.2.3634,4.4 and up
768,Pocket GMAT Math,EDUCATION,4.3,656,0.6,10000,Free,0.0,Everyone,Education,"July 11, 2014",1.1,2.2 and up
769,GMAT Question Bank,EDUCATION,4.2,240,29.0,10000,Free,0.0,Everyone,Education,"April 29, 2015",1.2.0,2.3.3 and up
770,GRE Tutor,EDUCATION,4.0,275,2.3,50000,Free,0.0,Everyone,Education,"December 2, 2013",2.9,2.1 and up
772,"play2prep: ACT, SAT prep",EDUCATION,4.2,3692,4.4,100000,Free,0.0,Everyone,Education,"July 23, 2015",4.1.3,2.3.3 and up
773,SAT Test,EDUCATION,4.1,2363,6.6,100000,Free,0.0,Everyone,Education,"November 17, 2016",2.48,4.0 and up
775,Pocket SAT Math,EDUCATION,4.0,430,0.5,10000,Free,0.0,Everyone,Education,"July 11, 2014",1.2,2.1 and up
776,TOEFL Prep & Practice from Magoosh,EDUCATION,4.5,756,12.0,100000,Free,0.0,Everyone,Education,"June 18, 2018",3.2.0,4.1 and up
778,GRE® Flashcards by Kaplan,EDUCATION,4.0,316,29.0,50000,Free,0.0,Everyone,Education,"February 15, 2017",1.4,4.0 and up
795,LinkedIn Learning: Online Courses to Learn Skills,EDUCATION,4.6,7973,18.0,1000000,Free,0.0,Everyone,Education,"July 27, 2018",0.29.74,4.4 and up
802,Babbel – Learn Spanish,EDUCATION,4.4,54798,11.0,1000000,Free,0.0,Everyone,Education,"July 30, 2018",20.7.2,4.4 and up
803,Mango Languages: Lovable Language Courses,EDUCATION,4.0,4815,19.0,500000,Free,0.0,Everyone,Education,"July 17, 2018",4.2.3,4.2 and up
804,Learn English with Aco,EDUCATION,4.6,75112,6.5,1000000,Free,0.0,Everyone,Education,"November 11, 2017",2.09,4.1 and up
805,Learn to Speak English,EDUCATION,4.4,33646,7.0,1000000,Free,0.0,Everyone,Education,"July 15, 2018",2.3.9,4.0 and up
810,Study Checker,EDUCATION,4.2,3816,2.6,500000,Free,0.0,Everyone,Education,"May 4, 2016",3.6.0.115_FN,2.3 and up
811,My Study Life - School Planner,EDUCATION,4.3,47847,21.0,1000000,Free,0.0,Everyone,Education,"June 13, 2017",6.1.3,4.0.3 and up
812,HomeWork,EDUCATION,4.3,16195,5.2,1000000,Free,0.0,Everyone,Education,"September 20, 2016",8.5.2,4.0 and up
813,Next Gen Science Standards,EDUCATION,4.3,206,18.0,50000,Free,0.0,Everyone,Education,"December 20, 2016",1.12.1,2.3 and up
815,Teacher's Gradebook - Additio,EDUCATION,4.2,3241,16.0,100000,Free,0.0,Everyone,Education,"August 1, 2018",4.8.2,4.0.3 and up
816,Common Core,EDUCATION,4.0,835,15.0,100000,Free,0.0,Everyone,Education,"December 20, 2016",2.3.1,2.3 and up
817,Homework Planner,EDUCATION,4.0,2525,1.2,100000,Free,0.0,Everyone,Education,"January 11, 2015",15.9.4,4.0 and up
821,Socrative Teacher,EDUCATION,3.9,1239,1.8,100000,Free,0.0,Everyone,Education,"July 29, 2016",4.4.1,3.2 and up
822,Training schedule - AllUniver,EDUCATION,4.1,702,7.6,10000,Free,0.0,Everyone,Education,"October 16, 2017",5,4.4 and up
827,Lerni. Learn languages.,EDUCATION,4.0,3847,6.9,500000,Free,0.0,Everyone,Education,"October 25, 2017",3.1.3,3.0 and up
834,Innovative: Learn 34 Languages,EDUCATION,4.5,14206,21.0,500000,Free,0.0,Everyone,Education,"July 26, 2018",1.16,3.0 and up
837,Chegg Study - Homework Help,EDUCATION,4.3,14700,21.0,1000000,Free,0.0,Everyone,Education,"July 30, 2018",5.7.0,4.4 and up
841,EasyBib: Citation Generator,EDUCATION,3.5,1405,7.3,100000,Free,0.0,Everyone,Education,"March 29, 2018",2.4.4,4.0 and up
848,SoloLearn: Learn to Code for Free,EDUCATION,4.8,256079,7.6,1000000,Free,0.0,Teen,Education,"July 12, 2018",2.2.4,4.0.3 and up
850,Blinkist - Nonfiction Books,EDUCATION,4.1,16103,13.0,1000000,Free,0.0,Everyone,Education,"July 31, 2018",5.7.1,4.1 and up
856,Complete Spanish Movies,ENTERTAINMENT,4.0,11656,4.5,1000000,Free,0.0,Everyone,Entertainment,"January 20, 2018",1.02,4.0.3 and up
868,The green alien dance,ENTERTAINMENT,3.8,6979,12.0,1000000,Free,0.0,Everyone,Entertainment,"July 5, 2018",1.03,4.0 and up
871,StarTimes - Live International Champions Cup,ENTERTAINMENT,4.4,17682,9.7,1000000,Free,0.0,Everyone,Entertainment,"August 3, 2018",5.2,4.0.3 and up
872,Cinematic Cinematic,ENTERTAINMENT,4.4,37000,15.0,1000000,Free,0.0,Mature 17+,Entertainment,"June 21, 2018",4.0.5,4.1 and up
877,Radio Javan,ENTERTAINMENT,4.4,46916,4.5,1000000,Free,0.0,Everyone,Entertainment,"July 18, 2018",7.3,4.2 and up
882,🔥 Football Wallpapers 4K | Full HD Backgrounds 😍,ENTERTAINMENT,4.7,11661,4.0,1000000,Free,0.0,Everyone,Entertainment,"July 14, 2018",1.1.3.2,4.0.3 and up
884,Low Poly – Puzzle art game,ENTERTAINMENT,4.5,23063,17.0,1000000,Free,0.0,Everyone,Entertainment;Brain Games,"August 3, 2018",1.0.9,4.1 and up
895,Trailer Addict Movie Trailers,ENTERTAINMENT,3.9,2646,9.1,100000,Free,0.0,Teen,Entertainment,"February 14, 2018",2.2.0,4.2 and up
896,Cinemark Theatres,ENTERTAINMENT,4.1,21867,39.0,1000000,Free,0.0,Teen,Entertainment,"July 12, 2018",2.19.0,5.0 and up
900,Marcus Theatres,ENTERTAINMENT,3.6,2639,8.5,100000,Free,0.0,Everyone,Entertainment,"February 7, 2018",2.9.43,6.0 and up
901,Harkins Theatres,ENTERTAINMENT,4.3,1511,12.0,100000,Free,0.0,Everyone,Entertainment,"June 11, 2018",2.1.1,4.1 and up
906,Cooking Channel,ENTERTAINMENT,4.1,1033,16.0,100000,Free,0.0,Teen,Entertainment,"July 27, 2018",Varies with device,Varies with device
907,Animal Planet GO,ENTERTAINMENT,4.2,2442,9.6,100000,Free,0.0,Teen,Entertainment,"July 24, 2018",2.9.4,4.1 and up
909,DramaFever: Stream Asian Drama Shows & Movies,ENTERTAINMENT,4.2,155234,22.0,1000000,Free,0.0,Teen,Entertainment,"August 1, 2018",01.01.66,4.4 and up
911,Investigation Discovery GO,ENTERTAINMENT,4.5,12216,13.0,1000000,Free,0.0,Teen,Entertainment,"July 24, 2018",2.9.4,4.1 and up
915,Acorn TV: World-class TV from Britain and Beyond,ENTERTAINMENT,3.0,493,23.0,50000,Free,0.0,Everyone,Entertainment,"June 15, 2018",2.0.0,4.4 and up
916,HISTORY: Watch TV Show Full Episodes & Specials,ENTERTAINMENT,4.1,33387,20.0,1000000,Free,0.0,Teen,Entertainment,"July 16, 2018",3.1.4,4.4 and up
918,VH1,ENTERTAINMENT,4.1,27424,17.0,1000000,Free,0.0,Teen,Entertainment,"July 8, 2018",11.45.0,4.4 and up
920,A&E - Watch Full Episodes of TV Shows,ENTERTAINMENT,4.0,29706,19.0,1000000,Free,0.0,Teen,Entertainment,"July 16, 2018",3.1.4,4.4 and up
922,BET NOW - Watch Shows,ENTERTAINMENT,4.2,14807,19.0,1000000,Free,0.0,Teen,Entertainment,"July 8, 2018",11.45.0,4.4 and up
927,Lifetime - Watch Full Episodes & Original Movies,ENTERTAINMENT,4.0,35928,19.0,1000000,Free,0.0,Teen,Entertainment,"July 16, 2018",3.1.4,4.4 and up
928,SeriesGuide – Show & Movie Manager,ENTERTAINMENT,4.3,64448,4.4,1000000,Free,0.0,Mature 17+,Entertainment,"July 21, 2018",43,4.0.3 and up
929,Comedy Central,ENTERTAINMENT,3.9,22378,19.0,1000000,Free,0.0,Teen,Entertainment,"July 8, 2018",11.45.0,4.4 and up
941,CW Seed,ENTERTAINMENT,4.5,16372,13.0,500000,Free,0.0,Teen,Entertainment,"July 18, 2018",1.16,4.4 and up
948,Universal Kids,ENTERTAINMENT,3.6,1968,21.0,500000,Free,0.0,Everyone,Entertainment;Music & Video,"May 24, 2018",3.3.1.41,4.4 and up
949,MTV,ENTERTAINMENT,3.8,35279,15.0,1000000,Free,0.0,Teen,Entertainment,"July 8, 2018",11.45.0,4.4 and up
952,LEGO® TV,ENTERTAINMENT,3.7,17247,7.2,1000000,Free,0.0,Everyone 10+,Entertainment;Music & Video,"August 4, 2018",4.0.2,5.0 and up
957,Telemundo Now,ENTERTAINMENT,3.9,8674,19.0,1000000,Free,0.0,Teen,Entertainment,"May 25, 2018",3.3.1.42,4.4 and up
986,Nick Jr. - Shows & Games,ENTERTAINMENT,4.2,8968,35.0,1000000,Free,0.0,Everyone,Entertainment;Music & Video,"January 23, 2018",1.0.20,4.4 and up
987,Sticker Market: Emoji keyboard,ENTERTAINMENT,4.3,303,44.0,10000,Free,0.0,Teen,Entertainment,"December 14, 2017",1.2.3,4.2 and up
990,Laugh Out Loud by Kevin Hart,ENTERTAINMENT,4.3,1856,20.0,100000,Free,0.0,Teen,Entertainment,"August 1, 2018",1.6.1,6.0 and up
994,Hamilton — The Official App,ENTERTAINMENT,4.5,1575,43.0,100000,Free,0.0,Everyone,Entertainment,"July 13, 2018",2.3.2,5.0 and up
997,Funny Quotes Free,ENTERTAINMENT,4.2,23666,3.6,1000000,Free,0.0,Teen,Entertainment,"May 4, 2018",8.1,4.0 and up
998,LOL Pics (Funny Pictures),ENTERTAINMENT,4.4,67554,7.7,1000000,Free,0.0,Teen,Entertainment,"September 15, 2015",4,2.3.3 and up
999,Meme Creator,ENTERTAINMENT,4.2,38769,44.0,1000000,Free,0.0,Mature 17+,Entertainment,"September 22, 2015",7.2.3,2.3 and up
1004,All Events in City,EVENTS,4.0,3782,9.5,100000,Free,0.0,Everyone,Events,"June 12, 2018",8.4,4.0.3 and up
1006,Reminder,EVENTS,4.5,7074,6.3,500000,Free,0.0,Everyone,Events,"June 25, 2018",1.57,4.1 and up
1007,Birdays - Birthday reminder,EVENTS,4.5,2153,5.9,50000,Free,0.0,Everyone,Events,"December 14, 2017",1.5.0,4.1 and up
1009,Fever,EVENTS,4.0,20611,12.0,1000000,Free,0.0,Teen,Events,"July 18, 2018",4.3.6,4.1 and up
1010,DroidAdmin for Android - Advice,EVENTS,4.2,811,2.8,10000,Free,0.0,Everyone,Events,"May 29, 2018",3.8,4.0 and up
1011,"SeatGeek – Tickets to Sports, Concerts, Broadway",EVENTS,4.4,15558,26.0,1000000,Free,0.0,Everyone,Events,"August 3, 2018",2018.07.31229,5.0 and up
1012,my4D,EVENTS,4.6,573,8.7,100000,Free,0.0,Everyone,Events,"July 12, 2018",1.4,4.2 and up
1013,VAN NIAN 2018 - Vietnamese Calendar,EVENTS,,37,16.0,10000,Free,0.0,Everyone,Events,"November 27, 2017",1,4.0 and up
1014,Vivid Seats – Event Tickets,EVENTS,4.6,8232,53.0,1000000,Free,0.0,Everyone,Events,"July 31, 2018",Varies with device,5.0 and up
1016,LBB - Find New & Unique Things To Do Around You,EVENTS,4.6,3874,14.0,100000,Free,0.0,Everyone,Events,"July 27, 2018",4.0.19,4.2 and up
1017,Happy Birthday Songs Offline,EVENTS,4.4,464,8.9,100000,Free,0.0,Everyone,Events,"December 4, 2017",1.3,4.1 and up
1018,Series Valley of the Wolves full of part,EVENTS,4.6,731,11.0,50000,Free,0.0,Everyone,Events,"December 24, 2017",2,4.0 and up
1019,Mummatikabalkuragi,EVENTS,4.9,69,0.3,1000,Free,0.0,Teen,Events,"July 22, 2018",1,4.0 and up
1020,"Gametime - Tickets to Sports, Concerts, Theater",EVENTS,4.5,8800,24.0,1000000,Free,0.0,Everyone,Events,"July 17, 2018",11.1.1,5.0 and up
1021,"PTI Flex Maker, Photo Frame Editor & Songs 2018",EVENTS,4.6,99,13.0,10000,Free,0.0,Everyone,Events,"July 6, 2018",1.1,4.2 and up
1023,Birthdays & Other Events,EVENTS,4.3,456,2.8,50000,Free,0.0,Everyone,Events,"June 21, 2018",1.75,2.3.3 and up
1024,Sarajevo Film Festival - Official,EVENTS,,6,9.7,100,Free,0.0,Everyone 10+,Events,"July 31, 2018",2.0.1,4.4W and up
1025,Summer Madness,EVENTS,,4,1.4,100,Free,0.0,Everyone,Events,"July 26, 2018",1.107,4.0 and up
1027,vide-greniers.org,EVENTS,4.3,5839,3.5,100000,Free,0.0,Everyone,Events,"November 8, 2016",16.11.8,2.3.3 and up
1029,Quake & Volcanoes: 3D Globe of Volcanic Eruptions,EVENTS,4.4,663,6.0,100000,Free,0.0,Everyone,Events,"October 14, 2017",1.1.3,4.1 and up
1030,Prosperity,EVENTS,5.0,16,2.3,100,Free,0.0,Everyone,Events,"July 9, 2018",1.14,2.0 and up
1031,Picktrainer: India's largest photo contest app,EVENTS,4.5,1065,9.0,100000,Free,0.0,Everyone,Events,"May 31, 2018",1.3.2,4.1 and up
1032,AAS-IN-ASIA 2018,EVENTS,,3,11.0,100,Free,0.0,Everyone,Events,"July 4, 2018",1.1.9,4.1 and up
1033,Moot Peru 2018,EVENTS,,13,27.0,1000,Free,0.0,Everyone,Events,"June 28, 2018",1,3.0 and up
1034,FM News,EVENTS,,46,3.6,5000,Free,0.0,Everyone,Events,"July 4, 2018",1.4,4.2 and up
1036,Emmabodafestivalen,EVENTS,4.8,12,29.0,1000,Free,0.0,Everyone 10+,Events,"June 28, 2018",42,4.2 and up
1037,KudaGo - things to do in NY,EVENTS,4.4,4298,4.4,100000,Free,0.0,Everyone,Events,"April 27, 2017",2.2.2,4.0 and up
1038,Mindvalley U Tallinn 2018,EVENTS,5.0,1,21.0,100,Free,0.0,Everyone,Events,"July 3, 2018",1.0.5,4.4 and up
1039,Rockmaraton Info,EVENTS,,49,13.0,1000,Free,0.0,Everyone,Events,"July 8, 2018",18.4,4.4 and up
1040,Freitas Auctioneer Official,EVENTS,3.7,100,27.0,50000,Free,0.0,Everyone,Events,"December 15, 2017",1.0.11,4.0.3 and up
1041,mobLee Events,EVENTS,,11,11.0,5000,Free,0.0,Everyone,Events,"May 30, 2018",3.05.30.16,4.1 and up
1042,"Xceed - Clubs, DJs, Festivals & Tickets",EVENTS,4.1,399,24.0,100000,Free,0.0,Everyone,Events,"August 3, 2018",Cannonau 3.11.11,5.0 and up
1043,AMM Events & CPD,EVENTS,,5,6.1,100,Free,0.0,Everyone,Events,"August 4, 2018",1.0.5,4.3 and up
1044,Arab Halls - For Wedding & Events,EVENTS,4.8,28,6.3,1000,Free,0.0,Everyone,Events,"May 20, 2018",8.0bld14,4.1 and up
1045,MeAuDote - An act of love that saves a life,EVENTS,,250,23.0,1000,Free,0.0,Everyone,Events,"June 22, 2018",1.0.11,4.1 and up
1046,TCF National Conference,EVENTS,,1,34.0,100,Free,0.0,Everyone,Events,"July 11, 2018",1,4.1 and up
1047,Endurance Lifestyle,EVENTS,4.6,7,3.8,500,Free,0.0,Teen,Events,"July 10, 2017",2.1,4.2 and up
1054,Nedbank Money,FINANCE,4.2,6076,32.0,500000,Free,0.0,Everyone,Finance,"July 28, 2018",4.1.1-0-prod,4.2 and up
1062,IKO,FINANCE,4.7,167168,20.0,1000000,Free,0.0,Everyone,Finance,"July 4, 2018",3.115.27,4.1 and up
1064,Standard Bank / Stanbic Bank,FINANCE,3.6,15247,28.0,1000000,Free,0.0,Everyone,Finance,"July 13, 2018",3.0.5,4.0.3 and up
1069,MyMo by GSB,FINANCE,4.2,21996,14.0,1000000,Free,0.0,Everyone,Finance,"July 19, 2018",1.17.2,4.0.3 and up
1071,Ecobank Mobile Banking,FINANCE,4.0,12073,42.0,1000000,Free,0.0,Everyone,Finance,"May 25, 2018",3.3,4.2 and up
1075,BZWBK24 mobile,FINANCE,4.5,64959,39.0,1000000,Free,0.0,Everyone,Finance,"June 18, 2018",5.0.1,4.1 and up
1078,Zenith Bank Mobile App,FINANCE,4.3,7215,18.0,1000000,Free,0.0,Everyone,Finance,"July 23, 2018",2.7.4,4.0 and up
1082,People's Bank,FINANCE,3.6,10697,46.0,1000000,Free,0.0,Everyone,Finance,"July 18, 2018",3.22.1,4.1 and up
1085,T-Mobile in,FINANCE,3.5,3856,8.2,1000000,Free,0.0,Everyone,Finance,"July 31, 2018",3.2.1,4.4 and up
1089,WiseBanyan - Invest For Free,FINANCE,4.2,257,44.0,10000,Free,0.0,Everyone,Finance,"July 31, 2018",2.2.12,4.4W and up
1091,Wells Fargo Daily Change,FINANCE,4.2,283,5.0,100000,Free,0.0,Everyone,Finance,"April 26, 2018",2.5.0.26,5.0 and up
1092,"Even - organize your money, get paid early",FINANCE,4.8,12304,21.0,100000,Free,0.0,Everyone,Finance,"August 2, 2018",6.0.16,5.0 and up
1093,Digit Save Money Automatically,FINANCE,4.5,8188,22.0,100000,Free,0.0,Everyone,Finance,"July 31, 2018",2.29.01,4.1 and up
1094,Stash: Invest. Learn. Save.,FINANCE,4.2,11919,23.0,1000000,Free,0.0,Everyone,Finance,"July 27, 2018",1.13.2.11,4.4 and up
1098,Expense IQ Money Manager,FINANCE,4.4,21570,27.0,1000000,Free,0.0,Everyone,Finance,"June 19, 2018",2.0.4,4.0 and up
1101,"Prism Pay Bills, Track Money, Personal Finance",FINANCE,4.6,16961,32.0,500000,Free,0.0,Everyone,Finance,"August 4, 2018",2.12.100,4.1 and up
1102,Monefy - Money Manager,FINANCE,4.6,111254,7.4,1000000,Free,0.0,Everyone,Finance,"July 3, 2018",1.8.9,4.0 and up
1103,Simple - Better Banking,FINANCE,4.4,7731,24.0,100000,Free,0.0,Everyone,Finance,"August 2, 2018",2.53.2,5.0 and up
1104,Chime - Mobile Banking,FINANCE,4.3,5928,22.0,500000,Free,0.0,Everyone,Finance,"July 22, 2018",5.1.1,5.0 and up
1106,Walmart MoneyCard,FINANCE,4.2,6148,10.0,1000000,Free,0.0,Everyone,Finance,"June 1, 2018",1.14.1,4.1 and up
1107,Moven - Smart Finances,FINANCE,3.8,861,17.0,100000,Free,0.0,Everyone,Finance,"May 29, 2018",3.3.9,4.4 and up
1108,Qapital - Save Small. Live Large,FINANCE,4.5,8662,38.0,100000,Free,0.0,Everyone,Finance,"July 20, 2018",2.5.7,4.4 and up
1109,Experian - Free Credit Report,FINANCE,4.6,23130,46.0,1000000,Free,0.0,Everyone,Finance,"July 12, 2018",2.1.4,4.2 and up
1110,Branch,FINANCE,4.6,69973,3.8,1000000,Free,0.0,Everyone,Finance,"July 23, 2018",1.17.1,4.0 and up
1111,"WalletHub - Free Credit Score, Report & Monitoring",FINANCE,4.7,1311,9.3,50000,Free,0.0,Everyone,Finance,"June 19, 2018",1.4.11,4.4 and up
1112,CreditWise from Capital One,FINANCE,4.6,26587,8.4,1000000,Free,0.0,Everyone,Finance,"July 19, 2018",1.18.0,4.4 and up
1113,"NerdWallet: Personal Finance, Credit Score & Cash",FINANCE,4.6,2417,28.0,100000,Free,0.0,Everyone,Finance,"August 3, 2018",3.5.0,4.4 and up
1115,my face,FINANCE,3.8,1054,9.7,100000,Free,0.0,Everyone,Finance,"July 10, 2018",2.3.0,5.0 and up
1116,Credit Sesame,FINANCE,4.3,25166,11.0,1000000,Free,0.0,Everyone,Finance,"July 25, 2018",3.1.16,4.1 and up
1118,Fresh EBT - Food Stamp Balance,FINANCE,4.5,19870,7.4,1000000,Free,0.0,Everyone,Finance,"July 24, 2018",2.9.5,4.0.3 and up
1119,"Hurdlr: Track Mileage, Expenses, and Log Receipts",FINANCE,4.6,3596,19.0,100000,Free,0.0,Everyone,Finance,"July 20, 2018",16.6,6.0 and up
1120,Mobills: Budget Planner,FINANCE,4.6,161440,16.0,1000000,Free,0.0,Everyone,Finance,"August 3, 2018",3.2.18.07.30,4.0.3 and up
1121,Everlance: Free Mileage Log,FINANCE,4.7,7514,14.0,100000,Free,0.0,Everyone,Finance,"July 31, 2018",1.9.9.9.3,4.4 and up
1122,MileIQ - Free Mileage Tracker for Business,FINANCE,4.5,46106,22.0,1000000,Free,0.0,Everyone,Finance,"July 31, 2018",1.28.0.5402,4.4 and up
1123,QuickBooks Self-Employed:Mileage Tracker and Taxes,FINANCE,4.4,15141,25.0,1000000,Free,0.0,Everyone,Finance,"July 24, 2018",4.63,5.0 and up
1124,FREE Stock Market Trading Tips,FINANCE,3.9,714,3.6,50000,Free,0.0,Everyone,Finance,"June 7, 2017",2.10.3,2.3.3 and up
1127,Stock Quote,FINANCE,4.1,4344,4.5,500000,Free,0.0,Everyone,Finance,"July 30, 2018",3.6.2,4.0 and up
1129,Stock Trainer: Virtual Trading (Stock Markets),FINANCE,4.4,42809,23.0,1000000,Free,0.0,Everyone,Finance,"July 27, 2018",3.04 - Beta,4.1 and up
1133,US Stock Market,FINANCE,4.4,1922,4.2,100000,Free,0.0,Everyone,Finance,"August 1, 2018",1.28,2.3 and up
1137,MSN Money- Stock Quotes & News,FINANCE,4.5,78361,22.0,1000000,Free,0.0,Everyone,Finance,"July 5, 2018",1.2.0,4.2 and up
1139,NSE Mobile Trading,FINANCE,4.1,13868,1.4,1000000,Free,0.0,Everyone,Finance,"August 3, 2017",1.1.16,2.1 and up
1141,"JStock - Stock Market, Portfolio & News",FINANCE,4.6,11066,9.1,500000,Free,0.0,Everyone,Finance,"July 18, 2018",1.1.39,4.0 and up
1147,Current debit card and app made for teens,FINANCE,4.3,685,21.0,50000,Free,0.0,Everyone,Finance,"August 3, 2018",3.0.22,4.4 and up
1150,Betterment,FINANCE,4.4,3780,11.0,100000,Free,0.0,Everyone,Finance,"August 3, 2018",6.0.6,5.0 and up
1151,Citizens Bank Mobile Banking,FINANCE,4.1,15192,38.0,1000000,Free,0.0,Everyone,Finance,"May 23, 2018",4.2.1,4.1 and up
1152,GoBank,FINANCE,4.4,5950,12.0,500000,Free,0.0,Everyone,Finance,"June 1, 2018",2.131,4.1 and up
1153,NetSpend Prepaid,FINANCE,4.2,15993,45.0,1000000,Free,0.0,Everyone,Finance,"May 9, 2018",4.10.0,4.4 and up
1154,BBVA Compass Banking,FINANCE,4.3,5905,50.0,500000,Free,0.0,Everyone,Finance,"July 27, 2018",6.0.2,4.4 and up
1157,BankMobile Vibe App,FINANCE,4.3,14627,23.0,1000000,Free,0.0,Everyone,Finance,"July 9, 2018",5.1,4.1 and up
1158,Netspend Skylight ONE,FINANCE,3.9,1098,46.0,100000,Free,0.0,Everyone,Finance,"May 9, 2018",4.10.0,4.4 and up
1159,ACE Elite,FINANCE,4.1,2898,45.0,100000,Free,0.0,Everyone,Finance,"May 9, 2018",4.10.0,4.4 and up
1160,U.S. Bank,FINANCE,4.1,70782,50.0,1000000,Free,0.0,Everyone,Finance,"July 25, 2018",2.34.29,4.0.3 and up
1161,Huntington Mobile,FINANCE,4.2,11264,24.0,1000000,Free,0.0,Everyone,Finance,"June 26, 2018",5.2.203,4.2 and up
1164,Associated Credit Union Mobile,FINANCE,4.7,3290,12.0,50000,Free,0.0,Everyone,Finance,"May 30, 2018",5.9.1.0,5.0 and up
1166,USE Credit Union Mobile,FINANCE,4.6,964,14.0,10000,Free,0.0,Everyone,Finance,"June 12, 2018",5.9.1.0,5.0 and up
1170,Amex Mobile,FINANCE,4.3,24729,32.0,1000000,Free,0.0,Everyone,Finance,"August 3, 2018",6.7.0,5.0 and up
1172,Navy Federal Credit Union,FINANCE,4.4,43313,40.0,1000000,Free,0.0,Everyone,Finance,"July 9, 2018",5.16.2,4.1 and up
1175,Barclays US for Android,FINANCE,4.1,6998,24.0,1000000,Free,0.0,Everyone,Finance,"August 1, 2018",6.29.37589,5.0 and up
1177,Easy and Fast Recipes,FOOD_AND_DRINK,,95,12.0,50000,Free,0.0,Everyone,Food & Drink,"January 6, 2018",3.0.1,2.3 and up
1179,DELISH KITCHEN - FREE recipe movies make food fun and easy!,FOOD_AND_DRINK,4.6,32997,13.0,1000000,Free,0.0,Everyone,Food & Drink,"August 4, 2018",2.2.7,4.1 and up
1180,Sumine side dish - dish recipe side dish,FOOD_AND_DRINK,,82,4.9,10000,Free,0.0,Everyone,Food & Drink,"June 23, 2018",1.1,4.1 and up
1181,Easy Recipes,FOOD_AND_DRINK,4.7,2707,8.9,100000,Free,0.0,Everyone,Food & Drink,"May 15, 2018",2.12,4.0.3 and up
1185,Frigo Magic: Easy recipe idea and anti-waste,FOOD_AND_DRINK,4.1,2473,14.0,500000,Free,0.0,Everyone,Food & Drink,"July 28, 2018",3.1.5,4.4 and up
1187,Debonairs Pizza,FOOD_AND_DRINK,3.8,3320,8.4,500000,Free,0.0,Everyone,Food & Drink,"August 4, 2018",1.9.117,4.0.3 and up
1188,Popeyes® App,FOOD_AND_DRINK,3.7,61,11.0,50000,Free,0.0,Everyone,Food & Drink,"July 23, 2018",1.0.2,4.1 and up
1191,Refreshing app Free application that can use deal coupons,FOOD_AND_DRINK,3.5,10741,41.0,1000000,Free,0.0,Everyone,Food & Drink,"July 23, 2018",5.2.2,4.2 and up
1192,Simple Recipes,FOOD_AND_DRINK,4.7,3803,15.0,500000,Free,0.0,Everyone,Food & Drink,"February 22, 2018",1.6,4.0 and up
1194,Panera Bread,FOOD_AND_DRINK,4.2,10159,36.0,1000000,Free,0.0,Everyone,Food & Drink,"July 17, 2018",4.3.3,5.0 and up
1196,hellofood - Food Delivery,FOOD_AND_DRINK,4.0,43614,25.0,1000000,Free,0.0,Everyone,Food & Drink,"October 12, 2016",2.14.36,4.0.3 and up
1198,Easy and quick desserts,FOOD_AND_DRINK,4.6,1398,10.0,100000,Free,0.0,Everyone 10+,Food & Drink,"June 14, 2018",1,4.0.3 and up
1202,HungerStation,FOOD_AND_DRINK,3.8,22513,11.0,1000000,Free,0.0,Everyone,Food & Drink,"May 21, 2018",5.3.8,4.0.3 and up
1205,Dr. Oetker recipe ideas,FOOD_AND_DRINK,4.2,8509,17.0,1000000,Free,0.0,Everyone,Food & Drink,"July 12, 2018",3.5.5,4.0.3 and up
1206,SONIC Drive-In,FOOD_AND_DRINK,4.3,19314,43.0,1000000,Free,0.0,Everyone,Food & Drink,"July 31, 2018",3.3.6,4.4 and up
1207,SUBWAY®,FOOD_AND_DRINK,3.8,21314,41.0,1000000,Free,0.0,Everyone,Food & Drink,"July 24, 2018",7.9.0.0,4.4 and up
1209,Dairy Queen,FOOD_AND_DRINK,3.7,731,43.0,100000,Free,0.0,Everyone,Food & Drink,"July 25, 2018",2.1.0,4.1 and up
1210,9th stage,FOOD_AND_DRINK,4.5,454,16.0,100000,Free,0.0,Everyone,Food & Drink,"March 28, 2018",2.0.0,4.0.3 and up
1211,OpenRice,FOOD_AND_DRINK,3.6,14952,39.0,1000000,Free,0.0,Everyone,Food & Drink,"June 8, 2018",5.8.5,4.1 and up
1212,SarashpazPapion (Cooking with Chef Bowls),FOOD_AND_DRINK,4.8,1250,13.0,50000,Free,0.0,Everyone,Food & Drink,"July 28, 2018",3.2.7,4.1 and up
1213,Little Caesars,FOOD_AND_DRINK,3.3,1726,30.0,500000,Free,0.0,Everyone,Food & Drink,"July 19, 2018",4.26,4.4 and up
1214,Recipes Pastries and homemade pies More than 500 recipes for pastries,FOOD_AND_DRINK,4.7,14065,7.1,500000,Free,0.0,Everyone,Food & Drink,"June 12, 2018",1.2.2,4.1 and up
1215,Om Waleed Sweets,FOOD_AND_DRINK,4.6,556,23.0,100000,Free,0.0,Teen,Food & Drink,"January 25, 2018",2,4.0 and up
1216,"Eat Fast Prepare ""Without Internet""",FOOD_AND_DRINK,4.6,4925,17.0,1000000,Free,0.0,Everyone,Food & Drink,"June 10, 2018",3.6.6,4.0.3 and up
1217,Wendy’s – Food and Offers,FOOD_AND_DRINK,3.4,6507,18.0,1000000,Free,0.0,Everyone,Food & Drink,"April 12, 2018",5.7.0,4.4 and up
1219,Healthy Recipes Free,FOOD_AND_DRINK,4.0,1077,17.0,100000,Free,0.0,Everyone,Food & Drink,"October 18, 2017",3.2.0,4.0.3 and up
1221,ChefTap Recipes & Grocery List,FOOD_AND_DRINK,4.5,9066,15.0,500000,Free,0.0,Everyone,Food & Drink,"April 25, 2018",4.0.0.427,5.1 and up
1222,Recipe Keeper,FOOD_AND_DRINK,4.4,1962,22.0,100000,Free,0.0,Everyone,Food & Drink,"June 27, 2018",3.17.1.0,4.1 and up
1224,50 Healthy Slow Cooker Recipes,FOOD_AND_DRINK,4.0,196,9.0,10000,Free,0.0,Everyone 10+,Food & Drink,"February 17, 2017",1.2,2.3.3 and up
1225,Easy Healthy Recipes,FOOD_AND_DRINK,4.1,278,7.2,50000,Free,0.0,Everyone,Food & Drink,"July 20, 2018",24.5.0,4.0 and up
1229,Yummly Recipes & Shopping List,FOOD_AND_DRINK,4.5,91359,27.0,1000000,Free,0.0,Everyone,Food & Drink,"July 5, 2018",2.0.3,4.4 and up
1233,Postmates Food Delivery: Order Eats & Alcohol,FOOD_AND_DRINK,3.6,22875,22.0,1000000,Free,0.0,Everyone,Food & Drink,"July 27, 2018",4.2.6,5.0 and up
1238,Munchery: Chef Crafted Fresh Food Delivered,FOOD_AND_DRINK,3.9,464,28.0,50000,Free,0.0,Everyone,Food & Drink,"May 22, 2018",2.6.15,4.4 and up
1245,EatStreet Food Delivery App,FOOD_AND_DRINK,4.6,7690,25.0,100000,Free,0.0,Everyone,Food & Drink,"July 3, 2018",3.1.14,5.0 and up
1247,Caviar - Food Delivery,FOOD_AND_DRINK,4.2,3755,8.5,100000,Free,0.0,Everyone,Food & Drink,"July 20, 2018",2.4.11,6.0 and up
1251,Seamless Food Delivery/Takeout,FOOD_AND_DRINK,4.5,35218,34.0,1000000,Free,0.0,Everyone,Food & Drink,"August 2, 2018",7.12,5.0 and up
1257,Step Counter - Calorie Counter,HEALTH_AND_FITNESS,4.0,1577,2.2,500000,Free,0.0,Everyone,Health & Fitness,"August 12, 2017",1.0.7,4.4 and up
1259,Pedometer - Step Counter Free & Calorie Burner,HEALTH_AND_FITNESS,4.8,31139,6.9,1000000,Free,0.0,Everyone,Health & Fitness,"July 24, 2018",1.0.11,4.1 and up
1266,Sportractive GPS Running Cycling Distance Tracker,HEALTH_AND_FITNESS,4.8,48276,7.5,1000000,Free,0.0,Everyone,Health & Fitness,"August 4, 2018",3.0.6,4.4 and up
1268,Home Workout for Men - Bodybuilding,HEALTH_AND_FITNESS,4.8,12705,15.0,1000000,Free,0.0,Everyone,Health & Fitness,"July 10, 2018",1.0.2,4.0 and up
1269,Fat Burning Workout - Home Weight lose,HEALTH_AND_FITNESS,4.5,706,9.4,100000,Free,0.0,Everyone,Health & Fitness,"July 24, 2018",1.0.5,4.1 and up
1270,Buttocks and Abdomen,HEALTH_AND_FITNESS,4.4,465,6.4,500000,Free,0.0,Everyone,Health & Fitness,"June 7, 2018",1.08,4.0.3 and up
1271,Walking for Weight Loss - Walk Tracker,HEALTH_AND_FITNESS,4.5,644,5.5,100000,Free,0.0,Everyone,Health & Fitness,"July 25, 2018",1.0.4,4.1 and up
1272,Running & Jogging,HEALTH_AND_FITNESS,4.5,6238,3.9,500000,Free,0.0,Everyone,Health & Fitness,"July 30, 2018",1.1.22,4.1 and up
1274,Sleep Sounds,HEALTH_AND_FITNESS,4.8,51227,28.0,1000000,Free,0.0,Everyone,Health & Fitness,"July 13, 2018",4.0.1,4.0.3 and up
1276,Lose Belly Fat-Home Abs Fitness Workout,HEALTH_AND_FITNESS,4.6,199,8.8,50000,Free,0.0,Everyone,Health & Fitness,"July 24, 2018",1.0.7,4.1 and up
1278,Cycling - Bike Tracker,HEALTH_AND_FITNESS,4.5,9116,4.0,500000,Free,0.0,Everyone,Health & Fitness,"July 30, 2018",1.1.22,4.1 and up
1279,Abs Training-Burn belly fat,HEALTH_AND_FITNESS,4.7,2071,6.9,100000,Free,0.0,Everyone,Health & Fitness,"July 24, 2018",1.0.12,4.1 and up
1280,Calorie Counter - EasyFit free,HEALTH_AND_FITNESS,4.7,50294,11.0,1000000,Free,0.0,Everyone,Health & Fitness,"July 9, 2018",3.0.7,4.1 and up
1282,Aunjai i lert u,HEALTH_AND_FITNESS,4.2,1140,5.5,500000,Free,0.0,Teen,Health & Fitness,"January 10, 2017",1.5,3.0 and up
1285,Bike Computer - GPS Cycling Tracker,HEALTH_AND_FITNESS,4.4,12029,4.3,1000000,Free,0.0,Everyone,Health & Fitness,"August 4, 2018",2.6,4.2 and up
1287,Six Packs for Man–Body Building with No Equipment,HEALTH_AND_FITNESS,4.6,2880,7.1,100000,Free,0.0,Everyone,Health & Fitness,"July 24, 2018",1.0.8,4.1 and up
1291,The TK-App - everything under control,HEALTH_AND_FITNESS,4.5,8642,18.0,100000,Free,0.0,Everyone,Health & Fitness,"August 2, 2018",1.2,4.4 and up
1293,Walking: Pedometer diet,HEALTH_AND_FITNESS,3.7,1861,1.5,1000000,Free,0.0,Everyone,Health & Fitness,"June 18, 2018",1.5,2.3 and up
1294,Recipes for hair and face tried,HEALTH_AND_FITNESS,4.5,1203,6.5,500000,Free,0.0,Everyone,Health & Fitness,"October 16, 2016",1.2,2.3.3 and up
1295,Abs Workout - 30 Days Fitness App for Six Pack Abs,HEALTH_AND_FITNESS,4.6,299,11.0,100000,Free,0.0,Everyone,Health & Fitness,"August 3, 2018",1.3.8,4.4 and up
1300,Couch to 10K Running Trainer,HEALTH_AND_FITNESS,4.6,10445,48.0,500000,Free,0.0,Everyone,Health & Fitness,"July 2, 2018",112,4.4 and up
1302,"Home workouts - fat burning, abs, legs, arms,chest",HEALTH_AND_FITNESS,4.3,4848,13.0,1000000,Free,0.0,Everyone,Health & Fitness,"July 18, 2018",2.6,4.1 and up
1307,StrongLifts 5x5 Workout Gym Log & Personal Trainer,HEALTH_AND_FITNESS,4.9,66791,10.0,1000000,Free,0.0,Everyone,Health & Fitness,"July 30, 2018",Varies with device,Varies with device
1310,Workout Tracker & Gym Trainer - Fitness Log Book,HEALTH_AND_FITNESS,4.6,5420,21.0,500000,Free,0.0,Everyone,Health & Fitness,"June 5, 2018",2.48.3,4.1 and up
1315,Map My Ride GPS Cycling Riding,HEALTH_AND_FITNESS,4.5,106547,54.0,1000000,Free,0.0,Everyone,Health & Fitness,"July 27, 2018",18.7.1,5.0 and up
1321,Map My Fitness Workout Trainer,HEALTH_AND_FITNESS,4.4,38343,55.0,1000000,Free,0.0,Everyone,Health & Fitness,"July 27, 2018",18.7.1,5.0 and up
1328,Relax Meditation: Sleep with Sleep Sounds,HEALTH_AND_FITNESS,4.4,26540,43.0,1000000,Free,0.0,Everyone,Health & Fitness,"February 9, 2017",2.5.1,4.0.3 and up
1329,Free Meditation - Take a Break,HEALTH_AND_FITNESS,4.2,1608,39.0,100000,Free,0.0,Everyone,Health & Fitness,"July 28, 2016",6.7,2.3.3 and up
1330,Meditate OM,HEALTH_AND_FITNESS,4.5,19074,4.2,1000000,Free,0.0,Everyone,Health & Fitness,"January 17, 2018",16,4.0 and up
1331,Yoga - Track Yoga,HEALTH_AND_FITNESS,4.5,7976,44.0,500000,Free,0.0,Everyone,Health & Fitness,"July 9, 2018",7,4.0.3 and up
1332,My Chakra Meditation,HEALTH_AND_FITNESS,4.4,7586,45.0,500000,Free,0.0,Everyone,Health & Fitness,"April 10, 2018",1.0.6,2.3.3 and up
1334,"Meditation Music - Relax, Yoga",HEALTH_AND_FITNESS,4.6,48226,28.0,1000000,Free,0.0,Everyone,Health & Fitness,"March 5, 2018",3.1.9,4.0.3 and up
1336,Down Dog: Great Yoga Anywhere,HEALTH_AND_FITNESS,4.9,28945,12.0,500000,Free,0.0,Teen,Health & Fitness,"May 17, 2018",2.6.1,4.2 and up
1337,21-Day Meditation Experience,HEALTH_AND_FITNESS,4.4,11506,15.0,100000,Free,0.0,Everyone,Health & Fitness,"August 2, 2018",3.0.0,4.1 and up
1338,My Chakra Meditation 2,HEALTH_AND_FITNESS,4.3,1288,31.0,100000,Free,0.0,Everyone,Health & Fitness,"April 10, 2018",2.0.4,2.3.3 and up
1343,Simple Habit Meditation,HEALTH_AND_FITNESS,4.7,11689,20.0,500000,Free,0.0,Everyone,Health & Fitness,"July 27, 2018",1.29.15,4.4 and up
1349,My Cycles Period and Ovulation,HEALTH_AND_FITNESS,4.3,26652,41.0,1000000,Free,0.0,Everyone,Health & Fitness,"May 4, 2018",2.3.3,4.0.3 and up
1350,I’m Expecting - Pregnancy App,HEALTH_AND_FITNESS,4.6,71269,49.0,1000000,Free,0.0,Everyone,Health & Fitness,"March 30, 2018",2.3.2,4.0.3 and up
1351,The Bump Pregnancy Tracker,HEALTH_AND_FITNESS,4.6,20301,22.0,1000000,Free,0.0,Everyone,Health & Fitness,"May 16, 2018",3.22,4.3 and up
1353,Best Ovulation Tracker Fertility Calendar App Glow,HEALTH_AND_FITNESS,4.6,56145,23.0,1000000,Free,0.0,Everyone,Health & Fitness,"August 1, 2018",7.3.4-play,5.0 and up
1354,"Eve Period Tracker - Love, Sex & Relationships App",HEALTH_AND_FITNESS,4.6,20326,28.0,1000000,Free,0.0,Teen,Health & Fitness,"August 4, 2018",2.9.18,4.1 and up
1355,Fertility Friend Ovulation App,HEALTH_AND_FITNESS,4.5,12955,7.2,1000000,Free,0.0,Teen,Health & Fitness,"June 27, 2018",10.24,4.4 and up
1356,Pregnancy Tracker,HEALTH_AND_FITNESS,4.1,2681,6.5,500000,Free,0.0,Everyone,Health & Fitness,"February 10, 2018",37,4.0.3 and up
1358,"Spot On Period, Birth Control, & Cycle Tracker",HEALTH_AND_FITNESS,4.6,4102,24.0,500000,Free,0.0,Everyone 10+,Health & Fitness,"July 19, 2018",2.6.1,4.2 and up
1365,Map My Hike GPS Hiking,HEALTH_AND_FITNESS,4.4,12858,55.0,500000,Free,0.0,Everyone,Health & Fitness,"July 27, 2018",18.7.1,5.0 and up
1367,Runtastic Mountain Bike GPS Tracker,HEALTH_AND_FITNESS,4.5,50679,38.0,1000000,Free,0.0,Everyone,Health & Fitness,"August 1, 2018",3.6.2,4.4 and up
1368,"AllTrails: Hiking, Running & Mountain Bike Trails",HEALTH_AND_FITNESS,4.3,16943,32.0,1000000,Free,0.0,Everyone,Health & Fitness,"July 30, 2018",8.8.14,4.4 and up
1371,Tracks,HEALTH_AND_FITNESS,4.6,623,40.0,50000,Free,0.0,Everyone 10+,Health & Fitness,"July 17, 2017",1.2.3,4.0.3 and up
1377,Couch to 5K by RunDouble,HEALTH_AND_FITNESS,4.7,15674,6.1,1000000,Free,0.0,Everyone,Health & Fitness,"July 31, 2018",4.5.4,4.1 and up
1392,Calorie Counter - MyNetDiary,HEALTH_AND_FITNESS,4.5,27439,19.0,1000000,Free,0.0,Everyone,Health & Fitness,"July 16, 2018",6.5.1,5.0 and up
1393,10 Best Foods for You,HEALTH_AND_FITNESS,4.0,2490,3.8,500000,Free,0.0,Everyone 10+,Health & Fitness,"February 17, 2017",1.9,2.3.3 and up
1394,MyPlate Calorie Tracker,HEALTH_AND_FITNESS,4.6,24094,18.0,1000000,Free,0.0,Everyone,Health & Fitness,"July 9, 2018",3.3.0(1),4.1 and up
1396,Calorie Counter - Macros,HEALTH_AND_FITNESS,4.0,3061,5.5,100000,Free,0.0,Everyone,Health & Fitness,"August 27, 2016",2.3.4,5.0 and up
1398,Weight Loss Tracker - RecStyle,HEALTH_AND_FITNESS,4.4,20547,5.7,1000000,Free,0.0,Everyone,Health & Fitness,"November 29, 2017",3.2.7,4.1 and up
1399,Lark - 24/7 Health Coach,HEALTH_AND_FITNESS,4.1,3405,51.0,100000,Free,0.0,Everyone,Health & Fitness,"July 25, 2018",4.5.1.123,4.4 and up
1400,MealLogger-Photo Food Journal,HEALTH_AND_FITNESS,3.5,217,9.4,50000,Free,0.0,Teen,Health & Fitness,"August 23, 2017",4.6.2,4.0.3 and up
1401,Health and Nutrition Guide,HEALTH_AND_FITNESS,4.3,7895,3.3,500000,Free,0.0,Everyone,Health & Fitness,"July 15, 2018",3.3,4.0 and up
1403,Food Calorie Calculator,HEALTH_AND_FITNESS,4.2,1324,4.0,100000,Free,0.0,Everyone,Health & Fitness,"January 29, 2018",10.2.0,4.0 and up
1412,Eat Fit - Diet and Health Free,HEALTH_AND_FITNESS,4.1,2469,3.6,100000,Free,0.0,Everyone,Health & Fitness,"July 23, 2014",1.0.9,2.3 and up
1423,Self Healing,HEALTH_AND_FITNESS,4.5,14394,9.9,500000,Free,0.0,Everyone,Health & Fitness,"July 16, 2017",Public.Heal,4.0.3 and up
1425,Happify,HEALTH_AND_FITNESS,3.7,1812,37.0,100000,Free,0.0,Everyone,Health & Fitness,"July 24, 2018",1.31.0-15160.950adac99,4.4 and up
1428,Relaxing Sounds,HEALTH_AND_FITNESS,4.6,4642,40.0,100000,Free,0.0,Everyone,Health & Fitness,"March 11, 2017",1.92,4.1 and up
1432,Self-help Anxiety Management,HEALTH_AND_FITNESS,4.0,2894,23.0,500000,Free,0.0,Everyone 10+,Health & Fitness,"February 22, 2017",1.2.6,4.0.3 and up
1433,Brain Waves - Binaural Beats,HEALTH_AND_FITNESS,4.4,5038,10.0,500000,Free,0.0,Everyone,Health & Fitness,"July 15, 2018",5.2,4.4 and up
1435,Prana Breath: Calm & Meditate,HEALTH_AND_FITNESS,4.8,31665,8.4,1000000,Free,0.0,Everyone,Health & Fitness,"July 19, 2018",8.2.0_8,4.0 and up
1440,White Noise Lite,HEALTH_AND_FITNESS,4.4,57634,41.0,1000000,Free,0.0,Everyone,Health & Fitness,"June 25, 2018",7.4,4.1 and up
1447,"Viva Decora - Decoration, Photos, Architecture, House",HOUSE_AND_HOME,4.8,3167,7.5,100000,Free,0.0,Everyone,House & Home,"August 3, 2018",2.0.0,5.0 and up
1451,"591 housing transactions - renting houses, middle-class houses, new cases, real-time registration, villas through the sky, apartment suites, MRT, buying a house selling prices, housing mortgages",HOUSE_AND_HOME,4.1,24977,21.0,1000000,Free,0.0,Everyone,House & Home,"August 1, 2018",3.5.9,4.0.3 and up
1452,"Homes.com 🏠 For Sale, Rent",HOUSE_AND_HOME,4.0,6000,18.0,1000000,Free,0.0,Everyone,House & Home,"July 28, 2018",9.6.8,4.1 and up
1453,"CYANOGEN. Rent, buy an apartment, a room, a cottage 3+",HOUSE_AND_HOME,4.3,37711,40.0,1000000,Free,0.0,Everyone,House & Home,"July 31, 2018",2.51.0,4.4 and up
1455,Latest 2018 Home Designs,HOUSE_AND_HOME,,174,8.7,10000,Free,0.0,Everyone,House & Home,"July 26, 2018",1.1,2.3 and up
1457,Good room network fast rent,HOUSE_AND_HOME,3.7,2758,8.6,500000,Free,0.0,Everyone,House & Home,"June 25, 2018",4.2.3,4.0 and up
1459,LIFULL HOME'S,HOUSE_AND_HOME,4.2,7573,18.0,1000000,Free,0.0,Everyone,House & Home,"July 25, 2018",8.2.1,4.2 and up
1460,"Apartment List: Housing, Apt, and Property Rentals",HOUSE_AND_HOME,4.5,8481,7.5,1000000,Free,0.0,Everyone,House & Home,"August 3, 2018",2.1.0,5.0 and up
1461,Gold Butterfly Keyboard Theme,HOUSE_AND_HOME,4.3,10054,9.1,1000000,Free,0.0,Everyone,House & Home,"July 12, 2018",6.7.12.2018,4.0.3 and up
1462,"Apartment, Home Rental Search: Realtor.com Rentals",HOUSE_AND_HOME,3.9,10117,13.0,1000000,Free,0.0,Everyone,House & Home,"June 29, 2018",3.6,4.0.3 and up
1464,591 Housing Trading - Hong Kong,HOUSE_AND_HOME,4.3,3522,15.0,100000,Free,0.0,Everyone,House & Home,"August 2, 2018",3.10.8,4.0 and up
1466,Redfin Real Estate,HOUSE_AND_HOME,4.6,36857,19.0,1000000,Free,0.0,Everyone,House & Home,"July 25, 2018",220,5.0 and up
1469,Yes319 real price login query,HOUSE_AND_HOME,,12,5.1,5000,Free,0.0,Everyone,House & Home,"July 12, 2018",1.04,4.0.3 and up
1471,DIY On A Budget,HOUSE_AND_HOME,4.7,114,8.3,10000,Free,0.0,Teen,House & Home,"February 18, 2018",2.1,4.1 and up
1472,Free Foreclosure Real Estate Search by USHUD.com,HOUSE_AND_HOME,3.4,287,27.0,100000,Free,0.0,Everyone,House & Home,"May 29, 2018",2.4.2,4.4 and up
1473,Mortgage by Zillow: Calculator & Rates,HOUSE_AND_HOME,4.3,4435,7.9,500000,Free,0.0,Everyone,House & Home,"March 2, 2016",2.6.0.287,4.0 and up
1475,Room planner: Interior & Floorplan Design for IKEA,HOUSE_AND_HOME,4.0,4281,27.0,100000,Free,0.0,Everyone,House & Home,"August 5, 2018",858,4.0.3 and up
1476,Rent.com Apartment Homes,HOUSE_AND_HOME,4.0,7508,5.1,1000000,Free,0.0,Everyone,House & Home,"July 9, 2018",7.9.0,5.0 and up
1477,Good house to buy a house,HOUSE_AND_HOME,3.8,491,15.0,100000,Free,0.0,Everyone,House & Home,"July 25, 2018",2.6.0,4.0.3 and up
1478,LH Housing Promotion Notice,HOUSE_AND_HOME,,160,3.1,100000,Free,0.0,Everyone,House & Home,"September 19, 2017",1.2.0,4.0 and up
1479,Apartments.com Rental Search,HOUSE_AND_HOME,4.3,22584,16.0,1000000,Free,0.0,Everyone,House & Home,"July 16, 2018",4.7.13,4.4 and up
1480,Hemnet,HOUSE_AND_HOME,3.6,4087,9.2,500000,Free,0.0,Everyone,House & Home,"July 16, 2018",4.3.0,4.1 and up
1483,House app: beautiful everyday ~,HOUSE_AND_HOME,4.6,2669,10.0,500000,Free,0.0,Teen,House & Home,"August 3, 2018",2.0.6.9,4.1 and up
1484,Home tips and advice,HOUSE_AND_HOME,,10,2.6,5000,Free,0.0,Everyone,House & Home,"December 28, 2017",2,4.0.3 and up
1485,"N1.RU - Real estate: apartments, new buildings, lodging",HOUSE_AND_HOME,4.5,7619,13.0,100000,Free,0.0,Everyone,House & Home,"July 12, 2018",1.22.0,4.0.3 and up
1486,Ruler,HOUSE_AND_HOME,4.7,126,1.9,10000,Free,0.0,Everyone,House & Home,"August 21, 2017",1,4.0 and up
1487,Home Decor Showpiece Art making: Medium Difficulty,HOUSE_AND_HOME,4.3,273,7.0,50000,Free,0.0,Everyone,House & Home,"May 30, 2018",1.2,4.0.3 and up
1488,"乐屋网: Buying a house, selling a house, renting a house",HOUSE_AND_HOME,3.7,2248,15.0,100000,Free,0.0,Everyone,House & Home,"August 3, 2018",v3.1.1,4.0 and up
1489,Real estate court auction information site - Hyundai court auction,HOUSE_AND_HOME,,10,4.2,10000,Free,0.0,Everyone,House & Home,"August 2, 2018",1.2,4.3 and up
1490,iProperty Malaysia,HOUSE_AND_HOME,4.2,809,7.8,100000,Free,0.0,Everyone,House & Home,"July 25, 2018",1.6.1.2,4.0 and up
1492,Apartment Decorating Ideas,HOUSE_AND_HOME,3.9,1478,5.7,100000,Free,0.0,Everyone,House & Home,"March 13, 2015",1.2,3.0 and up
1493,Bedroom Decorating Ideas,HOUSE_AND_HOME,4.0,2382,5.9,500000,Free,0.0,Everyone,House & Home,"April 7, 2015",1.7,3.0 and up
1494,Room Painting Ideas,HOUSE_AND_HOME,4.0,4450,7.6,1000000,Free,0.0,Everyone,House & Home,"March 17, 2015",1.7,3.0 and up
1495,Kitchen Island Ideas,HOUSE_AND_HOME,4.0,515,5.8,50000,Free,0.0,Everyone,House & Home,"May 30, 2015",1.5,3.0 and up
1497,Living Room Decorating Ideas,HOUSE_AND_HOME,4.0,4465,5.8,1000000,Free,0.0,Everyone,House & Home,"March 6, 2015",1.7,3.0 and up
1498,Bathroom Decorating Ideas,HOUSE_AND_HOME,4.1,2427,5.3,500000,Free,0.0,Everyone,House & Home,"March 12, 2015",1.4,3.0 and up
1499,Wall Decorating Ideas,HOUSE_AND_HOME,3.9,6631,5.5,1000000,Free,0.0,Everyone,House & Home,"March 11, 2015",1.5,3.0 and up
1500,Zumper - Apartment Rental Finder,HOUSE_AND_HOME,4.4,11200,25.0,1000000,Free,0.0,Everyone,House & Home,"July 16, 2018",4.5.15,5.0 and up
1501,RadPad: Apartment Finder App,HOUSE_AND_HOME,4.4,6896,35.0,500000,Free,0.0,Everyone,House & Home,"August 30, 2017",1.7.3,4.1 and up
1508,Homesnap Real Estate & Rentals,HOUSE_AND_HOME,4.3,3834,30.0,500000,Free,0.0,Everyone,House & Home,"July 31, 2018",5.20.38,4.2 and up
1513,Trulia Mortgage Calculators,HOUSE_AND_HOME,4.1,81,16.0,50000,Free,0.0,Everyone,House & Home,"February 16, 2018",2.1.0,4.4 and up
1515,Quotes,LIBRARIES_AND_DEMO,4.4,58,15.0,10000,Free,0.0,Everyone,Libraries & Demo,"July 6, 2018",1,4.0.3 and up
1516,Best New Ringtones 2018 Free 🔥 For Android™,LIBRARIES_AND_DEMO,4.6,3014,21.0,100000,Free,0.0,Everyone,Libraries & Demo,"June 27, 2018",1.1,5.0 and up
1517,Lamp detector,LIBRARIES_AND_DEMO,,5,1.8,1000,Free,0.0,Everyone,Libraries & Demo,"April 23, 2018",4.4.2,2.3.3 and up
1518,SUDOKU,LIBRARIES_AND_DEMO,4.1,923,4.3,100000,Free,0.0,Everyone,Libraries & Demo,"October 15, 2015",3.1,2.3 and up
1519,General culture,LIBRARIES_AND_DEMO,,26,10.0,10000,Free,0.0,Everyone,Libraries & Demo,"February 20, 2018",1.2,4.0 and up
1520,Luffs,LIBRARIES_AND_DEMO,,487,3.7,100000,Free,0.0,Everyone,Libraries & Demo,"January 16, 2018",1,4.0.3 and up
1524,Call Recorder,LIBRARIES_AND_DEMO,4.7,48,6.9,1000,Free,0.0,Everyone,Libraries & Demo,"May 25, 2018",1.7.2.10,4.0 and up
1525,Pink Water Sakura Keyboard Theme,LIBRARIES_AND_DEMO,4.3,1465,7.0,100000,Free,0.0,Everyone,Libraries & Demo,"July 9, 2018",6.7.5,4.0.3 and up
1526,auto Call Recorder 2018,LIBRARIES_AND_DEMO,4.5,929,7.0,50000,Free,0.0,Everyone,Libraries & Demo,"February 16, 2018",1.02.2018.11,4.0 and up
1527,converter video to mp3,LIBRARIES_AND_DEMO,4.4,783,6.4,100000,Free,0.0,Everyone,Libraries & Demo,"June 10, 2017",1.6,2.2 and up
1529,chicken song,LIBRARIES_AND_DEMO,4.3,434,16.0,100000,Free,0.0,Everyone,Libraries & Demo,"June 6, 2018",6.0.0,2.3 and up
1530,Words (188 Category),LIBRARIES_AND_DEMO,,54,5.9,10000,Free,0.0,Everyone,Libraries & Demo,"July 4, 2018",1,4.0.3 and up
1532,Essential Resources,LIBRARIES_AND_DEMO,4.6,237,0.0,50000,Free,0.0,Everyone,Libraries & Demo,"September 27, 2017",1.02,7.1 and up
1533,MOMOLAND BBoom BBoom,LIBRARIES_AND_DEMO,4.6,2580,20.0,100000,Free,0.0,Everyone,Libraries & Demo,"March 8, 2018",2,2.3 and up
1534,Cold Spirits,LIBRARIES_AND_DEMO,,363,2.5,100000,Free,0.0,Everyone,Libraries & Demo,"January 2, 2017",1.2,2.3 and up
1536,How to sew & make the easiest pattern,LIBRARIES_AND_DEMO,,110,10.0,10000,Free,0.0,Everyone,Libraries & Demo,"November 5, 2017",1,4.0 and up
1537,I will return his eggs,LIBRARIES_AND_DEMO,,91,18.0,100000,Free,0.0,Everyone,Libraries & Demo,"November 16, 2017",6,2.3 and up
1538,Bird Sounds & Bird Ringtones for Free 2018,LIBRARIES_AND_DEMO,4.6,130,12.0,10000,Free,0.0,Everyone,Libraries & Demo,"February 23, 2018",1,4.0.3 and up
1539,Benefits of olive oil with garlic,LIBRARIES_AND_DEMO,,25,2.5,10000,Free,0.0,Everyone,Libraries & Demo,"June 23, 2018",1,4.0.3 and up
1540,Sad hair without net,LIBRARIES_AND_DEMO,,20,2.1,5000,Free,0.0,Everyone,Libraries & Demo,"March 26, 2018",1,2.3 and up
1541,Top Popular Ringtones 2018 Free 🔥,LIBRARIES_AND_DEMO,4.4,7396,22.0,500000,Free,0.0,Everyone,Libraries & Demo,"July 6, 2018",5.28,4.0.3 and up
1543,Super Funny Ringtones 2018 🔔,LIBRARIES_AND_DEMO,4.5,1703,22.0,100000,Free,0.0,Everyone,Libraries & Demo,"March 1, 2018",3.1,4.0.3 and up
1544,Apk Installer,LIBRARIES_AND_DEMO,3.8,7750,0.3,1000000,Free,0.0,Everyone,Libraries & Demo,"June 29, 2011",1,1.6 and up
1545,SAMSUNG RETAILMODE 2018,LIBRARIES_AND_DEMO,4.3,6,5.5,10000,Free,0.0,Everyone,Libraries & Demo,"August 3, 2018",8.0.20180212,4.2 and up
1547,Eternal life,LIBRARIES_AND_DEMO,5.0,26,2.5,1000,Free,0.0,Everyone,Libraries & Demo,"May 24, 2018",1,1.6 and up
1548,V380s,LIBRARIES_AND_DEMO,3.2,1919,8.1,500000,Free,0.0,Everyone,Libraries & Demo,"July 11, 2018",5.9.1,4.1 and up
1549,Cool Popular Ringtones 2018 🔥,LIBRARIES_AND_DEMO,4.5,60170,28.0,1000000,Free,0.0,Everyone,Libraries & Demo,"July 13, 2018",2.4,5.0 and up
1550,Blackpink as if it's your last,LIBRARIES_AND_DEMO,4.7,831,24.0,100000,Free,0.0,Everyone,Libraries & Demo,"February 20, 2018",8,2.3 and up
1551,Wifi Test,LIBRARIES_AND_DEMO,4.0,8671,3.1,1000000,Free,0.0,Everyone,Libraries & Demo,"July 3, 2018",3.6,4.0 and up
1552,Patience Words,LIBRARIES_AND_DEMO,,31,3.4,10000,Free,0.0,Everyone,Libraries & Demo,"December 14, 2017",1,4.0.3 and up
1553,Market Update Helper,LIBRARIES_AND_DEMO,4.1,20145,0.0,1000000,Free,0.0,Everyone,Libraries & Demo,"February 12, 2013",,1.5 and up
1554,Ayyush wih wih new without Net,LIBRARIES_AND_DEMO,3.8,912,13.0,500000,Free,0.0,Everyone,Libraries & Demo,"January 9, 2018",2.0.0,2.3 and up
1555,Girls Nancy Ajram Without Net,LIBRARIES_AND_DEMO,4.7,2639,19.0,500000,Free,0.0,Everyone,Libraries & Demo,"December 11, 2017",6,2.3 and up
1556,R M Lock Screen,LIBRARIES_AND_DEMO,4.5,399,9.5,100000,Free,0.0,Everyone,Libraries & Demo,"May 22, 2018",1.1,4.0.3 and up
1557,Mama Lala 's song,LIBRARIES_AND_DEMO,,102,21.0,50000,Free,0.0,Everyone,Libraries & Demo,"July 1, 2018",6.0.0,2.3 and up
1558,Barcode Scanner,LIBRARIES_AND_DEMO,4.2,3945,9.4,500000,Free,0.0,Everyone,Libraries & Demo,"January 9, 2018",4.2.2,3.2 and up
1559,Young Speeches,LIBRARIES_AND_DEMO,,2221,2.4,500000,Free,0.0,Everyone,Libraries & Demo,"January 8, 2017",1.1,2.3 and up
1560,New Ringtones 2018,LIBRARIES_AND_DEMO,4.1,3781,36.0,1000000,Free,0.0,Everyone,Libraries & Demo,"April 15, 2018",1.8,4.0 and up
1561,EyeCloud,LIBRARIES_AND_DEMO,3.1,1267,55.0,100000,Free,0.0,Everyone,Libraries & Demo,"August 2, 2018",5.1.2,4.4 and up
1564,Easy Hair Style Design,LIFESTYLE,4.3,601,5.1,100000,Free,0.0,Everyone,Lifestyle,"December 20, 2017",1,2.3 and up
1567,Girly Wallpapers Backgrounds,LIFESTYLE,4.4,13565,3.3,1000000,Free,0.0,Everyone,Lifestyle,"August 5, 2018",2.5,4.0 and up
1569,Easy Makeup Tutorials,LIFESTYLE,4.3,7287,5.0,1000000,Free,0.0,Everyone,Lifestyle,"November 3, 2016",1,2.3 and up
1571,Entel,LIFESTYLE,3.2,16168,55.0,1000000,Free,0.0,Everyone,Lifestyle,"July 26, 2018",2.2.9,4.0.3 and up
1572,ZenUI Safeguard,LIFESTYLE,4.5,100,7.1,1000000,Free,0.0,Everyone,Lifestyle,"May 9, 2018",1.0.0.21_180410,7.0 - 7.1.1
1575,FOSSIL Q: DESIGN YOUR DIAL,LIFESTYLE,4.3,985,16.0,500000,Free,0.0,Everyone,Lifestyle,"May 31, 2018",3.7,7.0 and up
1578,Van Nien 2018 - Lich Van su & Lich Am,LIFESTYLE,4.4,3829,23.0,1000000,Free,0.0,Everyone,Lifestyle,"June 1, 2018",3.9.3,4.1 and up
1579,Safeway,LIFESTYLE,4.3,33572,37.0,1000000,Free,0.0,Everyone,Lifestyle,"August 2, 2018",6.2.0,4.4 and up
1582,Tattoodo - Find your next tattoo,LIFESTYLE,4.5,7457,13.0,1000000,Free,0.0,Teen,Lifestyle,"August 3, 2018",2.4.12-r244,4.1 and up
1585,Anime Avatar Creator: Make Your Own Avatar,LIFESTYLE,4.2,10944,36.0,1000000,Free,0.0,Everyone,Lifestyle,"June 15, 2018",2,4.1 and up
1586,Beautiful Design Birthday Cake,LIFESTYLE,4.3,665,3.0,500000,Free,0.0,Everyone,Lifestyle,"August 4, 2018",2,2.3 and up
1587,Pronunciation and know the name of the caller from his number,LIFESTYLE,4.6,2167,1.4,500000,Free,0.0,Everyone,Lifestyle,"January 7, 2018",1,2.3 and up
1588,Super Slime Simulator - Satisfying Slime App,LIFESTYLE,4.5,53652,39.0,1000000,Free,0.0,Everyone,Lifestyle,"August 5, 2018",2.15,5.0 and up
1590,H Pack,LIFESTYLE,4.3,9412,1.7,1000000,Free,0.0,Everyone,Lifestyle,"December 17, 2016",1.5.1,4.0.3 and up
1591,Family convenience store FamilyMart,LIFESTYLE,3.3,9663,19.0,1000000,Free,0.0,Everyone,Lifestyle,"July 16, 2018",Version:6.97,4.4 and up
1592,သိင်္ Astrology - Min Thein Kha BayDin,LIFESTYLE,4.7,2225,15.0,100000,Free,0.0,Everyone,Lifestyle,"July 26, 2018",4.2.1,4.0.3 and up
1593,w UN map,LIFESTYLE,4.2,23164,10.0,1000000,Free,0.0,Mature 17+,Lifestyle,"July 24, 2018",2.6,5.0 and up
1594,Official Matsumoto Kiyoshi application,LIFESTYLE,3.2,3031,2.7,1000000,Free,0.0,Everyone,Lifestyle,"July 3, 2018",1.5.3,4.0 and up
1596,PASS by KT (formerly KT certified),LIFESTYLE,3.5,7869,21.0,1000000,Free,0.0,Everyone,Lifestyle,"August 1, 2018",02.00.06,4.4 and up
1597,Safety stepping stone,LIFESTYLE,3.7,4212,20.0,1000000,Free,0.0,Everyone,Lifestyle,"July 25, 2018",3.4.5,2.3 and up
1601,JOANN - Crafts & Coupons,LIFESTYLE,4.6,34782,12.0,1000000,Free,0.0,Everyone,Lifestyle,"June 22, 2018",5.2.2,4.3 and up
1602,MK eCatalog,LIFESTYLE,4.0,6676,6.2,1000000,Free,0.0,Everyone,Lifestyle,"February 21, 2018",3,4.2 and up
1604,Fashion in Vogue,LIFESTYLE,3.8,1797,6.8,100000,Free,0.0,Everyone,Lifestyle,"September 27, 2016",2,4.3 and up
1606,StyleSeat,LIFESTYLE,4.7,20304,24.0,500000,Free,0.0,Everyone,Lifestyle,"July 31, 2018",4.35,4.0.3 and up
1607,Wedding Countdown Widget,LIFESTYLE,3.9,7376,19.0,1000000,Free,0.0,Everyone,Lifestyle,"January 11, 2018",5.2.2018010801-1,4.1 and up
1608,My Day - Countdown Calendar 🗓️,LIFESTYLE,4.1,49147,13.0,1000000,Free,0.0,Everyone,Lifestyle,"May 7, 2018",2.9.5,4.1 and up
1609,justWink Greeting Cards,LIFESTYLE,4.6,69177,15.0,1000000,Free,0.0,Teen,Lifestyle,"August 2, 2017",2.7.3,4.4 and up
1610,Wedding LookBook by The Knot,LIFESTYLE,4.2,3448,13.0,100000,Free,0.0,Everyone,Lifestyle,"July 9, 2018",3.9.5,4.0.3 and up
1613,"Wedding Planner by WeddingWire - Venues, Checklist",LIFESTYLE,4.2,3788,44.0,1000000,Free,0.0,Everyone,Lifestyle,"July 24, 2018",8.5.1,5.0 and up
1615,WedMeGood - Wedding Planner,LIFESTYLE,4.6,1658,9.7,100000,Free,0.0,Everyone,Lifestyle,"July 31, 2018",2.0.9,4.4 and up
1617,DIY Garden Ideas,LIFESTYLE,4.1,3309,13.0,500000,Free,0.0,Everyone,Lifestyle,"August 5, 2018",10,4.0 and up
1618,Brit + Co,LIFESTYLE,3.9,987,4.5,10000,Free,0.0,Everyone,Lifestyle,"August 29, 2017",2.0.4,4.0 and up
1619,Creative Ideas - DIY & Craft,LIFESTYLE,4.0,5208,4.5,100000,Free,0.0,Teen,Lifestyle,"November 23, 2017",1.37,4.0 and up
1622,Wheretoget: Shop in style,LIFESTYLE,4.1,6808,12.0,500000,Free,0.0,Teen,Lifestyle,"June 5, 2017",3.2.0,4.1 and up
1624,Chictopia,LIFESTYLE,4.1,360,4.6,10000,Free,0.0,Everyone,Lifestyle,"April 30, 2014",1.6.2,2.2 and up
1625,Scarf Fashion Designer,LIFESTYLE,4.4,16637,10.0,1000000,Free,0.0,Everyone,Lifestyle,"June 18, 2017",1.8,2.3 and up
1634,Real Estate by Movoto,LIFESTYLE,4.4,3114,13.0,100000,Free,0.0,Everyone,Lifestyle,"February 20, 2018",6.1,4.0.3 and up
1635,Etta Homes,LIFESTYLE,4.2,220,15.0,50000,Free,0.0,Everyone,Lifestyle,"July 26, 2018",9.1.0,5.0 and up
1636,Houlihan Lawrence,LIFESTYLE,4.4,33,23.0,5000,Free,0.0,Everyone,Lifestyle,"October 12, 2017",3.9.5,4.2 and up
1637,Home Scouting® MLS Mobile,LIFESTYLE,4.3,1533,7.7,100000,Free,0.0,Everyone,Lifestyle,"September 27, 2016",2.2.6,2.2 and up
1639,ZipRealty Real Estate & Homes,LIFESTYLE,4.0,3937,15.0,100000,Free,0.0,Everyone,Lifestyle,"July 27, 2018",8.3.3,4.4 and up
1640,Sotheby's International Realty,LIFESTYLE,4.2,894,25.0,50000,Free,0.0,Everyone,Lifestyle,"April 9, 2018",5.600.42,4.0.3 and up
1642,Neighborhoods & Apartments,LIFESTYLE,3.9,2042,3.0,100000,Free,0.0,Everyone,Lifestyle,"August 28, 2015",3.1.6,4.0 and up
1643,Keller Williams Real Estate,LIFESTYLE,4.4,13213,22.0,1000000,Free,0.0,Everyone,Lifestyle,"March 28, 2018",5.800.04,4.0.3 and up
1646,Bed Time Fan - White Noise Sleep Sounds,LIFESTYLE,4.5,10097,7.5,500000,Free,0.0,Everyone,Lifestyle,"April 26, 2018",1.2,4.0 and up
1647,Nature Sounds,LIFESTYLE,4.8,28588,24.0,1000000,Free,0.0,Everyone,Lifestyle,"March 1, 2018",3.1.8,4.0.3 and up
1649,White Noise Baby,LIFESTYLE,4.5,10544,44.0,1000000,Free,0.0,Everyone,Lifestyle,"June 18, 2018",5.3,4.1 and up
1652,7 Day Food Journal Challenge,LIFESTYLE,4.5,3346,14.0,100000,Free,0.0,Teen,Lifestyle,"March 8, 2017",3.6.3,4.0.3 and up
1669,Zombie Hunter King,GAME,4.3,10306,50.0,1000000,Free,0.0,Mature 17+,Action,"August 1, 2018",1.0.8,2.3 and up
1674,Super Jim Jump - pixel 3d,GAME,4.5,10393,18.0,1000000,Free,0.0,Everyone,Arcade,"July 11, 2018",2.2.3181,4.0 and up
1747,Farm Fruit Pop: Party Time,GAME,4.4,9305,14.0,1000000,Free,0.0,Everyone,Casual,"August 2, 2018",1.9.2,4.0.3 and up
1769,Woody Puzzle,GAME,4.7,21262,29.0,1000000,Free,0.0,Everyone,Puzzle,"August 3, 2018",1.0.9,4.4 and up
1775,The Fish Master!,GAME,4.1,15763,54.0,1000000,Free,0.0,Everyone,Arcade,"July 17, 2018",1.6,4.1 and up
1779,PLANK!,GAME,4.7,7196,38.0,500000,Free,0.0,Everyone,Arcade,"July 17, 2018",1.0.2,4.3 and up
1814,Ice Crush 2018 - A new Puzzle Matching Adventure,GAME,4.6,15403,25.0,1000000,Free,0.0,Everyone,Casual,"August 2, 2018",1.8.1,4.1 and up
1817,SHADOWGUN LEGENDS,GAME,4.6,100609,52.0,1000000,Free,0.0,Teen,Action,"July 16, 2018",0.5.4,6.0 and up
1858,Might & Magic: Elemental Guardians,GAME,4.3,32551,35.0,500000,Free,0.0,Mature 17+,Role Playing,"July 12, 2018",1.93,4.4 and up
1864,Fate/Grand Order (English),GAME,4.4,16601,55.0,500000,Free,0.0,Teen,Role Playing,"July 26, 2018",1.18.0,4.0 and up
1900,Jewels Star: OZ adventure,GAME,4.5,21892,14.0,1000000,Free,0.0,Everyone,Puzzle,"December 29, 2017",1.3,4.0 and up
1951,Once Upon a Tower,GAME,4.7,37139,49.0,1000000,Free,0.0,Everyone 10+,Action,"January 24, 2018",8,4.1 and up
1961,Runner 3d like,GAME,4.5,559,32.0,100000,Free,0.0,Everyone 10+,Action,"August 3, 2018",1.0.7,4.0 and up
2017,Jewels Crush- Match 3 Puzzle,FAMILY,4.4,14774,19.0,1000000,Free,0.0,Everyone,Casual;Brain Games,"July 23, 2018",1.9.3901,4.0.3 and up
2020,Super ABC! Learning games for kids! Preschool apps,FAMILY,4.6,20267,46.0,1000000,Free,0.0,Everyone,Educational;Education,"July 16, 2018",1.1.6.7,4.1 and up
2021,Toy Pop Cubes,FAMILY,4.5,5761,21.0,1000000,Free,0.0,Everyone,Casual;Brain Games,"July 4, 2018",1.8.3181,4.0.3 and up
2023,Candy Pop Story,FAMILY,4.7,12948,23.0,1000000,Free,0.0,Everyone,Casual;Brain Games,"May 24, 2018",2.0.3165,2.3 and up
2027,Candy Smash,FAMILY,4.5,11436,15.0,1000000,Free,0.0,Everyone,Casual;Brain Games,"April 17, 2018",2.2.3169,4.0.3 and up
2028,Happy Fruits Bomb - Cube Blast,FAMILY,4.5,2150,20.0,500000,Free,0.0,Everyone,Casual;Brain Games,"February 1, 2018",1.0.3122,4.0.3 and up
2030,Princess Adventures Puzzles,FAMILY,4.4,382,44.0,500000,Free,0.0,Everyone,Education;Creativity,"August 1, 2018",1.1.0,2.3 and up
2032,Puzzle Kids - Animals Shapes and Jigsaw Puzzles,FAMILY,4.6,1109,52.0,1000000,Free,0.0,Everyone,Educational;Brain Games,"July 18, 2018",1.0.6,4.1 and up
2035,Kids Educational :All in One,FAMILY,4.5,1455,8.9,500000,Free,0.0,Everyone,Education;Education,"February 1, 2018",2.7,2.3 and up
2039,Learn To Draw Glow Flower,FAMILY,4.4,7320,10.0,1000000,Free,0.0,Everyone,Entertainment;Education,"July 7, 2017",1.0.1,4.0.3 and up
2042,Draw.ly - Color by Number Pixel Art Coloring,FAMILY,4.4,18616,10.0,1000000,Free,0.0,Everyone,Casual;Education,"August 5, 2018",1.0.9,4.0.3 and up
2044,Garden Fruit Legend,FAMILY,4.6,4289,33.0,500000,Free,0.0,Everyone,Casual;Brain Games,"July 31, 2018",3.5.3183,4.0.3 and up
2046,Candy Day,FAMILY,4.5,11716,48.0,1000000,Free,0.0,Everyone,Casual;Brain Games,"August 3, 2018",8.4.3180,4.0 and up
2047,Learn To Draw Glow Princess,FAMILY,4.5,3323,9.6,1000000,Free,0.0,Everyone,Casual;Pretend Play,"July 14, 2017",1.0.1,4.0.3 and up
2053,Educational Games for Kids,FAMILY,4.5,7050,24.0,1000000,Free,0.0,Everyone,Educational;Education,"May 27, 2018",2,4.0 and up
2055,Fruit Boom,FAMILY,4.4,17753,16.0,1000000,Free,0.0,Everyone,Casual;Brain Games,"May 25, 2018",2.2.3172,4.0.3 and up
2060,Rhythm Patrol,FAMILY,4.3,4207,26.0,100000,Free,0.0,Everyone,Music;Music & Video,"July 23, 2018",2.180723,4.1 and up
2066,Drawing for Kids Learning Games for Toddlers age 3,FAMILY,4.6,29436,43.0,1000000,Free,0.0,Everyone,Educational;Education,"March 21, 2018",2.0.5.0,4.1 and up
2070,Baby ABC in box! Kids alphabet games for toddlers!,FAMILY,4.6,9652,53.0,1000000,Free,0.0,Everyone,Educational;Education,"July 16, 2018",2.0.7.4,4.1 and up
2071,Henry Danger Crime Warp,FAMILY,4.6,9626,28.0,1000000,Free,0.0,Everyone,Action;Action & Adventure,"February 7, 2018",1.1,4.4 and up
2073,Super School: Educational Kids Games & Rhymes,FAMILY,4.5,1791,56.0,500000,Free,0.0,Everyone,Education;Education,"June 2, 2018",5.3.11,5.0 and up
2079,Leo and Tig,FAMILY,4.5,47644,27.0,1000000,Free,0.0,Everyone,Adventure;Action & Adventure,"May 31, 2018",10.18053,4.0.3 and up
2082,Montessori Preschool,FAMILY,3.9,237,26.0,100000,Free,0.0,Everyone,Education;Education,"July 12, 2018",1.7.2,4.1 and up
2083,Kids Corner: Interactive Tales and Games for kids,FAMILY,4.5,6404,46.0,500000,Free,0.0,Everyone,Educational;Brain Games,"July 16, 2018",1.8.3,4.1 and up
2100,Little Panda Run,FAMILY,4.2,3235,32.0,1000000,Free,0.0,Everyone,Educational;Action & Adventure,"June 20, 2018",8.25.10.00,4.0.3 and up
2102,Car Racing game for Kids - Beepzz Dogs 🐕,FAMILY,4.4,131,48.0,100000,Free,0.0,Everyone,Racing;Action & Adventure,"June 13, 2018",1.1.1,4.2 and up
2107,Ninja Dash - Ronin Jump RPG,FAMILY,4.7,8508,54.0,500000,Free,0.0,Everyone 10+,Arcade;Action & Adventure,"August 2, 2018",1.1.23,4.0.3 and up
2108,Paw Patrol by ShuffleCards,FAMILY,4.3,3484,56.0,1000000,Free,0.0,Everyone,Entertainment;Action & Adventure,"March 7, 2017",1.0.1,4.0 and up
2110,Transformers Rescue Bots: Disaster Dash,FAMILY,4.4,19245,25.0,1000000,Free,0.0,Everyone,Casual;Action & Adventure,"March 28, 2018",1.3,4.1 and up
2116,Little Fire Station,FAMILY,4.2,3762,44.0,1000000,Free,0.0,Everyone,Education;Action & Adventure,"July 2, 2018",1.47,4.3 and up
2128,Doctor Pets,FAMILY,4.2,23060,21.0,1000000,Free,0.0,Everyone,Educational;Education,"July 26, 2018",1.19,4.1 and up
2137,Cute Pet Puppies,FAMILY,4.0,10447,36.0,1000000,Free,0.0,Everyone,Simulation;Action & Adventure,"February 18, 2016",1.0.4,2.3 and up
2141,Monica Toy TV,FAMILY,4.7,6188,49.0,500000,Free,0.0,Everyone 10+,Entertainment;Music & Video,"April 3, 2018",1.6.4,4.1 and up
2142,Toy Guitar with songs for kids,FAMILY,4.3,1369,9.8,500000,Free,0.0,Everyone,Music & Audio;Music & Video,"March 5, 2016",1.0.3,2.3 and up
2143,Endless Numbers,FAMILY,4.4,2952,37.0,500000,Free,0.0,Everyone,Education;Education,"June 19, 2018",1.2.0,5.1 and up
2145,Sworkit Kids - Fitness Meets Fun,FAMILY,4.7,9856,55.0,100000,Free,0.0,Everyone,Health & Fitness;Education,"February 2, 2016",1.1.1,4.0 and up
2147,Nancy Drew Codes and Clues,FAMILY,4.1,154,16.0,10000,Free,0.0,Everyone,Educational;Education,"January 13, 2017",2.0.0,4.1 and up
2157,Tic Tac Toe,FAMILY,4.1,6007,18.0,1000000,Free,0.0,Everyone,Board;Action & Adventure,"July 3, 2017",1.6.3028.0,2.3 and up
2158,Dominos Game ✔️,FAMILY,4.1,2903,16.0,1000000,Free,0.0,Everyone,Board;Brain Games,"July 5, 2018",5.2,4.1 and up
2159,Checkers ✔️,FAMILY,4.1,3617,19.0,1000000,Free,0.0,Everyone,Board;Brain Games,"July 24, 2018",4.0.2,4.1 and up
2160,Crazy Colors: Bubbles Matching,FAMILY,4.6,3063,1.6,100000,Free,0.0,Everyone,Board;Brain Games,"May 24, 2018",2.9.7,3.0 and up
2161,Chess for Kids - Play & Learn,FAMILY,4.1,3234,47.0,100000,Free,0.0,Everyone,Puzzle;Brain Games,"May 15, 2018",2.2.3,4.1 and up
2162,Block Puzzle : Night in Egypt,FAMILY,4.4,276,16.0,50000,Free,0.0,Everyone,Puzzle;Brain Games,"September 12, 2017",1.2.16,2.3 and up
2163,Mosaic puzzles,FAMILY,4.4,1595,14.0,500000,Free,0.0,Everyone,Puzzle;Brain Games,"July 4, 2018",2.8,4.0.3 and up
2166,Pino chess,FAMILY,4.8,61,25.0,1000,Free,0.0,Everyone,Casual;Brain Games,"January 26, 2017",0.1.0,4.0 and up
2167,Chess PRO Free,FAMILY,3.8,1123,5.7,100000,Free,0.0,Everyone,Board;Brain Games,"September 8, 2016",4.2,2.3 and up
2169,All-in-One Mahjong 3 FREE,FAMILY,4.5,566,17.0,50000,Free,0.0,Everyone,Board;Brain Games,"June 13, 2018",20180609,4.0 and up
2181,Sounds for Toddlers FREE,FAMILY,4.4,6190,23.0,1000000,Free,0.0,Everyone,Educational;Education,"August 24, 2015",1.7.1,4.0 and up
2182,Elmo Calls by Sesame Street,FAMILY,3.9,6903,25.0,1000000,Free,0.0,Everyone,Educational;Pretend Play,"January 31, 2018",2.0.7,2.3 and up
2186,Bita and the Animals - Pelos Ares,FAMILY,4.4,1160,37.0,100000,Free,0.0,Everyone,Education;Music & Video,"May 22, 2013",1,2.2 and up
2188,DreamWorks Friends,FAMILY,3.6,1042,48.0,100000,Free,0.0,Everyone,Role Playing;Pretend Play,"August 4, 2017",2.5,4.3 and up
2221,Ever After High™ Charmed Style,FAMILY,3.9,44062,54.0,1000000,Free,0.0,Everyone,Casual;Pretend Play,"December 30, 2016",1.3,4.0.3 and up
2231,My Little Pony Celebration,FAMILY,4.3,63160,17.0,1000000,Free,0.0,Everyone,Simulation;Pretend Play,"July 22, 2016",1.0.0,2.3 and up
2233,Thomas & Friends: Delivery,FAMILY,4.2,28737,17.0,1000000,Free,0.0,Everyone,Casual;Action & Adventure,"February 5, 2016",1,2.3 and up
2236,Starfall Free & Member,FAMILY,4.2,19720,41.0,1000000,Free,0.0,Everyone,Education;Education,"November 7, 2017",1.35.23,4.0 and up
2303,GoodRx Drug Prices and Coupons,MEDICAL,4.8,59158,11.0,1000000,Free,0.0,Everyone,Medical,"July 26, 2018",5.4.8,4.1 and up
2305,FollowMyHealth®,MEDICAL,4.6,73118,37.0,1000000,Free,0.0,Everyone,Medical,"May 10, 2018",3.3,4.4 and up
2307,Ovia Pregnancy Tracker & Baby Countdown Calendar,MEDICAL,4.8,102858,9.8,1000000,Free,0.0,Everyone,Medical,"August 3, 2018",2.2.4,4.3 and up
2308,Teladoc Member,MEDICAL,4.0,2094,23.0,500000,Free,0.0,Everyone,Medical,"July 26, 2018",3.19,4.3 and up
2309,myAir™ for Air10™ by ResMed,MEDICAL,3.7,236,18.0,50000,Free,0.0,Everyone,Medical,"July 25, 2018",1.1.0.0.1487,5.0 and up
2311,Pregnancy Week By Week,MEDICAL,4.8,78825,11.0,1000000,Free,0.0,Everyone,Medical,"August 2, 2018",1.2.16,4.1 and up
2313,BioLife Plasma Services,MEDICAL,3.5,250,23.0,100000,Free,0.0,Everyone,Medical,"July 9, 2018",1.2.0,4.4 and up
2314,OneTouch Reveal,MEDICAL,3.9,6266,34.0,500000,Free,0.0,Everyone,Medical,"May 22, 2018",3.5,5.1 and up
2315,To,MEDICAL,4.2,22,15.0,10000,Free,0.0,Everyone,Medical,"May 30, 2018",Varies with device,Varies with device
2316,Ovia Fertility Tracker & Ovulation Calculator,MEDICAL,4.8,53743,13.0,1000000,Free,0.0,Everyone,Medical,"July 27, 2018",Varies with device,4.3 and up
2317,Anthem Anywhere,MEDICAL,2.7,2657,24.0,500000,Free,0.0,Everyone,Medical,"July 27, 2018",8.0.226,4.4 and up
2318,Blood Donor,MEDICAL,4.2,4476,20.0,500000,Free,0.0,Everyone,Medical,"July 31, 2018",1.6.2,4.1 and up
2321,Zocdoc: Find Doctors & Book Appointments,MEDICAL,4.5,6099,38.0,500000,Free,0.0,Everyone,Medical,"July 31, 2018",3.18.2,4.3 and up
2322,1800 Contacts - Lens Store,MEDICAL,4.7,23160,26.0,1000000,Free,0.0,Everyone,Medical,"July 27, 2018",7.4.1,5.0 and up
2323,Blood Pressure Log - MyDiary,MEDICAL,4.7,8348,2.6,500000,Free,0.0,Everyone,Medical,"April 13, 2018",1.4.6,4.0 and up
2324,PulsePoint Respond,MEDICAL,4.5,7837,21.0,100000,Free,0.0,Everyone,Medical,"July 31, 2018",2.4,4.1 and up
2325,Ovia Parenting & Baby Development Tracker,MEDICAL,4.7,6185,38.0,100000,Free,0.0,Everyone,Medical,"August 3, 2018",1.2.0,4.3 and up
2326,MyQuest for Patients,MEDICAL,4.0,3803,16.0,100000,Free,0.0,Everyone,Medical,"March 13, 2018",2.17,4.0 and up
2327,OptumRx,MEDICAL,3.4,1838,21.0,100000,Free,0.0,Everyone,Medical,"July 2, 2018",2.11.0,4.0.3 and up
2328,CVS Caremark,MEDICAL,3.5,3707,10.0,500000,Free,0.0,Everyone,Medical,"July 28, 2018",4.36,4.4 and up
2329,fred's Pharmacy,MEDICAL,3.0,315,22.0,100000,Free,0.0,Everyone,Medical,"October 10, 2017",1.0.02,4.0 and up
2330,Ada - Your Health Guide,MEDICAL,4.7,87418,14.0,1000000,Free,0.0,Everyone,Medical,"July 16, 2018",2.25.0,4.4 and up
2331,mySugr: the blood sugar tracker made just for you,MEDICAL,4.6,21189,36.0,1000000,Free,0.0,Everyone,Medical,"August 6, 2018",3.52.1,5.0 and up
2332,ClearCareGo Caregiver,MEDICAL,4.2,1746,16.0,50000,Free,0.0,Everyone,Medical,"July 25, 2018",2.1.3,4.1 and up
2334,All Mental disorders,MEDICAL,4.5,453,11.0,100000,Free,0.0,Everyone,Medical,"July 7, 2017",1.1,4.0.3 and up
2335,DreamMapper,MEDICAL,4.2,10710,8.5,100000,Free,0.0,Everyone,Medical,"July 3, 2018",2.15,5.0 and up
2336,ScriptSave WellRx Rx Discounts,MEDICAL,3.8,700,37.0,100000,Free,0.0,Everyone,Medical,"June 21, 2018",3.3.0,4.4 and up
2339,MoodSpace,MEDICAL,4.5,503,22.0,50000,Free,0.0,Everyone,Medical,"June 10, 2018",3.2.4,5.0 and up
2340,Pill Identifier and Drug list,MEDICAL,4.0,488,17.0,100000,Free,0.0,Everyone,Medical,"August 1, 2018",3.8,4.1 and up
2341,HealtheLife,MEDICAL,3.6,190,7.7,100000,Free,0.0,Everyone,Medical,"January 2, 2018",2.4.0,4.4 and up
2342,SonicCloud: Hearing App,MEDICAL,4.4,15,39.0,1000,Free,0.0,Everyone,Medical,"July 19, 2018",1.16.0,4.1 and up
2343,Migraine Buddy - The Migraine and Headache tracker,MEDICAL,4.7,26862,30.0,500000,Free,0.0,Everyone,Medical,"June 25, 2018",25.3.1,4.0.3 and up
2345,LabCorp | Patient,MEDICAL,3.6,27,28.0,10000,Free,0.0,Everyone,Medical,"April 19, 2018",1.0.0,4.1 and up
2346,Anatomy Learning - 3D Atlas,MEDICAL,4.5,72167,16.0,1000000,Free,0.0,Everyone,Medical,"July 18, 2018",2,4.1 and up
2347,Super Hearing Super Ear Amplifier,MEDICAL,4.1,21,20.0,1000,Free,0.0,Everyone,Medical,"June 11, 2018",1.1,4.1 and up
2348,Moodpath - Depression & Anxiety Test,MEDICAL,4.6,6035,8.9,100000,Free,0.0,Everyone,Medical,"July 5, 2018",1.2.0,4.4 and up
2350,Baritastic - Bariatric Tracker,MEDICAL,4.7,4318,12.0,100000,Free,0.0,Everyone,Medical,"July 26, 2018",1.3.185,4.1 and up
2353,98point6,MEDICAL,4.6,47,21.0,10000,Free,0.0,Everyone,Medical,"August 2, 2018",1.7.1 (946),5.0 and up
2355,MDLIVE: Talk to a Doctor 24/7,MEDICAL,3.4,650,27.0,100000,Free,0.0,Everyone,Medical,"July 23, 2018",4.23.0,4.4 and up
2356,Free Blood Pressure,MEDICAL,,7,5.7,5000,Free,0.0,Everyone,Medical,"October 13, 2016",3.0.0,4.0.3 and up
2357,Super Ear,MEDICAL,4.0,3498,6.6,100000,Free,0.0,Everyone,Medical,"May 1, 2018",1.7.2,4.0 and up
2358,VitusVet: Pet Health Care App,MEDICAL,4.8,3052,12.0,100000,Free,0.0,Everyone,Medical,"July 31, 2018",3.8.0,4.1 and up
2359,Banfield Pet Health Tracker,MEDICAL,4.2,1747,5.9,100000,Free,0.0,Everyone,Medical,"October 17, 2016",1.2.2,4.0 and up
2360,Dexcom G6,MEDICAL,3.0,45,20.0,5000,Free,0.0,Everyone,Medical,"July 16, 2018",1.2.3.2,6.0 and up
2361,Nurse Grid,MEDICAL,4.5,1686,15.0,100000,Free,0.0,Everyone,Medical,"July 30, 2018",2.9,4.4 and up
2362,Castlight Mobile,MEDICAL,3.7,529,26.0,100000,Free,0.0,Everyone,Medical,"July 30, 2018",4.4.7,5.0 and up
2363,Sanford Guide:Antimicrobial Rx,MEDICAL,4.5,1388,3.3,100000,Free,0.0,Everyone,Medical,"July 3, 2018",2.1.11,4.1 and up
2364,Davis's Drug Guide for Nurses,MEDICAL,4.5,572,44.0,50000,Free,0.0,Everyone,Medical,"July 13, 2018",4.3.2.315,4.4 and up
2368,live Point,MEDICAL,3.6,54,17.0,5000,Free,0.0,Mature 17+,Medical,"July 3, 2018",2.6.5,4.1 and up
2369,Tarascon Pharmacopoeia,MEDICAL,4.4,275,5.8,10000,Free,0.0,Everyone 10+,Medical,"March 16, 2018",3.16.4.1669,4.4 and up
2370,Official NBSTSA CST Exam Prep,MEDICAL,4.4,2159,11.0,10000,Free,0.0,Everyone,Medical,"May 17, 2018",4.5.1,4.4 and up
2371,EMT-B Pocket Prep,MEDICAL,4.5,2951,16.0,50000,Free,0.0,Everyone,Medical,"July 11, 2018",4.5.2,4.4 and up
2373,5-Minute Clinical Consult,MEDICAL,4.1,84,6.1,10000,Free,0.0,Everyone,Medical,"December 11, 2017",2.7.36,4.1 and up
2375,"Pzizz - Sleep, Nap, Focus",MEDICAL,4.3,5521,22.0,100000,Free,0.0,Everyone,Medical,"July 1, 2018",4.9.6,4.1 and up
2376,HESI A2 Pocket Prep,MEDICAL,4.3,2108,28.0,50000,Free,0.0,Everyone,Medical,"May 2, 2018",4.5.1,4.4 and up
2377,Johns Hopkins Guides ABX...,MEDICAL,4.7,73,6.3,10000,Free,0.0,Everyone,Medical,"December 8, 2017",2.7.36,4.1 and up
2381,5 Minute Clinical Consult 2019 - #1 for 25 years,MEDICAL,4.2,33,8.0,10000,Free,0.0,Everyone,Medical,"May 2, 2018",2.6.2,4.2 and up
2382,Open Sesame - Touch Free Control,MEDICAL,4.4,197,20.0,10000,Free,0.0,Everyone,Medical,"August 2, 2018",3.5.7,7.0 and up
2383,Davis's Drug Guide,MEDICAL,3.9,272,6.4,50000,Free,0.0,Everyone,Medical,"December 11, 2017",2.7.36,4.1 and up
2384,Deep Sleep and Relax Hypnosis,MEDICAL,4.2,4852,34.0,100000,Free,0.0,Everyone,Medical,"October 22, 2013",1.3,2.2 and up
2391,Complete Anatomy for Android,MEDICAL,4.1,90,21.0,1000,Free,0.0,Everyone,Medical,"July 11, 2018",1.0.0,7.0 and up
2392,GlassesOff,MEDICAL,3.5,1288,38.0,100000,Free,0.0,Everyone,Medical,"July 10, 2018",1.0.0.10,3.0 and up
2396,Registered Dietitian Pocket Prep,MEDICAL,4.3,283,12.0,5000,Free,0.0,Everyone,Medical,"July 12, 2018",4.5.3,4.4 and up
2397,Paramedic Pocket Prep,MEDICAL,4.3,460,13.0,10000,Free,0.0,Everyone,Medical,"July 12, 2018",4.5.2,4.4 and up
2403,5 Minute Veterinary Consult: Canine & Feline,MEDICAL,2.3,17,6.8,1000,Free,0.0,Everyone,Medical,"March 29, 2018",2.6,4.2 and up
2404,Wide address pocket prep,MEDICAL,4.5,513,12.0,5000,Free,0.0,Everyone,Medical,"July 11, 2018",4.5.2,4.4 and up
2405,Nursing Central,MEDICAL,4.3,168,5.8,10000,Free,0.0,Everyone,Medical,"January 29, 2018",2.7.38,4.1 and up
2408,Tinnitus Alleviator,MEDICAL,3.1,82,42.0,5000,Free,0.0,Everyone,Medical,"December 23, 2017",1.6.17,4.1 and up
2410,PMHNP-BC Pocket Prep,MEDICAL,4.4,112,13.0,1000,Free,0.0,Everyone,Medical,"July 12, 2018",4.5.2,4.4 and up
2411,Dialysis of Drugs,MEDICAL,2.9,92,1.5,10000,Free,0.0,Everyone,Medical,"June 15, 2018",3.1-2018 – (13),4.0 and up
2412,abeoCoder,MEDICAL,3.1,83,3.2,10000,Free,0.0,Everyone,Medical,"July 30, 2018",6.6,4.1 and up
2413,Saunders Comprehensive Review NCLEX-PN Examination,MEDICAL,3.7,3,7.7,5000,Free,0.0,Everyone,Medical,"July 16, 2018",2.7.6,5.0 and up
2415,Lippincott Nursing Advisor,MEDICAL,3.8,343,26.0,50000,Free,0.0,Everyone,Medical,"May 1, 2018",3.3.1,4.1 and up
2417,Official NBSTSA CSFA Exam Prep,MEDICAL,4.4,137,11.0,1000,Free,0.0,Everyone,Medical,"May 17, 2018",4.5.1,4.4 and up
2426,JH Blood Pressure Monitor,MEDICAL,3.7,9,2.9,500,Free,0.0,Everyone,Medical,"July 21, 2018",1.1,4.0.3 and up
2427,Sway Medical,MEDICAL,5.0,3,22.0,100,Free,0.0,Everyone,Medical,"July 25, 2018",3.0.0,5.0 and up
2428,Exposure Ed,MEDICAL,3.0,2,16.0,500,Free,0.0,Everyone,Medical,"July 17, 2018",1.2.9,4.4 and up
2429,Nucleus Smart,MEDICAL,3.7,20,19.0,1000,Free,0.0,Everyone,Medical,"June 27, 2018",1.830.0.564-(e405bb2),5.0 and up
2430,Penn State Health OnDemand,MEDICAL,,0,40.0,50,Free,0.0,Everyone,Medical,"July 24, 2018",10.4.1.018_06,4.0.3 and up
2431,Breastfeeding Tracker Baby Log,MEDICAL,,6,23.0,100,Free,0.0,Everyone,Medical,"July 20, 2018",1.3.5,5.0 and up
2432,Lego Ninjago Wallpaper,MEDICAL,,2,15.0,100,Free,0.0,Everyone,Medical,"August 2, 2018",1.2,3.0 and up
2433,RT 516 VET,MEDICAL,,0,29.0,10,Free,0.0,Everyone,Medical,"July 13, 2018",300000.1.11,4.0.3 and up
2434,EXOGEN Connects (US),MEDICAL,,0,16.0,10,Free,0.0,Everyone,Medical,"August 1, 2018",1.0.1,4.1 and up
2436,Maricopa AH,MEDICAL,,0,29.0,100,Free,0.0,Everyone,Medical,"July 16, 2018",300000.1.11,4.0.3 and up
2437,Dare EMS Protocols,MEDICAL,,0,20.0,10,Free,0.0,Everyone 10+,Medical,"July 26, 2018",1.8.3,4.1 and up
2438,Pediatric Emergency Guide,MEDICAL,,0,3.8,100,Free,0.0,Everyone,Medical,"July 9, 2018",3.1.1,4.4 and up
2439,Weill Cornell Medicine,MEDICAL,,0,19.0,50,Free,0.0,Everyone,Medical,"July 16, 2018",1.0.10,5.0 and up
2440,Doctors Care,MEDICAL,,0,25.0,10,Free,0.0,Everyone,Medical,"July 24, 2018",2.0.0 (35717),4.4 and up
2441,PCOS Guide - Fight PCOS naturally,MEDICAL,,0,5.1,100,Free,0.0,Everyone,Medical,"August 4, 2018",1,5.0 and up
2442,EVA - Menstrual calendar and fertility,MEDICAL,,25,16.0,1000,Free,0.0,Everyone,Medical,"August 2, 2018",1.1,4.1 and up
2443,Hello Face,MEDICAL,,0,1.5,10,Free,0.0,Everyone,Medical,"July 31, 2018",1,4.4 and up
2444,Cochrane Library,MEDICAL,3.7,3,10.0,100,Free,0.0,Everyone,Medical,"July 17, 2018",1.5.0,4.1 and up
2445,Labs on Demand,MEDICAL,5.0,1,22.0,10,Free,0.0,Everyone,Medical,"August 3, 2018",1.2,4.2 and up
2446,Diabetes Testing,MEDICAL,,1,3.6,500,Free,0.0,Mature 17+,Medical,"July 26, 2018",1,4.0.3 and up
2447,GGDE: Prevent & Beat Depression Symptoms,MEDICAL,,2,20.0,50,Free,0.0,Everyone,Medical,"July 24, 2018",2.01.12,4.0 and up
2448,Dermatology Atlas (Colored & Illustrative),MEDICAL,5.0,3,20.0,100,Free,0.0,Everyone,Medical,"July 19, 2018",1,4.1 and up
2449,Jaylex,MEDICAL,,0,13.0,10,Free,0.0,Everyone,Medical,"July 30, 2018",1.2.3-DEBUG,4.2 and up
2450,Tablet Reminder,MEDICAL,5.0,4,2.5,5,Free,0.0,Everyone,Medical,"August 3, 2018",1,4.1 and up
2451,Clinical Pharmacology,MEDICAL,,0,3.6,10,Free,0.0,Everyone,Medical,"August 1, 2018",1,4.1 and up
2452,Galaxies of Hope,MEDICAL,5.0,2,24.0,50,Free,0.0,Everyone,Medical,"July 27, 2018",1,4.1 and up
2453,Smartshading AI,MEDICAL,,0,10.0,10,Free,0.0,Everyone,Medical,"June 21, 2018",1,4.1 and up
2454,KBA-EZ Health Guide,MEDICAL,5.0,4,25.0,1,Free,0.0,Everyone,Medical,"August 2, 2018",1.0.72,4.0.3 and up
2455,FoothillsVet,MEDICAL,5.0,2,29.0,50,Free,0.0,Everyone,Medical,"July 11, 2018",300000.1.11,4.0.3 and up
2456,Eversense,MEDICAL,,3,17.0,100,Free,0.0,Everyone,Medical,"July 18, 2018",2.0.101,4.4 and up
2457,PrimeDelivery,MEDICAL,5.0,3,53.0,10,Free,0.0,Everyone,Medical,"July 13, 2018",0.1,4.1 and up
2459,Anatomy & Physiology Vocabulary Exam Review App,MEDICAL,5.0,1,4.6,5,Free,0.0,Everyone,Medical,"August 2, 2018",2,4.0 and up
2460,Drug Calculator,MEDICAL,,0,4.6,10,Free,0.0,Everyone,Medical,"July 27, 2018",1,4.4 and up
2461,HACH Cares,MEDICAL,,0,28.0,10,Free,0.0,Everyone,Medical,"July 25, 2018",300000.1.11,4.0.3 and up
2462,WAH 247,MEDICAL,,0,29.0,1,Free,0.0,Everyone,Medical,"July 20, 2018",300000.1.11,4.0.3 and up
2463,CT Scan Cross Sectional Anatomy,MEDICAL,4.3,10,46.0,100,Free,0.0,Everyone,Medical,"July 19, 2018",5.0.16,4.1 and up
2464,VetCode,MEDICAL,4.9,28,5.7,5000,Free,0.0,Everyone,Medical,"July 7, 2018",1,4.4 and up
2465,ear super hearing,MEDICAL,,0,1.4,5,Free,0.0,Everyone,Medical,"July 31, 2018",1.0 Super Ear Hearing,4.0 and up
2466,Traditional Chinese Medicine Fangfang Liangfang Daquan - Practical and ancient Chinese medicine and old prescriptions for the treatment of various incurable diseases,MEDICAL,,1,12.0,10,Free,0.0,Everyone,Medical,"July 21, 2018",1.0.0,4.0 and up
2467,COPD GOLD 2017,MEDICAL,,5,2.2,10,Free,0.0,Everyone,Medical,"July 13, 2018",1,4.0 and up
2468,Summit Medical Video Visits,MEDICAL,,0,27.0,10,Free,0.0,Everyone,Medical,"July 12, 2018",1.1.1,4.1 and up
2469,ExtendedCare Virtual Care Room,MEDICAL,,0,18.0,5,Free,0.0,Everyone,Medical,"July 30, 2018",1,5.1 and up
2470,Lord Fairfax EMS Council,MEDICAL,,0,30.0,50,Free,0.0,Everyone,Medical,"July 17, 2018",1,4.0.3 and up
2471,MyWoundDoctor - Provider,MEDICAL,,0,3.5,1,Free,0.0,Everyone,Medical,"July 27, 2018",1.2.1,5.0 and up
2472,NCLEX Multi-topic Nursing Exam Review-Quiz & notes,MEDICAL,5.0,1,4.2,10,Free,0.0,Everyone,Medical,"July 24, 2018",1,4.0.3 and up
2473,Warfarin Dose Calculator,MEDICAL,,0,6.9,50,Free,0.0,Everyone,Medical,"July 15, 2018",3.0.0,4.1 and up
2474,Renesas PMA,MEDICAL,,0,6.6,5,Free,0.0,Everyone,Medical,"July 18, 2018",1.2.9,4.4 and up
2475,Pediatric Nursing,MEDICAL,4.9,14,7.0,100,Free,0.0,Everyone,Medical,"July 13, 2018",PN.1.0,4.0.3 and up
2476,Interpret Chest X-Ray With 100 Cases,MEDICAL,4.6,5,11.0,100,Free,0.0,Everyone,Medical,"August 3, 2018",1,4.1 and up
2477,Basics of Orthopaedics,MEDICAL,5.0,1,5.6,10,Free,0.0,Everyone,Medical,"July 27, 2018",1,4.1 and up
2478,4 Paws PH,MEDICAL,,1,29.0,5,Free,0.0,Everyone,Medical,"July 25, 2018",300000.1.11,4.0.3 and up
2479,high cholesterol levels,MEDICAL,,0,3.3,100,Free,0.0,Everyone,Medical,"July 23, 2018",1,4.1 and up
2480,Thyroid Nodules,MEDICAL,,0,20.0,10,Free,0.0,Everyone,Medical,"July 14, 2018",1,4.3 and up
2481,Training course: Learn Nursing,MEDICAL,,0,7.0,100,Free,0.0,Everyone,Medical,"July 8, 2018",1.0.0,4.1 and up
2482,Familyfirst Messenger,MEDICAL,4.0,1,3.3,10,Free,0.0,Everyone,Medical,"July 12, 2018",0.1.2,4.4 and up
2483,14thStreetVet,MEDICAL,,0,29.0,5,Free,0.0,Everyone,Medical,"July 16, 2018",300000.1.11,4.0.3 and up
2484,Clinic Doctor EHr,MEDICAL,5.0,2,7.1,5,Free,0.0,Everyone,Medical,"August 3, 2018",1.0.51.0.3,8.0 and up
2487,Anthem BC Anywhere,MEDICAL,2.6,496,24.0,100000,Free,0.0,Everyone,Medical,"July 27, 2018",8.0.226,4.4 and up
2490,My Cancer Coach,MEDICAL,4.3,44,34.0,10000,Free,0.0,Everyone,Medical,"April 12, 2018",3.4.0.10,4.0.3 and up
2491,IHSS Help,MEDICAL,4.7,10,4.3,1000,Free,0.0,Everyone,Medical,"June 5, 2018",1,5.0 and up
2492,mobileRx Pharmacy,MEDICAL,2.5,124,43.0,10000,Free,0.0,Everyone,Medical,"January 13, 2017",3.0.2,3.0 and up
2496,BURST Professionals,MEDICAL,4.5,11,25.0,1000,Free,0.0,Everyone,Medical,"January 17, 2018",1.0.7,4.2 and up
2497,LactMed,MEDICAL,4.3,573,2.0,100000,Free,0.0,Everyone,Medical,"June 1, 2017",3.1,3.0 and up
2500,Blue CareOnDemand,MEDICAL,4.4,163,40.0,10000,Free,0.0,Everyone,Medical,"June 29, 2018",10.4.1.015_05,4.0.3 and up
2501,HHS,MEDICAL,,0,4.3,500,Free,0.0,Everyone,Medical,"May 30, 2017",Initial,4.0 and up
2503,Every disease has a drug without internet,MEDICAL,,44,4.0,10000,Free,0.0,Everyone,Medical,"April 24, 2018",1,4.1 and up
2504,PulsePoint AED,MEDICAL,4.5,330,17.0,50000,Free,0.0,Everyone,Medical,"July 31, 2018",1.12,4.0.3 and up
2506,Deaf Interpreter,MEDICAL,3.8,24,4.4,1000,Free,0.0,Everyone,Medical,"September 26, 2017",5.51,3.0 and up
2508,High Blood Pressure Symptoms,MEDICAL,4.0,531,2.3,100000,Free,0.0,Everyone,Medical,"January 18, 2015",1,3.0 and up
2509,MedStar eVisit,MEDICAL,4.5,20,40.0,5000,Free,0.0,Everyone,Medical,"April 10, 2018",10.4.1.000_00,4.0.3 and up
2510,Blood Pressure(BP) Diary,MEDICAL,3.7,3596,8.4,1000000,Free,0.0,Everyone,Medical,"July 18, 2018",4.0.9,4.0.3 and up
2511,REDCap Mobile App,MEDICAL,4.3,56,11.0,10000,Free,0.0,Everyone,Medical,"July 31, 2018",3.0.8,4.3 and up
2514,VITAS Hospice Referral App for Healthcare Pros,MEDICAL,4.4,27,15.0,5000,Free,0.0,Everyone,Medical,"July 20, 2018",2.5.0 b665,5.0 and up
2515,AAFP,MEDICAL,3.8,63,24.0,10000,Free,0.0,Everyone,Medical,"June 22, 2018",2.3.1,5.0 and up
2522,420 BZ Budeze Delivery,MEDICAL,5.0,2,11.0,100,Free,0.0,Mature 17+,Medical,"June 6, 2018",1.0.1,4.1 and up
2523,Fever Meter,MEDICAL,3.6,26,1.0,5000,Free,0.0,Everyone,Medical,"May 10, 2015",1.1,2.2 and up
2524,Super Ear Super Hearing,MEDICAL,4.0,122,1.0,10000,Free,0.0,Everyone,Medical,"July 13, 2018",1.4,4.0 and up
2525,Blood Pressure Monitor,MEDICAL,4.3,17,6.0,10000,Free,0.0,Everyone,Medical,"February 25, 2017",1.0.1,4.4 and up
2526,BELONG Beating Cancer Together,MEDICAL,4.7,623,20.0,50000,Free,0.0,Teen,Medical,"July 29, 2018",4.0.5,4.3 and up
2527,BP Journal - Blood Pressure Diary,MEDICAL,5.0,6,26.0,1000,Free,0.0,Everyone,Medical,"May 25, 2018",1.0.32,4.4 and up
2528,TelaDoc,MEDICAL,4.7,6,13.0,1000,Free,0.0,Everyone,Medical,"March 31, 2018",1.3.0,5.0 and up
2530,Blood Pressure - Stay Healthy,MEDICAL,4.6,7,2.7,1000,Free,0.0,Everyone,Medical,"April 16, 2018",43,4.0.3 and up
2531,ConnectLine,MEDICAL,3.1,253,4.2,50000,Free,0.0,Everyone,Medical,"September 12, 2016",1.3.4,2.3.3 and up
2532,Club,MEDICAL,4.4,3786,28.0,50000,Free,0.0,Everyone,Medical,"July 16, 2018",4.4.3,4.0.3 and up
2533,Zen Leaf,MEDICAL,5.0,1,6.1,100,Free,0.0,Mature 17+,Medical,"March 8, 2018",2.3.5,4.1 and up
2534,Homeopathic Medicine Finder,MEDICAL,3.6,10,15.0,1000,Free,0.0,Everyone,Medical,"November 20, 2017",0.0.1,4.0 and up
2535,Patient Portal,MEDICAL,2.8,66,1.2,50000,Free,0.0,Everyone,Medical,"October 25, 2016",1,4.0.3 and up
2536,Nemours CareConnect,MEDICAL,4.4,65,37.0,10000,Free,0.0,Everyone,Medical,"April 5, 2018",10.4.1.000_00,4.0.3 and up
2538,tökr,MEDICAL,4.6,17,14.0,1000,Free,0.0,Everyone,Medical,"July 11, 2018",1.9.0.0,4.1 and up
2539,Low Blood Pressure Symptoms,MEDICAL,4.2,28,2.3,10000,Free,0.0,Everyone,Medical,"January 20, 2015",1,3.0 and up
2540,PatientPORTAL by InteliChart,MEDICAL,,1,32.0,500,Free,0.0,Everyone,Medical,"May 24, 2018",1.0.1,5.0 and up
2541,Hypertension High blood pressure,MEDICAL,3.8,292,2.7,100000,Free,0.0,Everyone,Medical,"April 16, 2018",43,4.0.3 and up
2542,Fever Care,MEDICAL,3.5,19,2.2,5000,Free,0.0,Everyone,Medical,"May 12, 2018",1.4.15-free,4.0.3 and up
2549,All Social Networks,SOCIAL,4.2,22492,1.5,1000000,Free,0.0,Everyone,Social,"May 21, 2018",2.4.12,4.0 and up
2551,Social network all in one 2018,SOCIAL,4.3,1403,3.7,100000,Free,0.0,Everyone,Social,"January 30, 2018",1,4.0 and up
2555,The Messenger App,SOCIAL,4.4,4919,2.8,1000000,Free,0.0,Everyone,Social,"August 3, 2018",0.1.1,4.1 and up
2556,Messenger Pro,SOCIAL,4.4,13762,3.9,1000000,Free,0.0,Everyone,Social,"May 9, 2018",1.0.2,4.1 and up
2557,"Free Messages, Video, Chat,Text for Messenger Plus",SOCIAL,4.3,6086,3.1,1000000,Free,0.0,Teen,Social,"June 14, 2018",1.0.9,4.3 and up
2559,The Video Messenger App,SOCIAL,4.4,1200,2.8,100000,Free,0.0,Everyone,Social,"August 2, 2018",0.1.1,4.1 and up
2560,Jodel - The Hyperlocal App,SOCIAL,4.5,76480,20.0,1000000,Free,0.0,Mature 17+,Social,"August 6, 2018",4.95.4,5.0 and up
2563,Love Sticker,SOCIAL,4.6,33177,10.0,1000000,Free,0.0,Everyone,Social,"June 12, 2018",2.1.6,4.0 and up
2567,Love Images,SOCIAL,4.3,16404,2.3,1000000,Free,0.0,Everyone,Social,"June 24, 2018",1.6,2.3 and up
2568,Web Browser ( Fast & Secure Web Explorer),SOCIAL,4.4,2508,6.0,500000,Free,0.0,Everyone,Social,"November 20, 2017",2.0.1,4.0.3 and up
2570,Golden telegram,SOCIAL,4.3,374,20.0,50000,Free,0.0,Everyone,Social,"July 30, 2018",T4.6.5-tl2.0.1,4.1 and up
2575,"💘 WhatsLov: Smileys of love, stickers and GIF",SOCIAL,4.6,22098,18.0,1000000,Free,0.0,Everyone,Social,"July 24, 2018",4.2.4,4.0.3 and up
2583,Moment,SOCIAL,4.5,19583,37.0,1000000,Free,0.0,Teen,Social,"August 1, 2018",5.2.1,4.4 and up
2602,Blogaway for Android (Blogger),SOCIAL,3.7,4253,4.1,100000,Free,0.0,Teen,Social,"May 31, 2018",7.0.7,4.0.3 and up
2615,Banjo,SOCIAL,4.2,58341,9.3,1000000,Free,0.0,Everyone,Social,"July 25, 2015",4.6.2.0,2.3 and up
2626,Couple - Relationship App,SOCIAL,4.0,33249,8.4,1000000,Free,0.0,Everyone,Social,"March 5, 2015",1.8.0,2.3 and up
2633,Patook - make platonic friends,SOCIAL,4.0,3677,50.0,100000,Free,0.0,Mature 17+,Social,"June 21, 2018",10.6.3,5.0 and up
2640,uCiC- Videos and Photos on demand,SOCIAL,4.0,2052,7.0,100000,Free,0.0,Teen,Social,"September 27, 2017",2.16,4.4 and up
2667,The wall,SHOPPING,4.4,35563,4.2,1000000,Free,0.0,Everyone,Shopping,"July 23, 2018",10.2.1,4.1 and up
2671,"Horn, free country requirements",SHOPPING,4.5,37186,7.9,1000000,Free,0.0,Everyone,Shopping,"June 30, 2018",3.4.5,4.0 and up
2672,Jiji.ng,SHOPPING,4.4,25714,12.0,1000000,Free,0.0,Everyone,Shopping,"July 24, 2018",3.8.2.2,4.0.3 and up
2677,EHS Dongsen Shopping,SHOPPING,3.6,3656,9.0,1000000,Free,0.0,Teen,Shopping,"August 3, 2018",4.16.2,4.1 and up
2680,Life market,SHOPPING,4.5,30834,13.0,1000000,Free,0.0,Everyone,Shopping,"July 17, 2018",3.2.6,4.0.3 and up
2682,Family Dollar,SHOPPING,4.3,2588,21.0,1000000,Free,0.0,Everyone,Shopping,"July 23, 2018",2.4.0,4.1 and up
2700,Chilindo,SHOPPING,3.8,18364,29.0,1000000,Free,0.0,Everyone,Shopping,"August 4, 2018",29.14,4.2 and up
2703,CheckPoints 🏆 Rewards App,SHOPPING,4.1,23187,25.0,1000000,Free,0.0,Everyone,Shopping,"June 21, 2018",4.89,4.3 and up
2705,SnipSnap Coupon App,SHOPPING,4.2,9975,18.0,1000000,Free,0.0,Everyone,Shopping,"January 22, 2018",1.4,4.3 and up
2707,Coupon Sherpa,SHOPPING,4.4,7793,6.1,500000,Free,0.0,Everyone,Shopping,"February 6, 2018",3.0.3,4.0.3 and up
2708,Gyft - Mobile Gift Card Wallet,SHOPPING,4.1,9701,14.0,500000,Free,0.0,Everyone,Shopping,"July 25, 2018",2.4.0,4.4 and up
2709,SavingStar - Grocery Coupons,SHOPPING,4.2,31519,21.0,1000000,Free,0.0,Everyone,Shopping,"June 12, 2018",4.9.1,4.0 and up
2713,Key Ring: Cards Coupon & Sales,SHOPPING,4.1,42871,23.0,1000000,Free,0.0,Everyone,Shopping,"July 27, 2018",8.9.1,4.1 and up
2719,Nike,SHOPPING,4.7,67071,40.0,1000000,Free,0.0,Everyone,Shopping,"August 1, 2018",2.24.0,4.4 and up
2722,Blidz - Hunt Free Deals On Trending Items!,SHOPPING,4.4,1659,33.0,50000,Free,0.0,Everyone,Shopping,"June 29, 2018",2.4.0,4.4 and up
2730,"Ebates: Cash Back, Coupons, Rewards & Savings",SHOPPING,4.5,37253,31.0,1000000,Free,0.0,Everyone,Shopping,"August 3, 2018",4.31.2,4.4 and up
2735,Ratings by Consumer Reports,SHOPPING,4.3,3420,13.0,100000,Free,0.0,Everyone,Shopping,"February 27, 2018",2.3.2,4.1 and up
2736,HauteLook,SHOPPING,4.1,7193,7.3,500000,Free,0.0,Everyone,Shopping,"July 13, 2018",5.0.2,4.4 and up
2740,Nordstrom,SHOPPING,4.6,2278,12.0,500000,Free,0.0,Everyone,Shopping,"July 15, 2018",3.28.1.3.1359,4.4 and up
2741,Modcloth – Unique Indie Women's Fashion & Style,SHOPPING,4.2,5121,8.8,500000,Free,0.0,Everyone,Shopping,"July 13, 2018",9.0.30,4.1 and up
2744,"Twice: Buy, Sell Clothing",SHOPPING,4.2,1558,21.0,100000,Free,0.0,Everyone,Shopping,"July 29, 2015",1.2.12,2.3 and up
2746,Slice: Package Tracker,SHOPPING,4.2,16966,34.0,1000000,Free,0.0,Everyone,Shopping,"July 12, 2018",6.10.0,4.0.3 and up
2754,JackThreads: Men's Shopping,SHOPPING,4.0,13085,2.7,1000000,Free,0.0,Teen,Shopping,"November 8, 2017",5.1,4.0.3 and up
2761,Urban Outfitters,SHOPPING,4.2,4158,23.0,500000,Free,0.0,Teen,Shopping,"July 2, 2018",2.8,4.0.3 and up
2765,Slickdeals: Coupons & Shopping,SHOPPING,4.5,33583,12.0,1000000,Free,0.0,Everyone,Shopping,"July 30, 2018",3.9,4.4 and up
2766,Wanelo Shopping,SHOPPING,4.6,94205,6.5,1000000,Free,0.0,Everyone,Shopping,"June 13, 2018",5.6.8,4.4 and up
2785,Find&Save - Local Shopping,SHOPPING,4.0,4602,6.2,500000,Free,0.0,Everyone,Shopping,"December 22, 2017",3.0.0,4.1 and up
2786,Receipt Hog - Receipts to Cash,SHOPPING,4.5,72596,19.0,1000000,Free,0.0,Teen,Shopping,"August 3, 2018",4.2.2,4.1 and up
2788,"Savory - Deals,Freebies,Sales",SHOPPING,4.4,2375,1.1,100000,Free,0.0,Everyone,Shopping,"November 2, 2016",3.1,2.3.3 and up
2791,Newegg Mobile,SHOPPING,4.5,35497,16.0,1000000,Free,0.0,Everyone,Shopping,"July 11, 2018",4.16.0,4.4 and up
2792,REI – Shop Outdoor Gear,SHOPPING,4.4,3878,8.8,100000,Free,0.0,Everyone,Shopping,"May 8, 2018",5.6.8,4.1 and up
2799,La La-Shop Designer Brands Street,SHOPPING,4.5,5123,14.0,500000,Free,0.0,Everyone,Shopping,"July 28, 2018",4.4.4,5.0 and up
2801,TouchNote: Cards & Gifts,PHOTOGRAPHY,4.1,19232,28.0,1000000,Free,0.0,Everyone,Photography,"August 6, 2018",7.4.2,4.4 and up
2803,FreePrints – Free Photos Delivered,PHOTOGRAPHY,4.8,109500,37.0,1000000,Free,0.0,Everyone,Photography,"August 2, 2018",2.18.2,4.1 and up
2804,Groovebook Photo Books & Gifts,PHOTOGRAPHY,4.0,21159,36.0,500000,Free,0.0,Everyone,Photography,"January 31, 2018",2.1.9,4.0.3 and up
2805,"Moony Lab - Print Photos, Books & Magnets ™",PHOTOGRAPHY,4.7,1320,9.5,50000,Free,0.0,Everyone,Photography,"June 27, 2018",2.1.9,4.1 and up
2807,Snapfish,PHOTOGRAPHY,4.1,32398,28.0,1000000,Free,0.0,Everyone,Photography,"August 1, 2018",9.6.4,4.4 and up
2815,HD Camera - Quick Snap Photo & Video,PHOTOGRAPHY,4.5,21841,7.7,1000000,Free,0.0,Everyone,Photography,"July 24, 2018",1.6.4,4.2 and up
2817,Waterfall Photo Frames,PHOTOGRAPHY,4.5,10349,11.0,1000000,Free,0.0,Everyone,Photography,"July 29, 2017",1.6.0,2.3 and up
2818,Photo frame,PHOTOGRAPHY,4.5,859,21.0,100000,Free,0.0,Everyone,Photography,"July 18, 2018",1.5.1,4.0.3 and up
2822,Makeup Editor -Beauty Photo Editor & Selfie Camera,PHOTOGRAPHY,4.5,3378,30.0,1000000,Free,0.0,Mature 17+,Photography,"July 25, 2018",1.7,4.1 and up
2823,Makeup Photo Editor: Makeup Camera & Makeup Editor,PHOTOGRAPHY,4.4,10525,25.0,1000000,Free,0.0,Everyone,Photography,"July 27, 2018",8.9.9,4.0 and up
2826,Garden Photo Frames - Garden Photo Editor,PHOTOGRAPHY,4.4,1864,13.0,500000,Free,0.0,Everyone,Photography,"May 3, 2018",22,4.0.3 and up
2830,"Sweet Snap Lite - live filter, Selfie photo editor",PHOTOGRAPHY,4.5,3116,22.0,500000,Free,0.0,Everyone,Photography,"August 3, 2018",2.15.180,4.0.3 and up
2831,"Selfie Camera: Beauty Camera, Photo Editor,Collage",PHOTOGRAPHY,4.7,31985,9.1,1000000,Free,0.0,Everyone,Photography,"August 6, 2018",1.7.14,4.2 and up
2832,Night Photo Frame,PHOTOGRAPHY,4.5,4400,8.3,1000000,Free,0.0,Everyone,Photography,"July 28, 2018",2.0.1,4.0.3 and up
2834,Selfie Photo Editor,PHOTOGRAPHY,4.6,11677,19.0,1000000,Free,0.0,Everyone,Photography,"July 5, 2018",1.0.3,4.4 and up
2838,Kids Photo Frames,PHOTOGRAPHY,4.6,15700,10.0,1000000,Free,0.0,Everyone,Photography,"July 7, 2018",2.3,4.0.3 and up
2842,DSLR Camera Hd Ultra Professional,PHOTOGRAPHY,4.2,4410,4.5,1000000,Free,0.0,Everyone,Photography,"June 27, 2018",4.1,4.0.3 and up
2843,Snap Cat Face Camera,PHOTOGRAPHY,4.0,5855,4.9,1000000,Free,0.0,Everyone,Photography,"July 12, 2018",1.6,2.3 and up
2851,Beauty Makeup – Photo Makeover,PHOTOGRAPHY,4.3,21730,19.0,1000000,Free,0.0,Everyone,Photography,"May 23, 2018",1.6.0,4.0 and up
2868,love,PHOTOGRAPHY,4.3,42677,22.0,1000000,Free,0.0,Everyone,Photography,"June 15, 2018",1.28,4.0.3 and up
2871,"KVAD Camera +: Selfie, Photo Filter, Grids",PHOTOGRAPHY,4.1,23440,30.0,1000000,Free,0.0,Everyone,Photography,"July 11, 2018",1.8.2,4.0 and up
2873,Photo Editor,PHOTOGRAPHY,4.3,42079,17.0,1000000,Free,0.0,Everyone,Photography,"September 24, 2015",Varies with device,4.0.3 and up
2874,Camera51 - a smarter camera,PHOTOGRAPHY,4.0,29707,18.0,1000000,Free,0.0,Everyone,Photography,"February 10, 2015",1.1.6,4.0 and up
2875,InstaCam - Camera for Selfie,PHOTOGRAPHY,4.0,15098,10.0,1000000,Free,0.0,Everyone,Photography,"March 3, 2017",1.43,2.3 and up
2876,"Phogy, 3D Camera",PHOTOGRAPHY,4.0,35724,9.9,1000000,Free,0.0,Everyone,Photography,"February 11, 2015",1.4,4.0 and up
2880,Mega Photo,PHOTOGRAPHY,4.2,44941,16.0,1000000,Free,0.0,Everyone,Photography,"October 19, 2016",1.6.2,3.0 and up
2894,HD Camera Pro for Android,PHOTOGRAPHY,4.1,49211,1.9,1000000,Free,0.0,Everyone,Photography,"January 19, 2017",1.5.5,2.1 and up
2901,Samsung SMART CAMERA App,PHOTOGRAPHY,4.0,34753,22.0,1000000,Free,0.0,Everyone,Photography,"July 3, 2018",1.4.0_180703,4.2 and up
2923,FilterGrid - Cam&Photo Editor,PHOTOGRAPHY,4.6,126337,9.6,1000000,Free,0.0,Everyone,Photography,"March 15, 2017",2.0.5,4.0 and up
2927,Pic Stitch - #1 Collage Maker,PHOTOGRAPHY,4.2,15426,50.0,1000000,Free,0.0,Everyone,Photography,"July 24, 2018",3.8.3,5.1 and up
2952,Add Text To Photo,PHOTOGRAPHY,4.1,21578,1.6,1000000,Free,0.0,Everyone,Photography,"September 8, 2017",1.1.3,2.3 and up
2960,Free Sports TV,SPORTS,4.3,1802,9.8,100000,Free,0.0,Everyone,Sports,"June 21, 2018",1.4,4.0.3 and up
2966,Cristiano Ronaldo Wallpaper,SPORTS,4.6,1733,19.0,500000,Free,0.0,Everyone,Sports,"July 17, 2018",2.1,4.1 and up
2981,"Foot Mercato: transfers, results, news, live",SPORTS,4.3,39878,6.1,1000000,Free,0.0,Everyone,Sports,"July 28, 2018",3.6.7,4.1 and up
2987,"All Football GO- Live Score, Games",SPORTS,4.6,1981,10.0,100000,Free,0.0,Everyone,Sports,"June 21, 2018",2.9.9go,4.1 and up
2988,Top Mercato: football news,SPORTS,4.3,16016,6.9,1000000,Free,0.0,Everyone,Sports,"January 7, 2016",2.7.0,4.2 and up
2989,GollerCepte Live Score,SPORTS,4.2,9992,31.0,1000000,Free,0.0,Everyone,Sports,"May 23, 2018",6.5,4.1 and up
2992,Hovercraft Racer,SPORTS,4.0,218,28.0,100000,Free,0.0,Everyone,Sports,"July 19, 2018",5,4.1 and up
2993,World Cup 2018,SPORTS,4.6,4011,2.6,500000,Free,0.0,Teen,Sports,"July 1, 2018",1.0.16,2.3 and up
2994,GollerCepte 1903,SPORTS,4.7,25172,30.0,500000,Free,0.0,Everyone,Sports,"May 23, 2018",5.5,4.1 and up
2995,League18,SPORTS,4.3,14123,13.0,500000,Free,0.0,Everyone,Sports,"August 1, 2018",4.0.0,4.0 and up
2996,Speed Boat Racing,SPORTS,4.0,2487,27.0,1000000,Free,0.0,Everyone,Sports,"August 3, 2018",12,4.0.3 and up
2998,Lionel Messi Wallpapers,SPORTS,4.7,950,18.0,100000,Free,0.0,Everyone,Sports,"July 17, 2018",2.6,4.1 and up
3000,The 5th Stand,SPORTS,4.8,1664,17.0,100000,Free,0.0,Everyone,Sports,"July 31, 2018",1.2.677,4.4 and up
3002,U + professional baseball,SPORTS,4.3,2486,18.0,500000,Free,0.0,Everyone,Sports,"July 30, 2018",06.11.00,4.4 and up
3004,Mercato foot by Maxifoot,SPORTS,4.4,697,3.0,100000,Free,0.0,Everyone,Sports,"March 16, 2017",1.1,4.1 and up
3005,MLB Ballpark,SPORTS,3.9,5510,32.0,1000000,Free,0.0,Everyone,Sports,"July 16, 2018",7.3.0,4.2 and up
3006,MUTV - Manchester United TV,SPORTS,4.4,4549,24.0,500000,Free,0.0,Everyone,Sports,"August 1, 2018",2.4.0,4.1 and up
3017,CBS Sports Fantasy,SPORTS,4.0,43611,27.0,1000000,Free,0.0,Everyone,Sports,"June 27, 2018",3.17.0+3,5.0 and up
3023,NBC Sports Gold,SPORTS,2.9,3017,24.0,100000,Free,0.0,Everyone,Sports,"July 2, 2018",3.7,4.1 and up
3025,Telemundo Deportes - Live,SPORTS,4.5,36255,25.0,1000000,Free,0.0,Everyone,Sports,"August 1, 2018",5.10.5,4.1 and up
3026,SwingAid - Level up Golf,SPORTS,4.3,752,33.0,100000,Free,0.0,Everyone,Sports,"July 10, 2018",2.6.3,4.1 and up
3028,The Rules of Golf,SPORTS,4.3,926,9.3,100000,Free,0.0,Everyone,Sports,"January 17, 2018",5.9,4.1 and up
3032,Live Golf Scores - US & European Golf,SPORTS,4.2,798,4.7,50000,Free,0.0,Everyone 10+,Sports,"August 1, 2018",3.5,4.0 and up
3033,Golfshot: Golf GPS + Tee Times,SPORTS,4.3,7543,25.0,500000,Free,0.0,Everyone,Sports,"July 11, 2018",1.31.0,4.1 and up
3034,PGA TOUR LIVE,SPORTS,3.4,1845,12.0,100000,Free,0.0,Everyone,Sports,"June 7, 2017",1.3.0,4.2 and up
3036,Mobitee GPS Golf Free,SPORTS,4.2,1904,9.9,100000,Free,0.0,Everyone,Sports,"June 11, 2018",2.0.22,2.3 and up
3040,PGA TOUR,SPORTS,4.0,11151,52.0,1000000,Free,0.0,Everyone,Sports,"June 27, 2018",2018.6,5.0 and up
3043,DraftKings - Daily Fantasy Sports,SPORTS,4.5,50017,41.0,1000000,Free,0.0,Adults only 18+,Sports,"July 24, 2018",3.21.324,4.4 and up
3044,Fantasy Football Manager (FPL),SPORTS,4.4,63650,4.6,1000000,Free,0.0,Everyone,Sports,"August 3, 2018",7.0.2,4.1 and up
3046,Fantasy Football,SPORTS,3.5,50179,23.0,1000000,Free,0.0,Everyone,Sports,"August 2, 2018",2.5.7.1,5.0 and up
3049,US Open Tennis Championships 2018,SPORTS,4.0,9971,33.0,1000000,Free,0.0,Everyone,Sports,"June 5, 2018",7.1,5.0 and up
3051,Live Tennis Rankings / LTR,SPORTS,4.8,1660,4.7,10000,Free,0.0,Everyone,Sports,"June 5, 2018",3.9,4.0.3 and up
3052,Tennis Livescore Widget,SPORTS,4.1,361,2.2,50000,Free,0.0,Everyone,Sports,"October 13, 2016",1,2.3 and up
3057,Tennis 24 - tennis live scores,SPORTS,4.6,990,9.4,100000,Free,0.0,Everyone,Sports,"July 18, 2018",2.28.1,4.1 and up
3058,"Yahoo Sports - scores, stats, news, & highlights",SPORTS,4.5,32386,19.0,1000000,Free,0.0,Everyone,Sports,"August 1, 2018",7.8.0,5.1 and up
3059,Tennis News and Scores,SPORTS,4.3,101,3.9,10000,Free,0.0,Everyone,Sports,"July 15, 2018",5.4,4.1 and up
3065,MSN Sports - Scores & Schedule,SPORTS,4.5,35394,21.0,500000,Free,0.0,Everyone,Sports,"July 5, 2018",1.2.0,4.2 and up
3075,SportsManias Fantasy Team News,SPORTS,3.5,4057,26.0,500000,Free,0.0,Everyone,Sports,"May 10, 2018",3.2.12,4.0.3 and up
3076,Thuuz Sports,SPORTS,4.5,5517,5.2,500000,Free,0.0,Everyone,Sports,"April 3, 2018",6.9.12,2.3 and up
3077,NCAA Sports,SPORTS,3.9,4272,16.0,500000,Free,0.0,Everyone,Sports,"April 23, 2018",3.0.13,4.1 and up
3086,Fantasy Football & NFL News,SPORTS,4.5,2943,8.1,100000,Free,0.0,Everyone,Sports,"May 15, 2018",6.1.3,2.3.3 and up
3093,NASCAR MOBILE,SPORTS,4.2,80900,21.0,1000000,Free,0.0,Everyone,Sports,"July 25, 2018",7.1.7.4,4.4 and up
3105,TripIt: Travel Organizer,TRAVEL_AND_LOCAL,4.4,49190,25.0,1000000,Free,0.0,Everyone,Travel & Local,"June 15, 2018",7.5.0,5.0 and up
3113,Hostelworld: Hostels & Cheap Hotels Travel App,TRAVEL_AND_LOCAL,4.4,17878,28.0,1000000,Free,0.0,Everyone,Travel & Local,"July 16, 2018",6.7.1,4.1 and up
3131,Allegiant,TRAVEL_AND_LOCAL,3.1,5572,21.0,1000000,Free,0.0,Everyone,Travel & Local,"July 12, 2018",5.16.1,4.4 and up
3132,Amtrak,TRAVEL_AND_LOCAL,3.7,16815,28.0,1000000,Free,0.0,Everyone,Travel & Local,"July 15, 2018",3.1.3,5.0 and up
3133,JAL (Domestic and international flights),TRAVEL_AND_LOCAL,3.4,2277,27.0,1000000,Free,0.0,Everyone,Travel & Local,"May 7, 2018",4.4.7,4.0.3 and up
3135,VZ Navigator for Tablets,TRAVEL_AND_LOCAL,3.6,285,39.0,500000,Free,0.0,Everyone,Travel & Local,"January 22, 2018",10.7.8.111,4.2 and up
3137,"HSL - Tickets, route planner and information",TRAVEL_AND_LOCAL,3.3,256,17.0,100000,Free,0.0,Everyone,Travel & Local,"August 1, 2018",1.1.2,5.0 and up
3140,MAIN,TRAVEL_AND_LOCAL,3.6,7081,51.0,1000000,Free,0.0,Everyone,Travel & Local,"August 6, 2018",4.1.21,4.4 and up
3150,Navigation Plus,TRAVEL_AND_LOCAL,4.1,928,14.0,1000000,Free,0.0,Everyone,Travel & Local,"January 9, 2018",11.0.269 (m),4.1 and up
3157,Free Radar Detector,TRAVEL_AND_LOCAL,4.3,15680,11.0,1000000,Free,0.0,Everyone,Travel & Local,"July 6, 2018",6.2.3,4.1 and up
3166,Gormey: Find Best Restaurants,TRAVEL_AND_LOCAL,4.3,34,7.6,1000,Free,0.0,Everyone,Travel & Local,"August 29, 2017",2.3,4.0.3 and up
3167,Find Dining Restaurant Finder,TRAVEL_AND_LOCAL,4.1,427,26.0,100000,Free,0.0,Everyone,Travel & Local,"March 21, 2016",1.2.1,4.1 and up
3172,Hipmunk Hotels & Flights,TRAVEL_AND_LOCAL,4.3,16734,10.0,1000000,Free,0.0,Everyone,Travel & Local,"July 31, 2018",8.8.2,5.0 and up
3178,British Airways,TRAVEL_AND_LOCAL,4.2,25740,51.0,1000000,Free,0.0,Everyone,Travel & Local,"July 24, 2018",4.2,4.4 and up
3182,JetBlue,TRAVEL_AND_LOCAL,4.4,24281,29.0,1000000,Free,0.0,Everyone,Travel & Local,"July 25, 2018",4.4.2,4.4 and up
3184,Flights,TRAVEL_AND_LOCAL,4.4,18039,3.1,1000000,Free,0.0,Everyone,Travel & Local,"July 26, 2018",3.6.6,4.1 and up
3186,The Emirates App,TRAVEL_AND_LOCAL,4.4,22748,55.0,1000000,Free,0.0,Everyone,Travel & Local,"August 6, 2018",4.7.1,5.0 and up
3190,KLM - Royal Dutch Airlines,TRAVEL_AND_LOCAL,3.7,7705,40.0,1000000,Free,0.0,Everyone,Travel & Local,"August 6, 2018",9.7.1,4.1 and up
3193,Lufthansa,TRAVEL_AND_LOCAL,3.6,14544,43.0,1000000,Free,0.0,Everyone,Travel & Local,"July 27, 2018",7.2.5,4.1 and up
3196,LateRooms: Find Hotel Deals,TRAVEL_AND_LOCAL,4.1,2419,13.0,1000000,Free,0.0,Everyone,Travel & Local,"May 29, 2018",1.24.5,4.1 and up
3201,HOTEL DEALS,TRAVEL_AND_LOCAL,4.2,1609,4.0,100000,Free,0.0,Everyone,Travel & Local,"April 26, 2018",53.89.55,4.1 and up
3208,IHG®: Hotel Deals & Rewards,TRAVEL_AND_LOCAL,4.3,18622,44.0,1000000,Free,0.0,Everyone,Travel & Local,"August 3, 2018",4.15.1,4.4 and up
3209,SPG: Starwood Hotels & Resorts,TRAVEL_AND_LOCAL,4.2,8258,22.0,1000000,Free,0.0,Everyone,Travel & Local,"July 3, 2018",v5.4.3,4.4 and up
3218,Turo - Better Than Car Rental,TRAVEL_AND_LOCAL,4.4,14114,46.0,1000000,Free,0.0,Everyone,Travel & Local,"August 4, 2018",18.21.0,5.0 and up
3219,Ascape VR: 360° Virtual Travel,TRAVEL_AND_LOCAL,4.1,890,7.6,100000,Free,0.0,Everyone,Travel & Local;Action & Adventure,"August 9, 2017",4.0.38,4.4 and up
3225,Airport + Flight Tracker Radar,TRAVEL_AND_LOCAL,4.2,6762,8.5,1000000,Free,0.0,Everyone,Travel & Local,"July 14, 2015",8,4.0 and up
3227,Street Panorama View,TRAVEL_AND_LOCAL,4.2,40225,4.1,1000000,Free,0.0,Everyone,Travel & Local,"July 18, 2018",4.0.3,4.1 and up
3229,DreamTrips,TRAVEL_AND_LOCAL,4.7,9971,22.0,500000,Free,0.0,Teen,Travel & Local,"August 6, 2018",1.28.1,5.0 and up
3231,Sygic Truck GPS Navigation,TRAVEL_AND_LOCAL,4.2,18294,28.0,1000000,Free,0.0,Everyone,Travel & Local,"August 2, 2018",13.8.3,4.0 and up
3240,Moto Suggestions ™,TOOLS,4.6,308,4.3,1000000,Free,0.0,Everyone,Tools,"June 8, 2018",0.2.32,8.0 and up
3252,Android TV Remote Service,TOOLS,,1,3.7,1000000,Free,0.0,Everyone,Tools,"January 17, 2018",2.1.02.4477839,7.0 and up
3254,"Calculator - free calculator ,multi calculator app",TOOLS,4.4,1236,5.8,100000,Free,0.0,Everyone,Tools,"July 6, 2018",8.1.6,4.2 and up
3275,Google Assistant Go,TOOLS,3.7,315,4.6,500000,Free,0.0,Everyone,Tools,"July 27, 2018",1.8.203182757.armeabi-v7a.release,8.0 and up
3278,HTC Sense Input-LV,TOOLS,3.6,59,2.3,50000,Free,0.0,Everyone,Tools,"April 22, 2014",9.7.753080,4.1 and up
3279,HTC Sense Input-CA,TOOLS,3.1,124,1.9,100000,Free,0.0,Everyone,Tools,"April 22, 2014",9.7.753080,4.1 and up
3280,HTC Sense Input-AR,TOOLS,3.8,1420,2.7,100000,Free,0.0,Everyone,Tools,"April 22, 2014",9.7.753080,4.1 and up
3283,Puzzle Alarm Clock ⏰,TOOLS,4.3,32111,5.3,1000000,Free,0.0,Everyone,Tools,"August 3, 2018",3.1.0.1126,4.4 and up
3285,I Can't Wake Up! Alarm Clock,TOOLS,4.5,70404,4.2,1000000,Free,0.0,Everyone,Tools,"May 25, 2018",3.4.0,4.0 and up
3303,Calculator with Percent (Free),TOOLS,4.8,48211,7.4,1000000,Free,0.0,Everyone,Tools,"November 18, 2017",32.1,4.1 and up
3304,Graphing Calculator,TOOLS,3.9,12388,5.3,1000000,Free,0.0,Everyone,Tools,"April 1, 2016",1.17,2.3 and up
3305,Unit Converter,TOOLS,4.5,85387,5.4,1000000,Free,0.0,Everyone,Tools,"July 3, 2018",2.1.54,4.0 and up
3306,Calculator ++,TOOLS,4.6,33509,3.6,1000000,Free,0.0,Everyone,Tools,"May 12, 2018",2.2.7,4.4 and up
3312,weight conversion calculator,TOOLS,4.0,807,1.8,100000,Free,0.0,Everyone,Tools,"May 18, 2018",20180517,2.3 and up
3313,Age Calculator,TOOLS,4.4,24265,3.3,1000000,Free,0.0,Everyone,Tools,"July 25, 2017",4.0.6,4.0.3 and up
3314,EzCalculator,TOOLS,4.1,1657,2.0,100000,Free,0.0,Everyone,Tools,"September 17, 2017",2.1.0,5.0 and up
3317,Fast Secure VPN,TOOLS,4.3,56848,9.6,1000000,Free,0.0,Everyone,Tools,"May 18, 2018",1.6.11,4.1 and up
3318,Free & Premium VPN - FinchVPN,TOOLS,4.2,19096,10.0,1000000,Free,0.0,Everyone,Tools,"July 5, 2018",2.0.2,4.1 and up
3321,"VPN - Fast, Secure & Unlimited WiFi with VyprVPN",TOOLS,4.2,40676,25.0,1000000,Free,0.0,Everyone,Tools,"July 5, 2018",2.27.1,4.1 and up
3322,FREEDOME VPN Unlimited anonymous Wifi Security,TOOLS,4.3,39833,9.9,1000000,Free,0.0,Everyone,Tools,"July 9, 2018",2.5.1.7592,4.0.3 and up
3332,Network Signal Info,TOOLS,4.1,33926,17.0,1000000,Free,0.0,Everyone,Tools,"August 3, 2018",4.78.06,4.2 and up
3335,WiFi Overview 360,TOOLS,4.1,15693,18.0,1000000,Free,0.0,Everyone,Tools,"August 3, 2018",4.32.07,4.2 and up
3336,Speedcheck,TOOLS,4.6,48979,14.0,1000000,Free,0.0,Everyone,Tools,"August 4, 2018",5.0.0.8,4.0.3 and up
3340,NETGEAR WiFi Analytics,TOOLS,4.1,9496,0.7,1000000,Free,0.0,Everyone,Tools,"April 25, 2014",1.0.19,2.2 and up
3345,Lock Screen,TOOLS,4.0,41137,4.6,1000000,Free,0.0,Everyone,Tools,"November 15, 2017",1.7.3,3.2 and up
3346,ZERO Lock Screen,TOOLS,3.5,75336,0.5,1000000,Free,0.0,Everyone,Tools,"February 5, 2016",1.3,4.0 and up
3351,Screen Lock,TOOLS,4.2,68309,2.1,1000000,Free,0.0,Everyone,Tools,"November 23, 2017",v3.9f,4.0 and up
3353,Funny Ringtones,PERSONALIZATION,4.4,7146,14.0,1000000,Free,0.0,Everyone 10+,Personalization,"February 2, 2018",1.1,4.0 and up
3356,3D Live Neon Weed Launcher,PERSONALIZATION,4.5,1724,21.0,100000,Free,0.0,Mature 17+,Personalization,"June 26, 2018",5.34.10,4.0.3 and up
3359,Launcher,PERSONALIZATION,4.5,102923,18.0,1000000,Free,0.0,Everyone,Personalization,"July 10, 2018",2.1.2,5.0 and up
3361,4K Wallpapers and Ultra HD Backgrounds,PERSONALIZATION,4.6,7583,3.8,500000,Free,0.0,Everyone 10+,Personalization,"July 4, 2018",2.6.2.1,4.0.3 and up
3363,Birds Sounds Ringtones & Wallpapers,PERSONALIZATION,4.6,5073,23.0,1000000,Free,0.0,Everyone 10+,Personalization,"September 25, 2017",1.1,4.0 and up
3364,Funny Alarm Clock Ringtones,PERSONALIZATION,4.5,15633,14.0,1000000,Free,0.0,Everyone,Personalization,"March 9, 2017",1.1,4.0.3 and up
3366,"Color Call - Caller Screen, LED Flash",PERSONALIZATION,4.7,29485,9.9,1000000,Free,0.0,Everyone,Personalization,"July 20, 2018",1.0.4,4.0 and up
3377,Lovely Cute Pink Kitty Cat Keyboard Theme,PERSONALIZATION,4.3,2267,7.2,500000,Free,0.0,Everyone,Personalization,"July 9, 2018",6.7.5,4.0.3 and up
3380,Goku Wallpaper Art,PERSONALIZATION,4.7,6342,38.0,1000000,Free,0.0,Everyone,Personalization,"July 13, 2018",1.8,4.1 and up
3381,Door Lock Screen,PERSONALIZATION,4.3,5413,3.9,1000000,Free,0.0,Everyone,Personalization,"July 28, 2018",3.3.a,4.0 and up
3383,Cute wallpapers & kawaii backgrounds images,PERSONALIZATION,4.6,4724,5.4,1000000,Free,0.0,Everyone,Personalization,"July 30, 2018",1.2,4.0.3 and up
3386,OnePlus Icon Pack - Square,PERSONALIZATION,4.7,229,1.1,500000,Free,0.0,Everyone,Personalization,"May 23, 2018",1.9.1.180419172630.4a15962,5.0 and up
3387,Live 3D Neon Blue Love Heart Keyboard Theme,PERSONALIZATION,4.3,6626,9.1,1000000,Free,0.0,Everyone,Personalization,"July 25, 2018",6.7.25.2018,4.0.3 and up
3388,Pink Diamond Princess Keyboard Theme,PERSONALIZATION,3.7,10796,6.8,1000000,Free,0.0,Everyone,Personalization,"July 6, 2018",6.7.5,4.0.3 and up
3392,Colorful Glitter Neon Butterfly Keyboard Theme,PERSONALIZATION,4.3,2056,9.8,500000,Free,0.0,Everyone,Personalization,"July 25, 2018",6.7.24.2018,4.0.3 and up
3393,OnePlus Icon Pack,PERSONALIZATION,4.8,440,0.9,500000,Free,0.0,Everyone,Personalization,"May 23, 2018",1.9.2.180419172639.dbf3246,5.0 and up
3395,Water Droplets Keyboard Theme,PERSONALIZATION,4.1,398,6.8,100000,Free,0.0,Everyone,Personalization,"June 29, 2018",6.6.28,4.0.3 and up
3396,"FUN Keyboard – Emoji Keyboard, Sticker,Theme & GIF",PERSONALIZATION,4.7,12089,27.0,500000,Free,0.0,Everyone,Personalization,"July 3, 2018",1.2.5,4.0 and up
3397,Freeme Launcher—Stylish Theme,PERSONALIZATION,4.1,2828,7.4,100000,Free,0.0,Everyone,Personalization,"January 22, 2017",2.11.5,4.1 and up
3402,Zooper Widget,PERSONALIZATION,4.0,30498,5.9,1000000,Free,0.0,Everyone,Personalization,"March 11, 2015",2.6,3.2 and up
3404,Beautiful Widgets Free,PERSONALIZATION,3.9,25037,14.0,1000000,Free,0.0,Everyone,Personalization,"October 20, 2016",5.7.6,2.3 and up
3406,DashClock Widget,PERSONALIZATION,4.1,62301,1.9,1000000,Free,0.0,Everyone,Personalization,"May 11, 2016",1.7.2,4.2 and up
3415,Northern Lights FREE (Aurora),PERSONALIZATION,4.1,12180,5.4,1000000,Free,0.0,Everyone,Personalization,"December 24, 2016",1.3,2.1 and up
3426,Pink Roses Live Wallpaper,PERSONALIZATION,4.2,33074,3.3,1000000,Free,0.0,Everyone,Personalization,"May 4, 2018",4.1,4.1 and up
3429,Wallpaper,PERSONALIZATION,4.5,69488,9.7,1000000,Free,0.0,Everyone,Personalization,"July 8, 2018",6.07,4.1 and up
3430,Wolves Live Wallpaper,PERSONALIZATION,4.3,10401,3.3,1000000,Free,0.0,Everyone,Personalization,"October 27, 2017",7.5,4.1 and up
3431,Horses Live Wallpaper,PERSONALIZATION,4.2,28806,7.1,1000000,Free,0.0,Everyone,Personalization,"May 22, 2018",18,4.1 and up
3432,Tropical Beach Live Wallpaper,PERSONALIZATION,4.0,11343,8.4,1000000,Free,0.0,Everyone,Personalization,"May 22, 2018",18,4.1 and up
3434,Dolphins Live Wallpaper,PERSONALIZATION,4.2,25807,5.5,1000000,Free,0.0,Everyone,Personalization,"October 29, 2017",15,4.1 and up
3447,TouchPal Purple Butterfly Theme,PERSONALIZATION,4.2,7435,6.9,1000000,Free,0.0,Everyone,Personalization,"June 28, 2018",1,4.0.3 and up
3449,Lavender Emoji Keyboard Theme,PERSONALIZATION,4.1,12008,6.1,1000000,Free,0.0,Everyone,Personalization,"May 27, 2016",5,4.0 and up
3461,Power Booster - Junk Cleaner & CPU Cooler & Boost,PRODUCTIVITY,4.5,9653,5.1,1000000,Free,0.0,Everyone,Productivity,"August 6, 2018",1.2.5,4.1 and up
3472,MyMTN,PRODUCTIVITY,4.0,8550,15.0,1000000,Free,0.0,Everyone,Productivity,"July 25, 2018",2.1.5,4.0 and up
3494,Hacker's Keyboard,PRODUCTIVITY,4.4,41418,1.2,1000000,Free,0.0,Everyone,Productivity,"December 11, 2016",v1.39.3,2.2 and up
3496,Security & Privacy,PRODUCTIVITY,4.0,212,10.0,1000000,Free,0.0,Everyone,Productivity,"April 26, 2018",5.0.44,4.1 and up
3497,7 Weeks - Habit & Goal Tracker,PRODUCTIVITY,4.4,6011,4.3,500000,Free,0.0,Everyone,Productivity,"December 19, 2015",3.2.1,4.1 and up
3498,Loop - Habit Tracker,PRODUCTIVITY,4.7,17955,3.8,1000000,Free,0.0,Everyone,Productivity,"May 23, 2018",1.7.9,4.0.3 and up
3501,Pushbullet - SMS on PC,PRODUCTIVITY,4.5,176873,4.5,1000000,Free,0.0,Everyone,Productivity,"October 30, 2017",17.7.20,4.1 and up
3503,Planner Pro-Personal Organizer,PRODUCTIVITY,4.0,10270,8.4,1000000,Free,0.0,Everyone,Productivity,"March 23, 2018",4.4.1,4.0 and up
3505,Cozi Family Organizer,PRODUCTIVITY,4.4,56713,25.0,1000000,Free,0.0,Everyone,Productivity,"July 5, 2018",9.3.5776,4.1 and up
3515,Solid Explorer Classic,PRODUCTIVITY,4.5,49794,6.5,1000000,Free,0.0,Everyone,Productivity,"June 17, 2017",1.7.3,2.3 and up
3517,File Explorer,PRODUCTIVITY,4.1,979,0.7,100000,Free,0.0,Everyone,Productivity,"September 30, 2013",2.1.3,2.2 and up
3521,Smart File Manager,PRODUCTIVITY,4.2,17415,4.1,1000000,Free,0.0,Everyone,Productivity,"July 5, 2018",3.5.9,4.0 and up
3537,Simple Notepad,PRODUCTIVITY,4.3,12321,0.7,1000000,Free,0.0,Everyone,Productivity,"December 25, 2016",2.0.1,2.3 and up
3539,Sticky Note + : Sync Notes,PRODUCTIVITY,4.2,21507,6.6,1000000,Free,0.0,Everyone,Productivity,"August 31, 2017",13.4,4.0 and up
3541,Squid - Take Notes & Markup PDFs,PRODUCTIVITY,4.2,37204,19.0,1000000,Free,0.0,Everyone,Productivity,"July 21, 2018",3.4.4.4-GP,4.0 and up
3544,"JotterPad - Writer, Screenplay, Novel",PRODUCTIVITY,4.6,57904,11.0,1000000,Free,0.0,Everyone,Productivity,"July 1, 2018",12.8.2-pi,4.2 and up
3552,Calendar+ Schedule Planner App,PRODUCTIVITY,4.0,8985,5.7,1000000,Free,0.0,Everyone,Productivity,"January 16, 2017",1.07.59,4.0.3 and up
3553,Today Calendar 2017,PRODUCTIVITY,4.2,16349,9.0,1000000,Free,0.0,Everyone,Productivity,"April 25, 2016",4.0.7.3,4.1 and up
3555,New Calendar,PRODUCTIVITY,4.5,25985,6.9,1000000,Free,0.0,Everyone,Productivity,"July 20, 2018",1.0.167,4.0.3 and up
3568,Unclouded - Cloud Manager,PRODUCTIVITY,4.1,6850,11.0,100000,Free,0.0,Everyone,Productivity,"August 8, 2016",2.3.3-play,4.1 and up
3570,Amazon Drive,PRODUCTIVITY,4.4,18669,4.1,1000000,Free,0.0,Everyone,Productivity,"January 8, 2018",1.9.1.147.0-google,4.2 and up
3571,SugarSync,PRODUCTIVITY,4.1,16420,3.8,1000000,Free,0.0,Everyone,Productivity,"May 16, 2018",4.4.0.4,2.3.3 and up
3575,Baby Names,PARENTING,4.5,86,2.8,10000,Free,0.0,Everyone,Parenting,"August 3, 2018",1.7,4.0.3 and up
3577,Zoo For Preschool Kids 3-9 Years,PARENTING,,76,8.2,10000,Free,0.0,Everyone,Parenting;Education,"April 24, 2018",1.0.7,4.0 and up
3578,My baby Game (Balloon POP!),PARENTING,3.8,3614,3.3,1000000,Free,0.0,Everyone,Parenting;Brain Games,"May 28, 2018",2.15.2714,4.0 and up
3579,Arabic Alphabets,PARENTING,,34,6.2,10000,Free,0.0,Everyone,Parenting,"January 9, 2017",1,2.2 and up
3581,Development of the child up to a year,PARENTING,4.6,1413,14.0,100000,Free,0.0,Mature 17+,Parenting,"July 20, 2018",2.9.9,4.1 and up
3583,Ali Baba's Farm Tutorial Kids Games,PARENTING,,36,5.5,5000,Free,0.0,Everyone,Parenting,"May 27, 2018",4.7,4.1 and up
3584,Baby Panda Learns Shapes,PARENTING,4.0,3789,42.0,1000000,Free,0.0,Everyone,Parenting;Education,"June 21, 2018",8.25.10.00,4.0.3 and up
3585,Learning English for children,PARENTING,,67,15.0,50000,Free,0.0,Everyone,Parenting;Education,"April 18, 2018",1.9,2.3 and up
3587,Kids Videos,PARENTING,4.1,559,6.4,100000,Free,0.0,Everyone,Parenting,"May 20, 2018",1.3.1,4.1 and up
3588,My baby firework,PARENTING,3.7,4976,2.8,1000000,Free,0.0,Everyone,Parenting;Education,"May 28, 2018",2.04.2714,4.0 and up
3589,We learn children's verses in kindergarten,PARENTING,,3248,6.5,100000,Free,0.0,Everyone,Parenting;Education,"December 20, 2017",2.1,4.0 and up
3590,Baby Food - Homemade Recipes,PARENTING,4.1,44,3.6,10000,Free,0.0,Everyone,Parenting,"August 7, 2018",8.2,4.0.3 and up
3591,My baby Phone,PARENTING,3.7,9293,2.4,1000000,Free,0.0,Everyone,Parenting,"May 28, 2018",2.03.2714,4.0 and up
3592,Baby Sleep: White noise lullabies for newborns,PARENTING,4.6,62386,3.4,1000000,Free,0.0,Everyone,Parenting,"June 12, 2018",2.7,4.0 and up
3593,Arabic Chat - Chat,PARENTING,4.4,162,1.5,10000,Free,0.0,Everyone,Parenting,"May 1, 2018",1,4.1 and up
3594,BookBaby - Baby Development,PARENTING,4.6,1002,5.0,50000,Free,0.0,Everyone,Parenting,"August 18, 2016",3,4.0.3 and up
3595,Kids Craft Ideas,PARENTING,4.1,99,6.6,10000,Free,0.0,Everyone,Parenting,"March 29, 2018",1.1,4.1 and up
3600,How do I take care of my child?,PARENTING,4.8,190,6.8,100000,Free,0.0,Everyone,Parenting,"June 24, 2018",1.5,4.0 and up
3601,Baby Name Together,PARENTING,4.0,464,24.0,100000,Free,0.0,Everyone,Parenting,"August 6, 2018",2.3.1,5.0 and up
3602,White Noise for Baby,PARENTING,4.9,717,6.6,100000,Free,0.0,Everyone,Parenting,"December 30, 2017",1.6.0,4.1 and up
3603,Favorite Soviet cartoons,PARENTING,,63,4.9,10000,Free,0.0,Everyone,Parenting,"May 24, 2018",1.0.6,4.0 and up
3604,The first year of a baby's life,PARENTING,4.8,7505,9.1,100000,Free,0.0,Everyone,Parenting,"January 7, 2017",1.1.27.477-free,2.3 and up
3605,Safe365 – Cell Phone GPS Locator For Your Family,PARENTING,4.4,11501,11.0,1000000,Free,0.0,Everyone,Parenting,"July 30, 2018",3.7.1,4.0.3 and up
3606,Listen to the story~The Story of the Fairy Tales,PARENTING,4.7,69,5.8,5000,Free,0.0,Everyone,Parenting,"July 10, 2018",1.0.6,4.0.3 and up
3607,"Amazon FreeTime – Kids’ Videos, Books, & TV shows",PARENTING,4.2,2715,24.0,500000,Free,0.0,Everyone,Parenting;Music & Video,"July 24, 2018",FreeTimeApp-aosp_v3.14_Build-1.0.204367.0.13014,5.0 and up
3608,"Kids Fang - Infant Videos, Children's Songs, Fairy Tales, Lullaby Collections",PARENTING,4.6,349,4.4,100000,Free,0.0,Everyone,Parenting,"March 21, 2018",1.7,4.4 and up
3609,PPS Online,PARENTING,4.6,37,16.0,10000,Free,0.0,Everyone,Parenting,"July 9, 2018",3.19,4.0.3 and up
3610,Johny Johny Yes Papa Nursery Rhyme - offline Video,PARENTING,4.5,806,11.0,500000,Free,0.0,Everyone,Parenting,"August 4, 2018",4.2,4.0.3 and up
3611,Latest Emmanuella Comedy Video,PARENTING,4.6,60,4.9,10000,Free,0.0,Everyone,Parenting,"April 1, 2018",Natalia Studio Development,4.0.3 and up
3612,Baby Care & Tracker,PARENTING,4.1,319,11.0,100000,Free,0.0,Everyone,Parenting,"July 12, 2018",5.3,4.0.3 and up
3613,Urban Limo Taxi Simulator,PARENTING,3.8,824,53.0,1000000,Free,0.0,Everyone,Parenting,"August 2, 2018",8.9,4.0.3 and up
3614,Rainbow - Journal & Activities,PARENTING,4.8,6668,20.0,100000,Free,0.0,Everyone,Parenting,"March 28, 2018",2.5.9,4.1 and up
3615,Classical music for baby,PARENTING,4.8,1940,38.0,100000,Free,0.0,Everyone,Parenting;Music & Video,"July 18, 2018",1.04,4.2 and up
3616,How do I care about my child?,PARENTING,,34,4.9,10000,Free,0.0,Everyone,Parenting,"July 3, 2018",1.2,4.0 and up
3617,My Child from eDziecko.pl,PARENTING,4.5,1025,17.0,100000,Free,0.0,Everyone,Parenting,"June 29, 2018",1.3.9,4.1 and up
3618,Baby Panda Musical Genius,PARENTING,4.0,3346,37.0,1000000,Free,0.0,Everyone,Parenting;Music & Video,"June 15, 2018",8.25.10.00,4.0.3 and up
3619,Baby Monitor,PARENTING,4.4,5343,5.2,1000000,Free,0.0,Everyone,Parenting,"March 30, 2018",2.1.1,4.1 and up
3620,Daniel Tiger for Parents,PARENTING,4.7,247,28.0,100000,Free,0.0,Everyone,Parenting;Music & Video,"March 19, 2018",1.3.0,4.4 and up
3622,Vegetable Fun,PARENTING,3.9,3182,46.0,1000000,Free,0.0,Everyone,Parenting;Education,"June 15, 2018",8.25.10.00,4.0.3 and up
3623,It's open.,PARENTING,4.4,1528,16.0,100000,Free,0.0,Everyone,Parenting,"July 24, 2018",8.1.2,4.4 and up
3624,Children's Stories 2018 - The Lion Come Lion,PARENTING,4.4,39,18.0,10000,Free,0.0,Everyone,Parenting;Music & Video,"October 31, 2017",1.2,4.0 and up
3625,Feed Baby - Baby Tracker,PARENTING,4.5,76795,18.0,1000000,Free,0.0,Everyone,Parenting,"August 1, 2018",2.0.6,4.1 and up
3627,Weather forecast,WEATHER,4.8,159455,10.0,1000000,Free,0.0,Everyone,Weather,"May 8, 2018",1.11.93,4.4 and up
3629,Live Weather Pro,WEATHER,4.8,892,17.0,10000,Free,0.0,Everyone,Weather,"July 17, 2018",1.1,4.4 and up
3631,weather - weather forecast,WEATHER,4.7,11118,9.7,1000000,Free,0.0,Everyone,Weather,"April 26, 2018",30,4.0 and up
3634,Free live weather on screen,WEATHER,4.4,15370,21.0,1000000,Free,0.0,Everyone,Weather,"August 2, 2018",12.2.6.3660,4.1 and up
3635,Weather Radar Widget,WEATHER,4.3,18194,3.2,1000000,Free,0.0,Everyone,Weather,"June 28, 2017",1.7.7,3.0 and up
3638,Klara weather,WEATHER,4.6,36900,4.8,500000,Free,0.0,Everyone,Weather,"July 28, 2018",1.3.6,4.0 and up
3640,Real time Weather Forecast,WEATHER,4.4,4184,10.0,1000000,Free,0.0,Everyone,Weather,"March 26, 2018",7.1.12.12,5.0 and up
3643,Live Weather & Daily Local Weather Forecast,WEATHER,4.5,13426,19.0,1000000,Free,0.0,Everyone,Weather,"July 17, 2018",9.9.1.1910,4.1 and up
3648,Klart.se - Sweden's best weather,WEATHER,3.6,7623,19.0,1000000,Free,0.0,Everyone,Weather,"July 11, 2018",3.18.5,4.4 and up
3650,Info BMKG,WEATHER,4.3,21404,7.6,1000000,Free,0.0,Everyone,Weather,"June 15, 2017",2.2,4.4 and up
3655,Local Weather Forecast & Visual Widget,WEATHER,4.5,3478,6.1,500000,Free,0.0,Everyone,Weather,"August 2, 2018",2.9.10,4.2 and up
3656,Wetter by t-online.de,WEATHER,4.2,24349,9.2,1000000,Free,0.0,Everyone,Weather,"May 14, 2018",1.8.4.5,4.1 and up
3659,AEMET's time,WEATHER,3.8,15966,9.2,1000000,Free,0.0,Everyone,Weather,"July 17, 2017",2,2.3 and up
3660,New 2018 Weather App & Widget,WEATHER,4.5,2332,20.0,500000,Free,0.0,Teen,Weather,"August 3, 2018",12.2.7.3671,4.1 and up
3661,Météociel,WEATHER,4.5,29344,22.0,500000,Free,0.0,Everyone,Weather,"July 25, 2018",4.1.11 - Hegoa,4.1 and up
3664,ForecaWeather,WEATHER,4.2,18425,5.3,1000000,Free,0.0,Everyone,Weather,"July 29, 2017",3.1.7,4.1 and up
3666,All Video Downloader 2018,VIDEO_PLAYERS,4.3,7557,5.6,1000000,Free,0.0,Everyone,Video Players & Editors,"July 25, 2018",1.0.1,4.4 and up
3668,HD Video Player,VIDEO_PLAYERS,4.3,1551,2.9,1000000,Free,0.0,Everyone,Video Players & Editors,"July 25, 2018",1.1,4.1 and up
3669,Iqiyi (for tablet),VIDEO_PLAYERS,3.6,12764,25.0,1000000,Free,0.0,Teen,Video Players & Editors,"July 11, 2018",7.1,4.0 and up
3673,Free TV series,VIDEO_PLAYERS,3.7,400,7.2,100000,Free,0.0,Teen,Video Players & Editors,"May 28, 2018",v1.0.3,4.0.3 and up
3674,Video Player All Format for Android,VIDEO_PLAYERS,4.6,3930,3.3,500000,Free,0.0,Everyone,Video Players & Editors,"July 26, 2018",1.1.7,4.0.3 and up
3678,XX HD Video downloader-Free Video Downloader,VIDEO_PLAYERS,4.1,7624,6.0,1000000,Free,0.0,Everyone,Video Players & Editors,"April 20, 2018",1.9,4.0.3 and up
3679,OBJECTIVE,VIDEO_PLAYERS,3.8,19738,33.0,1000000,Free,0.0,Teen,Video Players & Editors,"August 7, 2018",9.7.6,4.0 and up
3681,HD Movie Video Player,VIDEO_PLAYERS,4.5,18699,4.1,1000000,Free,0.0,Everyone,Video Players & Editors,"March 27, 2018",1,4.0.3 and up
3683,"Video Editor,Crop Video,Movie Video,Music,Effects",VIDEO_PLAYERS,4.7,53006,44.0,1000000,Free,0.0,Everyone,Video Players & Editors,"August 3, 2018",1.5.1,4.4 and up
3695,Play Tube,VIDEO_PLAYERS,4.3,15874,5.4,1000000,Free,0.0,Everyone,Video Players & Editors,"July 5, 2018",1.2,4.1 and up
3699,Video.Guru - Video Maker,VIDEO_PLAYERS,4.6,36969,27.0,1000000,Free,0.0,Everyone,Video Players & Editors,"August 6, 2018",1.137.22,4.3 and up
3704,Video Status,VIDEO_PLAYERS,4.3,6685,4.0,1000000,Free,0.0,Everyone,Video Players & Editors,"August 2, 2018",1.1.4,4.1 and up
3705,Video Wallpaper Show,VIDEO_PLAYERS,,0,13.0,500,Free,0.0,Everyone,Video Players & Editors,"July 26, 2018",3.1,4.0.3 and up
3708,Tencent Video - Supporting the whole network,VIDEO_PLAYERS,3.5,13205,44.0,1000000,Free,0.0,Teen,Video Players & Editors,"July 31, 2018",6.2.2.17136,3.0 and up
3709,Casper Ssinema,VIDEO_PLAYERS,3.3,1261,2.5,10000,Free,0.0,Everyone,Video Players & Editors,"October 30, 2014",1,2.3 and up
3710,amazer - Global Kpop Video Community,VIDEO_PLAYERS,4.3,1215,23.0,100000,Free,0.0,Everyone 10+,Video Players & Editors,"July 20, 2018",1.5.4,4.1 and up
3717,BaBe + - Indonesian News,NEWS_AND_MAGAZINES,4.3,42624,16.0,1000000,Free,0.0,Everyone 10+,News & Magazines,"August 1, 2018",6.6.4,4.0 and up
3718,daily News,NEWS_AND_MAGAZINES,4.5,26411,26.0,1000000,Free,0.0,Everyone,News & Magazines,"March 26, 2018",2.3.2,4.1 and up
3720,"Free TV Shows App:News, TV Series, Episode, Movies",NEWS_AND_MAGAZINES,4.6,29706,11.0,1000000,Free,0.0,Teen,News & Magazines,"August 2, 2018",2.71,4.1 and up
3723,Wireless news,NEWS_AND_MAGAZINES,3.5,6066,56.0,1000000,Free,0.0,Everyone,News & Magazines,"April 16, 2018",2.1.4,4.4 and up
3727,Nigeria News NAIJ.com,NEWS_AND_MAGAZINES,4.3,37882,9.1,1000000,Free,0.0,Teen,News & Magazines,"June 1, 2018",8.2.9,4.0.3 and up
3730,BaBe Lite - Read Quota Saving News,NEWS_AND_MAGAZINES,4.5,9548,15.0,1000000,Free,0.0,Everyone,News & Magazines,"August 1, 2018",6.6.4,4.0 and up
3731,ARY NEWS URDU,NEWS_AND_MAGAZINES,4.4,1071,9.7,500000,Free,0.0,Everyone,News & Magazines,"July 25, 2018",5.8.0,4.1 and up
3732,Bengali Newspaper - The first L.,NEWS_AND_MAGAZINES,4.0,11908,5.5,1000000,Free,0.0,Everyone,News & Magazines,"July 1, 2018",8.3,4.1 and up
3735,BBC Persian | BBC Farsi News,NEWS_AND_MAGAZINES,4.3,978,2.9,100000,Free,0.0,Everyone,News & Magazines,"May 12, 2018",1.8.2,4.0.3 and up
3741,Asahi Shimbun Digital,NEWS_AND_MAGAZINES,3.1,735,6.3,500000,Free,0.0,Everyone,News & Magazines,"July 25, 2018",6.3.0,4.0.3 and up
3742,"Breaking News, Local news, Attacks and Alerts Free",NEWS_AND_MAGAZINES,4.7,2543,6.3,500000,Free,0.0,Everyone,News & Magazines,"July 19, 2018",8.0.6,4.1 and up
3744,Sky News,NEWS_AND_MAGAZINES,4.0,30287,19.0,1000000,Free,0.0,Everyone 10+,News & Magazines,"August 3, 2018",4.11.0.611033,4.1 and up
3745,Microsoft News,NEWS_AND_MAGAZINES,4.2,31504,31.0,1000000,Free,0.0,Everyone 10+,News & Magazines,"July 30, 2018",18.201.01,5.0 and up
3749,"The Report, Fox, Breitbart - Conservative News",NEWS_AND_MAGAZINES,4.6,2090,4.6,50000,Free,0.0,Everyone,News & Magazines,"August 5, 2018",1.9.0,4.1 and up
3750,РИА Новости,NEWS_AND_MAGAZINES,4.5,44274,8.0,1000000,Free,0.0,Everyone,News & Magazines,"August 6, 2018",4.0.6,4.4 and up
3751,Tencent News,NEWS_AND_MAGAZINES,4.0,7006,23.0,1000000,Free,0.0,Everyone,News & Magazines,"July 31, 2018",5.6.40,4.0 and up
3752,ARY NEWS,NEWS_AND_MAGAZINES,4.4,2959,9.8,1000000,Free,0.0,Everyone,News & Magazines,"August 4, 2018",7.5.0,4.1 and up
3753,Kurio - Read the Latest News,NEWS_AND_MAGAZINES,4.2,40167,8.7,1000000,Free,0.0,Everyone,News & Magazines,"July 30, 2018",3.12.0,4.4 and up
3756,Loop - Caribbean Local News,NEWS_AND_MAGAZINES,4.0,4332,12.0,1000000,Free,0.0,Everyone,News & Magazines,"March 16, 2018",3.0.42,4.1 and up
3760,Podcast App: Free & Offline Podcasts by Player FM,NEWS_AND_MAGAZINES,4.6,66384,19.0,1000000,Free,0.0,Teen,News & Magazines,"July 25, 2018",4.1.0.72,4.0 and up
3761,Spreaker Podcast Radio,NEWS_AND_MAGAZINES,4.5,17703,6.6,500000,Free,0.0,Teen,News & Magazines,"June 7, 2018",4.10.0,4.4 and up
3763,Dezeen Magazine RSS Reader,NEWS_AND_MAGAZINES,4.3,350,14.0,10000,Free,0.0,Everyone,News & Magazines,"July 22, 2018",3.000.1,4.2 and up
3764,"issuu - Read Magazines, Catalogs, Newspapers.",NEWS_AND_MAGAZINES,4.4,74425,8.6,1000000,Free,0.0,Everyone,News & Magazines,"July 18, 2018",5.14.0,4.0.3 and up
3769,LA Times: Your California News,NEWS_AND_MAGAZINES,3.6,3311,10.0,100000,Free,0.0,Everyone,News & Magazines,"April 24, 2018",4.0.1,4.2 and up
3773,World Newspapers,NEWS_AND_MAGAZINES,4.4,185884,7.5,1000000,Free,0.0,Mature 17+,News & Magazines,"September 17, 2017",3.1.9,4.1 and up
3774,The Wall Street Journal: Business & Market News,NEWS_AND_MAGAZINES,4.1,40975,36.0,1000000,Free,0.0,Everyone 10+,News & Magazines,"August 2, 2018",4.4.2.19,4.1 and up
3775,Financial Times,NEWS_AND_MAGAZINES,4.2,27104,8.2,1000000,Free,0.0,Everyone 10+,News & Magazines,"August 3, 2018",2.42.1.9,4.4 and up
3781,RT News (Russia Today),NEWS_AND_MAGAZINES,4.6,56524,14.0,1000000,Free,0.0,Teen,News & Magazines,"August 6, 2018",3.5.13,4.0.3 and up
3783,Reuters News,NEWS_AND_MAGAZINES,4.3,13169,25.0,1000000,Free,0.0,Everyone 10+,News & Magazines,"June 6, 2018",3.4.4,4.1 and up
3787,ABC News - US & World News,NEWS_AND_MAGAZINES,4.0,18976,35.0,1000000,Free,0.0,Everyone 10+,News & Magazines,"June 6, 2018",3.19.11,5.0 and up
3789,Sync for reddit,NEWS_AND_MAGAZINES,4.6,62740,8.6,500000,Free,0.0,Mature 17+,News & Magazines,"June 16, 2018",16.3,4.1 and up
3791,AP Mobile - Breaking News,NEWS_AND_MAGAZINES,4.5,76677,4.6,1000000,Free,0.0,Everyone 10+,News & Magazines,"May 25, 2017",4.4.3,4.0 and up
3793,HuffPost - News,NEWS_AND_MAGAZINES,4.2,78154,12.0,1000000,Free,0.0,Everyone 10+,News & Magazines,"August 3, 2018",19.2.8,4.4 and up
3799,AC - Tips & News for Android™,NEWS_AND_MAGAZINES,4.2,23292,14.0,1000000,Free,0.0,Everyone 10+,News & Magazines,"May 24, 2018",3.1.12,4.1 and up
3803,CBS News,NEWS_AND_MAGAZINES,4.3,23641,23.0,1000000,Free,0.0,Everyone 10+,News & Magazines,"June 29, 2018",3.9.0,4.1 and up
3805,NPR One,NEWS_AND_MAGAZINES,3.9,13217,8.8,1000000,Free,0.0,Teen,News & Magazines,"August 3, 2018",1.8.7.0,5.0 and up
3826,Mapy.cz - Cycling & Hiking offline maps,MAPS_AND_NAVIGATION,4.5,56443,43.0,1000000,Free,0.0,Everyone,Maps & Navigation,"June 26, 2018",6.2.0,4.1 and up
3829,Map and Router Badge,MAPS_AND_NAVIGATION,4.4,3652,32.0,500000,Free,0.0,Everyone,Maps & Navigation,"July 25, 2018",4.8.1,4.1 and up
3831,Air Traffic,MAPS_AND_NAVIGATION,4.3,14110,6.8,1000000,Free,0.0,Everyone,Maps & Navigation,"July 24, 2018",4.3,5.0 and up
3832,Speed Cameras Radar,MAPS_AND_NAVIGATION,4.4,18710,4.0,1000000,Free,0.0,Everyone,Maps & Navigation,"August 3, 2018",3.2.2,4.0.3 and up
3836,Gps Route Finder,MAPS_AND_NAVIGATION,4.4,652,3.4,100000,Free,0.0,Everyone,Maps & Navigation,"May 26, 2018",116,4.1 and up
3841,Czech Public Transport IDOS,MAPS_AND_NAVIGATION,4.3,26014,7.7,1000000,Free,0.0,Everyone,Maps & Navigation,"November 6, 2017",2.4.1,4.0.3 and up
3844,Soviet Military Maps Free,MAPS_AND_NAVIGATION,4.3,21589,5.6,1000000,Free,0.0,Everyone,Maps & Navigation,"August 1, 2018",5.1.0 free,4.0 and up
3846,Sentin Information Map,MAPS_AND_NAVIGATION,4.1,2909,5.2,100000,Free,0.0,Everyone,Maps & Navigation,"June 26, 2018",1.39,4.1 and up
3847,Snapp,MAPS_AND_NAVIGATION,4.5,37937,25.0,1000000,Free,0.0,Everyone,Maps & Navigation,"August 1, 2018",3.6.7,4.0.3 and up
3848,GPS Speedometer and Odometer,MAPS_AND_NAVIGATION,4.8,15865,3.3,1000000,Free,0.0,Everyone,Maps & Navigation,"August 3, 2018",10,4.1 and up
3850,Trucker Path – Truck Stops & Weigh Stations,MAPS_AND_NAVIGATION,4.7,38375,49.0,1000000,Free,0.0,Everyone,Maps & Navigation,"July 26, 2018",3.0.2,4.1 and up
3851,Map Coordinates,MAPS_AND_NAVIGATION,4.3,16657,3.6,1000000,Free,0.0,Everyone,Maps & Navigation,"July 17, 2018",4.7.5,4.0.3 and up
3854,"GPS Speedometer, Distance Meter",MAPS_AND_NAVIGATION,4.6,16094,5.4,1000000,Free,0.0,Everyone,Maps & Navigation,"July 31, 2018",2.7.2,4.0 and up
3856,GPS Speedometer - Trip Meter - Altimeter,MAPS_AND_NAVIGATION,4.3,32225,3.2,1000000,Free,0.0,Everyone,Maps & Navigation,"July 26, 2018",2.0.0,4.2 and up
3858,FindShip,MAPS_AND_NAVIGATION,4.2,23279,8.5,1000000,Free,0.0,Everyone,Maps & Navigation,"April 26, 2018",5.2.10,4.1 and up
3859,ÖBB Scotty,MAPS_AND_NAVIGATION,4.2,12572,24.0,1000000,Free,0.0,Everyone,Maps & Navigation,"February 19, 2018",5.4 (30),4.0 and up
3861,Alopec - Online Shipping System,MAPS_AND_NAVIGATION,4.3,1240,14.0,100000,Free,0.0,Everyone,Maps & Navigation,"November 2, 2017",2.4.1,4.1 and up
3867,National Rail Enquiries,MAPS_AND_NAVIGATION,3.5,18857,7.0,1000000,Free,0.0,Everyone,Maps & Navigation,"May 24, 2018",9.3.3,4.0.3 and up
3868,ixigo Cabs-Compare & Book Taxi,MAPS_AND_NAVIGATION,4.2,11838,9.2,1000000,Free,0.0,Everyone,Maps & Navigation,"April 9, 2018",1.7.3,4.0.3 and up
3873,A Call From Santa Claus!,FAMILY,3.9,3720,11.0,1000000,Free,0.0,Everyone,Entertainment,"December 4, 2016",4.2.3,4.0.3 and up
3875,A Word A Day,FAMILY,3.7,2398,2.9,500000,Free,0.0,Everyone,Education,"January 5, 2017",5.8,4.0 and up
3881,Color by Number - Draw Sandbox Pixel Art,FAMILY,4.6,10247,15.0,1000000,Free,0.0,Everyone,Entertainment,"July 27, 2018",1.3.13,4.1 and up
3882,A+ Mobile,FINANCE,3.9,730,6.3,10000,Free,0.0,Everyone,Finance,"June 26, 2018",5.4.4,4.4 and up
3886,Find a Way: Addictive Puzzle,FAMILY,4.8,39480,14.0,500000,Free,0.0,Everyone,Puzzle,"June 16, 2017",4.1.1,4.1 and up
3887,CompTIA A+ Pocket Prep,FAMILY,4.3,1311,14.0,10000,Free,0.0,Everyone,Education,"July 11, 2018",4.5.2,4.4 and up
3890,Comptia A+ 220-901 & 220-902,FAMILY,4.4,174,5.7,10000,Free,0.0,Everyone,Education,"April 19, 2018",2.0.7,4.1 and up
3891,Create A Superhero HD,FAMILY,3.3,8642,19.0,500000,Free,0.0,Teen,Casual,"December 30, 2017",4.0.4,2.3 and up
3898,STARDOM: THE A-LIST,GAME,4.5,152658,29.0,1000000,Free,0.0,Teen,Adventure,"September 12, 2014",2.1.8,2.1 and up
3899,LokLok: Draw on a Lock Screen,COMMUNICATION,4.1,14766,16.0,500000,Free,0.0,Teen,Communication,"September 20, 2017",0.81 beta,4.0.3 and up
3903,CompTIA Exam Training,FAMILY,4.8,3053,17.0,50000,Free,0.0,Everyone,Education,"July 3, 2018",1.7,4.2 and up
3917,Wolfify - Be a Werewolf,FAMILY,3.8,6760,26.0,500000,Free,0.0,Everyone,Entertainment,"June 11, 2015",1.4.6,3.2 and up
3918,Law of Creation: A Playable Manga,GAME,4.5,13118,47.0,500000,Free,0.0,Teen,Adventure,"June 25, 2018",1.0.19,4.0.3 and up
3933,Hungry Hearts Diner: A Tale of Star-Crossed Souls,FAMILY,4.9,46253,56.0,500000,Free,0.0,Everyone 10+,Simulation,"February 7, 2018",1.0.1,4.0 and up
3938,Draw A Stickman,GAME,3.4,29265,17.0,1000000,Free,0.0,Everyone,Adventure,"May 19, 2017",1.1.0,4.0.3 and up
3939,Be A Legend: Soccer,SPORTS,3.8,85763,21.0,1000000,Free,0.0,Everyone,Sports,"August 24, 2015",2.8.0.17,3.0 and up
3944,Four In A Line,GAME,3.8,22191,3.0,1000000,Free,0.0,Everyone,Board,"May 4, 2015",1.1,2.3 and up
3948,B-Messenger Video Chat,SOCIAL,4.1,12495,19.0,1000000,Free,0.0,Mature 17+,Social,"August 19, 2017",7.1.1,2.3 and up
3950,B,FINANCE,3.7,800,32.0,50000,Free,0.0,Everyone,Finance,"June 21, 2018",2.16.5426,4.4 and up
3954,B-BLE(BLE4.0 Scan),TOOLS,3.8,159,7.5,10000,Free,0.0,Everyone,Tools,"April 20, 2018",5.5,5.0 and up
3955,Cardi B Piano Game,GAME,3.1,50,7.4,10000,Free,0.0,Everyone,Music,"November 15, 2017",2,4.0 and up
3961,B.GOOD,FOOD_AND_DRINK,2.9,155,20.0,10000,Free,0.0,Everyone,Food & Drink,"April 4, 2018",4.94.19,4.1 and up
3969,Servers Ultimate Pack B,TOOLS,4.3,668,13.0,50000,Free,0.0,Everyone,Tools,"March 31, 2016",2.1.8,2.1 and up
3972,Air Transat CinePlus B,TRAVEL_AND_LOCAL,2.2,83,6.7,50000,Free,0.0,Everyone,Travel & Local,"July 5, 2018",1.0.17.3905,4.4 and up
3978,CARDI B WALLPAPERS,PERSONALIZATION,4.1,8,4.5,1000,Free,0.0,Everyone,Personalization,"May 21, 2018",3.1,4.0.3 and up
3979,Plan B,MAPS_AND_NAVIGATION,3.3,19,6.0,5000,Free,0.0,Everyone,Maps & Navigation,"July 12, 2017",1.2,4.3 and up
3981,B Tiff Viewer,PHOTOGRAPHY,4.1,283,7.4,100000,Free,0.0,Everyone,Photography,"May 12, 2018",1.1.7.4,4.0 and up
3982,Cardi B Wallpaper,ART_AND_DESIGN,4.8,253,3.7,50000,Free,0.0,Everyone,Art & Design,"November 1, 2017",1.0.0,4.0 and up
3983,A & B Taxi,MAPS_AND_NAVIGATION,4.1,41,25.0,1000,Free,0.0,Everyone,Maps & Navigation,"July 4, 2018",0.19.13-SPECTRUM,4.0.3 and up
3984,Cardi B HD Wallpapers Lock Screen,PERSONALIZATION,4.5,2,10.0,500,Free,0.0,Mature 17+,Personalization,"June 10, 2018",1.3,4.0.3 and up
3990,Learn C [NEW],FAMILY,4.5,349,11.0,50000,Free,0.0,Everyone,Education,"March 16, 2018",2.1.1,4.0 and up
3995,CL Mobile - Classifieds for Craigslist,SHOPPING,4.4,27275,8.3,1000000,Free,0.0,Teen,Shopping,"July 30, 2018",27500000,4.1 and up
3998,C Programs and Reference,BOOKS_AND_REFERENCE,4.2,873,2.5,50000,Free,0.0,Everyone,Books & Reference,"July 31, 2014",2.2,2.1 and up
4001,C Programming Zone,FAMILY,4.6,1218,4.0,50000,Free,0.0,Everyone,Education,"May 13, 2017",3,4.0.3 and up
4002,C Offline Tutorial,BOOKS_AND_REFERENCE,4.7,88,4.2,1000,Free,0.0,Everyone,Books & Reference,"December 8, 2017",1.0.1,4.1 and up
4004,All C Programs,FAMILY,4.7,2387,6.9,100000,Free,0.0,Everyone,Education,"June 9, 2018",2.5.1,4.1 and up
4006,C by GE,LIFESTYLE,1.7,686,6.6,10000,Free,0.0,Everyone,Lifestyle,"July 11, 2018",4.1.07,4.3 and up
4007,CPlus for Craigslist - Officially Licensed,LIFESTYLE,4.5,8096,16.0,1000000,Free,0.0,Mature 17+,Lifestyle,"August 3, 2018",1.6.4,4.1 and up
4008,Alt-C,PRODUCTIVITY,4.0,499,4.7,10000,Free,0.0,Everyone,Productivity,"January 27, 2017",1.37,4.0 and up
4009,C-SPAN Radio,FAMILY,3.6,608,5.4,100000,Free,0.0,Everyone,Entertainment,"May 17, 2018",4.3.2,4.1 and up
4010,Bridge-C - Get More Storage,TOOLS,2.0,24,35.0,1000,Free,0.0,Everyone,Tools,"December 29, 2017",1.7,6.0 and up
4011,Community by C Space,LIFESTYLE,4.7,707,26.0,5000,Free,0.0,Everyone,Lifestyle,"July 17, 2018",2.2.0,4.4 and up
4012,My C Spire,PRODUCTIVITY,4.1,376,32.0,50000,Free,0.0,Everyone,Productivity,"July 23, 2018",2.15.1,4.4 and up
4013,learn c in hindi,FAMILY,4.3,109,2.7,5000,Free,0.0,Everyone,Education,"June 24, 2017",4.1,4.0 and up
4014,Learn C Programming (Examples) (OFFLINE),FAMILY,4.3,43,3.7,10000,Free,0.0,Everyone,Education,"December 16, 2017",1.0.3,4.1 and up
4015,"C Programming - Learn Code, Theory & Discuss",FAMILY,4.5,2751,7.0,100000,Free,0.0,Everyone,Education,"June 15, 2018",3.2.8,4.0.3 and up
4016,Expert C Programming - Learn C Coding Easily,FAMILY,4.4,77,6.9,5000,Free,0.0,Everyone,Education,"January 5, 2018",1.1.9,5.0 and up
4018,codeEazy - C/C++/JAVA,FAMILY,4.6,130,2.2,10000,Free,0.0,Everyone,Education,"April 4, 2016",1.0.3,4.0.3 and up
4019,Batmobile™ R/C Controller,FAMILY,3.7,452,30.0,100000,Free,0.0,Everyone,Entertainment,"February 2, 2018",1.0.8,4.4 and up
4020,C Pattern Programs Free,FAMILY,4.5,4115,5.8,100000,Free,0.0,Everyone,Education,"July 8, 2018",7.1.0,4.0 and up
4021,C Programs Handbook,BOOKS_AND_REFERENCE,4.0,459,3.1,50000,Free,0.0,Everyone,Books & Reference,"November 16, 2017",2.2.3.3,4.0 and up
4022,C Functions,FAMILY,4.8,55,1.5,1000,Free,0.0,Everyone,Education,"September 26, 2015",1,4.0.3 and up
4023,Learn C# - .Net - C Sharp Programming Tutorial App,FAMILY,4.0,1320,8.6,100000,Free,0.0,Everyone,Education,"June 3, 2018",4.1.0,4.1 and up
4024,Learn Basic C - For Beginners,FAMILY,4.7,27,0.8,5000,Free,0.0,Everyone,Education,"January 20, 2016",1,3.0 and up
4025,C Prowess,FAMILY,4.8,306,3.3,5000,Free,0.0,Everyone,Education,"June 3, 2017",1.2,4.1 and up
4026,101 C Programming Problems,FAMILY,4.6,498,5.0,50000,Free,0.0,Everyone,Education,"October 15, 2017",2,4.0.3 and up
4027,Let us C - Example Programs,FAMILY,4.3,36,1.1,5000,Free,0.0,Everyone,Education,"August 30, 2017",1.2,3.0 and up
4028,C Examples,FAMILY,4.2,1002,4.4,10000,Free,0.0,Everyone,Education,"August 31, 2016",3.9,4.0 and up
4029,C BOOK-C PROGRAMS,FAMILY,4.8,138,2.1,10000,Free,0.0,Everyone,Education,"September 22, 2017",1,3.0 and up
4030,100+ C Programs,FAMILY,4.2,20,1.6,5000,Free,0.0,Everyone,Education,"January 3, 2017",1,4.0 and up
4053,Dance School Stories - Dance Dreams Come True,FAMILY,4.4,91171,36.0,1000000,Free,0.0,Everyone,Role Playing,"August 3, 2018",1.0.8,4.1 and up
4058,Z Ringtones PREMIUM 2018,PERSONALIZATION,4.5,10158,3.6,500000,Free,0.0,Everyone,Personalization,"March 1, 2018",1.5,4.0.3 and up
4062,Broken Screen Prank,FAMILY,3.3,23682,9.8,1000000,Free,0.0,Teen,Casual,"June 14, 2018",6.2,4.0 and up
4066,E!,FAMILY,3.1,740,20.0,100000,Free,0.0,Teen,Entertainment,"May 24, 2018",3.3.1.41,4.4 and up
4067,E! News,NEWS_AND_MAGAZINES,4.0,15443,25.0,1000000,Free,0.0,Teen,News & Magazines,"June 19, 2018",4.2.133,4.4 and up
4077,E-cigarette for free,FAMILY,3.6,1354,4.8,500000,Free,0.0,Mature 17+,Entertainment,"October 23, 2017",1,2.3 and up
4078,Moto LED for Moto X & E [Root],LIFESTYLE,3.4,4082,0.3,500000,Free,0.0,Everyone,Lifestyle,"October 16, 2014",1,4.2 and up
4081,World History Quick e-Book,FAMILY,4.4,1657,4.9,100000,Free,0.0,Everyone,Education;Education,"July 17, 2018",1.35,4.1 and up
4082,Greeting Cards & Wishes,SOCIAL,4.5,17350,12.0,500000,Free,0.0,Everyone,Social,"July 18, 2018",1.078,Varies with device
4091,theScore esports,SPORTS,4.5,16257,14.0,500000,Free,0.0,Everyone 10+,Sports,"February 3, 2017",2.8,4.1 and up
4092,EX File Explorer File Manager,PRODUCTIVITY,4.0,4660,5.9,1000000,Free,0.0,Everyone,Productivity,"October 6, 2016",1,4.0 and up
4093,Aab e Hayat Full Novel,BOOKS_AND_REFERENCE,4.3,1476,41.0,100000,Free,0.0,Everyone,Books & Reference,"February 21, 2017",1,3.0 and up
4103,Synd e-Passbook,FINANCE,4.3,9400,6.1,1000000,Free,0.0,Everyone,Finance,"May 12, 2016",1.09,2.2 and up
4110,F-Stop Gallery,PHOTOGRAPHY,4.2,12726,15.0,1000000,Free,0.0,Everyone,Photography,"July 21, 2018",4.9.18,4.1 and up
4112,FlashLight F.Light,TOOLS,4.3,3943,11.0,100000,Free,0.0,Everyone,Tools,"May 23, 2018",1.4.2,5.0 and up
4113,F-Secure SENSE,TOOLS,4.6,57,13.0,5000,Free,0.0,Everyone,Tools,"July 4, 2018",1.0.988,5.0 and up
4114,Super Car F. Mod for MCPE,GAME,3.6,214,4.9,50000,Free,0.0,Everyone,Adventure,"July 19, 2018",3.0.1,4.2 and up
4116,F-Secure KEY Password manager,TOOLS,4.2,2588,7.6,100000,Free,0.0,Everyone,Tools,"June 27, 2018",4.7.4,4.0 and up
4117,Inputting Plus: Ctrl + Z/F/C/V,PRODUCTIVITY,4.2,1117,3.0,50000,Free,0.0,Everyone,Productivity,"October 18, 2017",1.0.6,5.0 and up
4118,CTRL-F - Search the real world,PRODUCTIVITY,4.4,607,37.0,50000,Free,0.0,Everyone,Productivity,"July 24, 2016",1.1,4.0.3 and up
4119,F-Secure SAFE,TOOLS,4.3,9433,9.3,500000,Free,0.0,Everyone,Tools,"July 30, 2018",17.4.0014017,5.0 and up
4120,MHD F-Series,AUTO_AND_VEHICLES,4.9,73,23.0,1000,Free,0.0,Everyone,Auto & Vehicles,"June 5, 2018",version 0.994,3.2 and up
4121,F-Secure AV Test,TOOLS,4.5,1250,0.2,50000,Free,0.0,Everyone,Tools,"March 6, 2018",1.0.1,4.0.3 and up
4124,F-Secure Mobile Security,TOOLS,4.2,13096,9.2,500000,Free,0.0,Everyone,Tools,"July 30, 2018",17.4.0014017,5.0 and up
4125,f'east,LIFESTYLE,3.8,38,4.8,5000,Free,0.0,Everyone,Lifestyle,"April 17, 2018",2.6.3,4.0 and up
4128,HumorCast - Authentic Weather,WEATHER,4.4,6495,40.0,100000,Free,0.0,Teen,Weather,"July 12, 2018",4.4.4,4.4 and up
4129,F & M Mobile Banking,FINANCE,4.0,43,13.0,5000,Free,0.0,Everyone,Finance,"February 20, 2018",4.5.0,4.0 and up
4130,F,TOOLS,,6,4.9,500,Free,0.0,Everyone,Tools,"May 15, 2018",1.0.2,4.0 and up
4131,RPG End of Aspiration F,FAMILY,4.4,20368,31.0,500000,Free,0.0,Teen,Role Playing,"December 15, 2016",3.0.0fr,2.3 and up
4135,R+F PULSE,BUSINESS,3.4,58,3.0,10000,Free,0.0,Everyone,Business,"April 21, 2017",1,4.4 and up
4136,F-Secure Freedome for Business,BUSINESS,3.8,183,9.9,50000,Free,0.0,Everyone,Business,"July 16, 2018",2.5.1.7594.psb,4.0.3 and up
4138,"f.lux (preview, root-only)",HEALTH_AND_FITNESS,3.7,5559,3.7,500000,Free,0.0,Everyone,Health & Fitness,"March 15, 2016",22,4.0.3 and up
4142,Convert degree Celsius to Fahrenheit or °F to °C,TOOLS,4.4,51,2.1,5000,Free,0.0,Everyone,Tools,"May 21, 2018",1.5.8,4.0 and up
4143,F-Gas Solutions,BUSINESS,4.2,127,1.4,10000,Free,0.0,Everyone,Business,"October 7, 2016",2.1.3,4.0 and up
4152,Rolling G Sky,GAME,3.6,2065,25.0,100000,Free,0.0,Everyone,Adventure,"January 25, 2017",1,2.3.3 and up
4154,G-Switch 2,GAME,4.4,12683,19.0,1000000,Free,0.0,Everyone,Action,"February 5, 2018",1.1,2.3 and up
4155,G-Switch 3,GAME,4.6,3656,39.0,100000,Free,0.0,Everyone,Action,"March 15, 2018",1.1.3,3.0 and up
4157,Share G - Images Sharing - Wallpapers App,SOCIAL,4.4,120,2.3,10000,Free,0.0,Teen,Social,"October 5, 2017",1,4.0.3 and up
4162,G-Switch,GAME,3.8,4116,8.8,100000,Free,0.0,Everyone,Action,"September 1, 2015",1.3.4,2.3 and up
4163,Offroad G-Class 2018,FAMILY,4.4,7715,28.0,500000,Free,0.0,Everyone,Simulation,"June 29, 2018",1.7,4.1 and up
4167,My G:,MAPS_AND_NAVIGATION,3.7,96,14.0,10000,Free,0.0,Everyone,Maps & Navigation,"November 14, 2017",1.4.0,4.1 and up
4171,G-Homa,LIFESTYLE,3.1,777,14.0,50000,Free,0.0,Everyone,Lifestyle,"May 4, 2018",3.0.20,4.0 and up
4174,Speedometer with G-FORCE meter,TOOLS,3.8,415,2.7,50000,Free,0.0,Everyone,Tools,"June 1, 2017",7,2.3 and up
4176,Radial-G : Infinity,GAME,3.6,517,47.0,50000,Free,0.0,Everyone,Arcade,"December 7, 2015",1.4,4.1 and up
4179,G-REMOTE,HOUSE_AND_HOME,4.5,30,25.0,1000,Free,0.0,Everyone,House & Home,"August 1, 2018",2.4,4.0.3 and up
4180,Car G-Force Meter,TOOLS,4.2,184,1.3,10000,Free,0.0,Everyone,Tools,"July 29, 2017",2.23,4.0 and up
4187,HPlus,HEALTH_AND_FITNESS,2.9,1786,5.9,100000,Free,0.0,Everyone,Health & Fitness,"June 12, 2018",3.5.2,4.4 and up
4189,DNS Changer - BEST (Gprs/Edge/3G/H/H+/4G),TOOLS,4.3,123,1.9,5000,Free,0.0,Everyone,Tools,"September 30, 2017",1.2,4.0 and up
4193,صور حرف H,ART_AND_DESIGN,4.4,13,4.5,1000,Free,0.0,Everyone,Art & Design,"March 27, 2018",2,4.0.3 and up
4194,H Band 2.0,HEALTH_AND_FITNESS,2.9,4031,8.9,500000,Free,0.0,Everyone,Health & Fitness,"June 15, 2018",3.0.2,4.4 and up
4195,H!LooK - Dating,DATING,4.2,46,26.0,10000,Free,0.0,Mature 17+,Dating,"July 29, 2018",2.1.6,5.0 and up
4196,H-Connect,HEALTH_AND_FITNESS,4.0,50,15.0,5000,Free,0.0,Everyone,Health & Fitness,"July 3, 2018",2.14,4.4 and up
4198,AntennaPict β,COMMUNICATION,4.3,15439,2.2,1000000,Free,0.0,Everyone,Communication,"November 7, 2016",2.0.0,2.3 and up
4199,Elkhart County 4-H Fair,FAMILY,3.9,38,42.0,5000,Free,0.0,Everyone,Entertainment,"April 6, 2018",5055.524.5,4.1 and up
4201,H letter images,SOCIAL,,17,8.5,1000,Free,0.0,Teen,Social,"June 28, 2018",16.7,4.0.3 and up
4202,H Band,HEALTH_AND_FITNESS,4.0,214,8.9,10000,Free,0.0,Everyone,Health & Fitness,"June 13, 2018",3.0.2,4.4 and up
4204,MJX H,FAMILY,3.7,126,13.0,10000,Free,0.0,Everyone,Entertainment,"August 22, 2017",1.0-build20170819,4.1 and up
4206,H-Kakashi - theme Xperia™,PERSONALIZATION,4.6,621,5.4,50000,Free,0.0,Everyone,Personalization,"December 1, 2017",a.2,4.4 and up
4207,RC City Police Heavy Traffic Racer,GAME,4.4,3250,27.0,1000000,Free,0.0,Everyone,Racing,"July 19, 2018",1.2,4.0 and up
4208,"Alphabet ""H"" Passcode Lock Screen",PERSONALIZATION,4.5,2,3.0,100,Free,0.0,Everyone,Personalization,"December 21, 2017",1,4.1 and up
4209,Ohio State Fair 4-H,FAMILY,3.0,4,19.0,1000,Free,0.0,Everyone,Entertainment,"February 7, 2018",3.0.1,4.1 and up
4210,Larry H Miller Automotive,PRODUCTIVITY,3.1,67,8.3,10000,Free,0.0,Everyone,Productivity,"July 18, 2018",3.5.3,4.0.3 and up
4212,Add-On: Alcatel (h),PRODUCTIVITY,4.5,107,1.2,50000,Free,0.0,Everyone,Productivity,"May 19, 2015",10.0.3148,4.0 and up
4213,My Android Device S/W & H/W,FAMILY,4.5,681,2.8,50000,Free,0.0,Everyone,Education,"November 20, 2015",1.1,2.3 and up
4214,ADMIRALTY H-Note,BUSINESS,4.5,176,19.0,10000,Free,0.0,Everyone,Business,"October 25, 2016",2,5.0 and up
4215,Force LTE Only,TOOLS,4.1,10426,7.2,1000000,Free,0.0,Everyone,Tools,"February 4, 2018",1.4,4.0 and up
4220,Helix,GAME,3.9,2454,37.0,500000,Free,0.0,Everyone,Arcade,"September 10, 2017",1.2,4.0 and up
4223,I am Nose Doctor -Save my Nose,FAMILY,4.2,3133,34.0,500000,Free,0.0,Everyone,Casual,"January 4, 2016",1.1.1,3.1 and up
4225,What was I in my Past Life,FAMILY,3.7,7453,6.5,1000000,Free,0.0,Everyone,Entertainment,"December 19, 2017",2.1,4.1 and up
4226,How Old am I?,FAMILY,2.8,4635,3.9,1000000,Free,0.0,Everyone,Entertainment,"January 1, 2018",1.7,4.0 and up
4228,I Screen Dialer,TOOLS,4.1,8137,3.9,1000000,Free,0.0,Everyone,Tools,"February 25, 2018",1.11,4.3 and up
4230,How Do I Look,PHOTOGRAPHY,2.7,3032,2.8,500000,Free,0.0,Everyone,Photography,"December 8, 2017",1.3,3.0 and up
4236,I'm Ping Pong King :),SPORTS,4.4,29864,40.0,1000000,Free,0.0,Everyone,Sports,"July 26, 2018",2.5,4.1 and up
4245,FollowMeter for Instagram,SOCIAL,4.4,90082,8.8,1000000,Free,0.0,Everyone,Social,"May 22, 2018",2.44,4.1 and up
4246,I LOVE PASTA,FAMILY,4.0,83875,43.0,1000000,Free,0.0,Everyone,Simulation,"September 8, 2017",1.6.1,2.3.3 and up
4250,J Touch,TOOLS,4.6,2176,1.0,100000,Free,0.0,Everyone,Tools,"August 1, 2018",1.5.1-GP,4.1 and up
4251,J-Novel Club,FAMILY,3.3,162,9.0,10000,Free,0.0,Teen,Entertainment,"October 22, 2017",1.2,4.1 and up
4253,J - Style Pro,HEALTH_AND_FITNESS,2.3,74,2.6,10000,Free,0.0,Everyone,Health & Fitness,"January 20, 2016",1.1,4.3 and up
4256,The J-Notes: Jazz News,SPORTS,,7,7.2,1000,Free,0.0,Everyone 10+,Sports,"February 28, 2018",5.2.2,4.1 and up
4258,Mali J,SOCIAL,3.2,185,4.7,10000,Free,0.0,Teen,Social,"October 20, 2017",1.0.1,4.1 and up
4263,J. Cole Rapper Wallpaper HD,PERSONALIZATION,4.1,8,3.1,1000,Free,0.0,Everyone,Personalization,"January 11, 2018",1,4.1 and up
4264,Keyboard for Sony Xperia J,PERSONALIZATION,4.1,797,6.7,50000,Free,0.0,Everyone,Personalization,"July 29, 2018",1.279.13.98,4.0.3 and up
4266,Harris J Lyrics,FAMILY,4.7,36,7.1,1000,Free,0.0,Everyone,Entertainment,"March 12, 2018",1.3,4.0.3 and up
4269,J Balvin Piano Tiles,GAME,,6,30.0,500,Free,0.0,Everyone,Music,"May 15, 2018",2,4.1 and up
4270,Guess the song of J Balvin,GAME,,28,8.9,1000,Free,0.0,Everyone,Trivia,"December 24, 2017",1.1,4.1 and up
4271,J-Stars Victory VS Guide,GAME,4.1,609,13.0,10000,Free,0.0,Everyone,Action,"May 14, 2014",1.7,2.2 and up
4272,2048 BTS J Hope KPop Puzzle Game,FAMILY,4.7,17,2.4,1000,Free,0.0,Everyone,Puzzle,"September 26, 2017",1,2.3.3 and up
4273,J. Polep Plus Mobile,PRODUCTIVITY,,0,44.0,100,Free,0.0,Everyone,Productivity,"March 26, 2018",1.1.4,5.0 and up
4274,J. Cole Albums (2007-2017),FAMILY,4.6,7,7.3,1000,Free,0.0,Mature 17+,Entertainment,"April 11, 2018",1.3,4.0.3 and up
4275,J Dark Ice Substratum Theme,PERSONALIZATION,4.5,164,33.0,10000,Free,0.0,Everyone,Personalization,"July 19, 2018",4.3,6.0 and up
4276,BTS J-Hope Wallpaper KPOP Fans HD,PERSONALIZATION,4.7,98,3.4,10000,Free,0.0,Everyone,Personalization,"May 19, 2018",1.1.1,4.0 and up
4277,BTS j-hope LINE Launcher theme,PERSONALIZATION,4.9,934,3.8,10000,Free,0.0,Everyone,Personalization,"October 17, 2014",4.1,4.0.3 and up
4278,BTS J-Hope Wallpaper HD for KPOP Fans,PERSONALIZATION,,4,3.6,500,Free,0.0,Everyone,Personalization,"July 26, 2018",2.1.4,4.0 and up
4280,K Health,HEALTH_AND_FITNESS,4.1,290,40.0,50000,Free,0.0,Teen,Health & Fitness,"July 22, 2018",1.7.2992,4.1 and up
4281,CIRCLE K,SHOPPING,4.4,9140,14.0,500000,Free,0.0,Everyone,Shopping,"July 31, 2018",5.9.0,4.4 and up
4286,Sight Words Pre-K to Grade-3,FAMILY,4.4,1185,40.0,100000,Free,0.0,Everyone,Educational;Education,"June 17, 2018",1.5.1,4.1 and up
4288,[Substratum] K-Manager for K-Klock,PERSONALIZATION,4.5,14,11.0,1000,Free,0.0,Everyone,Personalization,"July 31, 2018",31,7.0 and up
4290,K keyboard - Myanmar,TOOLS,4.8,1955,14.0,100000,Free,0.0,Everyone,Tools,"March 17, 2018",1.0.8,4.1 and up
4294,K-Chiing VPN (Free),TOOLS,3.7,43,10.0,5000,Free,0.0,Mature 17+,Tools,"July 24, 2018",2.1.2,4.1 and up
4295,Preschool All-In-One,FAMILY,4.1,9019,44.0,1000000,Free,0.0,Everyone,Casual;Education,"March 28, 2018",6.6,4.0 and up
4296,OST),FAMILY,3.7,4444,10.0,500000,Free,0.0,Everyone,Entertainment,"July 6, 2018",3.0.12,4.1 and up
4298,Radio K - KUOM,FAMILY,4.5,39,7.4,1000,Free,0.0,Everyone,Entertainment,"March 9, 2018",3.0.57,4.1 and up
4303,Speech Therapy: K,FAMILY,,2,15.0,1000,Free,0.0,Everyone,Education,"October 7, 2016",1,2.3.3 and up
4304,K-Otic Universe,FAMILY,4.9,55,40.0,1000,Free,0.0,Everyone,Puzzle,"August 3, 2018",108,4.1 and up
4306,CASE K-12 Math English Science,FAMILY,4.6,60,2.1,10000,Free,0.0,Everyone,Education,"May 1, 2016",1,2.2 and up
4307,Mermaid Princess Pre K Games,FAMILY,,19,31.0,5000,Free,0.0,Everyone,Educational;Education,"June 29, 2018",3.01,4.1 and up
4308,K-App Mitarbeiter Galeria Kaufhof,PRODUCTIVITY,,0,19.0,100,Free,0.0,Everyone,Productivity,"July 10, 2018",3.27.1,4.4 and up
4309,"Niche: College, K-12, and Neighborhood Search",LIFESTYLE,4.0,42,26.0,5000,Free,0.0,Everyone,Lifestyle,"July 6, 2018",1.0.1,4.4 and up
4310,"K-Spapp, the K-Space app",FAMILY,4.8,39,3.6,1000,Free,0.0,Everyone,Education,"February 9, 2017",1.53,4.0.3 and up
4311,"Math Quiz Free: Grades K,1,2,3",FAMILY,4.3,159,13.0,10000,Free,0.0,Everyone,Education;Education,"February 3, 2015",1,4.0 and up
4312,K-9 Material (unofficial),COMMUNICATION,4.4,64,4.5,5000,Free,0.0,Teen,Communication,"March 27, 2017",5.206,5.0 and up
4313,Discovery K!ds Play! Español,FAMILY,4.2,11263,35.0,1000000,Free,0.0,Everyone,Entertainment;Music & Video,"May 3, 2018",2.1.0.2173,4.0.3 and up
4315,Wallpapers Bus Scania Irizar K,PERSONALIZATION,,35,15.0,10000,Free,0.0,Teen,Personalization,"April 21, 2016",1,2.3.3 and up
4317,K-pop Music,FAMILY,4.0,369,3.5,10000,Free,0.0,Everyone,Entertainment,"January 11, 2017",2.0.0,2.3 and up
4319,Korean Dungeon: K-Word 1000,GAME,4.7,703,40.0,10000,Free,0.0,Everyone 10+,Word,"November 17, 2017",1.0.4,4.1 and up
4328,"Messenger L SMS, MMS",PERSONALIZATION,4.0,6263,20.0,500000,Free,0.0,Everyone,Personalization,"July 12, 2018",7.46,2.3 and up
4330,EXO-L,FAMILY,4.6,67410,0.9,1000000,Free,0.0,Everyone,Entertainment,"November 2, 2017",1.0.9,2.2 and up
4331,Lie Detector,FAMILY,3.1,306,2.9,50000,Free,0.0,Everyone,Simulation,"April 4, 2017",1.2.1,4.0.3 and up
4333,Calculator L,PRODUCTIVITY,4.5,2965,2.4,100000,Free,0.0,Everyone,Productivity,"May 10, 2015",1.1.3,4.3 and up
4335,Emoji Android L Keyboard,PRODUCTIVITY,4.0,11535,6.8,1000000,Free,0.0,Everyone,Productivity,"December 7, 2017",1.42,4.0 and up
4336,Lollipop Keyboard L Pro,PERSONALIZATION,3.6,5525,2.6,500000,Free,0.0,Everyone,Personalization,"June 6, 2016",1.6,2.3 and up
4337,French to English Speaking - Apprendre l' Anglais,FAMILY,4.5,4251,13.0,1000000,Free,0.0,Everyone,Education,"April 27, 2018",23,4.0.3 and up
4340,Clock L,PERSONALIZATION,3.9,2852,5.4,100000,Free,0.0,Everyone,Personalization,"September 7, 2015",1.3,4.0 and up
4341,Dialer theme Droid L,PERSONALIZATION,4.3,1734,2.8,100000,Free,0.0,Mature 17+,Personalization,"April 2, 2016",4,4.0.3 and up
4342,SPEED L,SHOPPING,4.3,85,2.9,50000,Free,0.0,Everyone,Shopping,"June 26, 2018",1.24,4.4 and up
4345,Je Parle ANGLAIS - Apprendre l’anglais Audio cours,FAMILY,4.4,499,27.0,100000,Free,0.0,Everyone,Education,"March 13, 2018",2.4,4.0.3 and up
4350,M-Files,BUSINESS,4.4,236,44.0,10000,Free,0.0,Everyone,Business,"June 26, 2018",3.1.1,4.4 and up
4351,M Launcher -Marshmallow 6.0,PERSONALIZATION,4.4,37234,7.3,1000000,Free,0.0,Everyone,Personalization,"March 22, 2018",1.4.9,4.1 and up
4352,"Mobizen Screen Recorder for LG - Record, Capture",VIDEO_PLAYERS,4.5,58820,37.0,1000000,Free,0.0,Everyone,Video Players & Editors,"April 26, 2018",3.5.1.8,4.4 and up
4354,M3-X5-X6-M-İ3-İ8 RACİNG 2018,GAME,4.4,596,44.0,100000,Free,0.0,Everyone,Arcade,"February 12, 2017","1,01",4.0 and up
4356,360-M Flight,TOOLS,3.9,84,24.0,10000,Free,0.0,Everyone,Tools,"December 14, 2017",2.18,4.0.3 and up
4357,M-acceleration 3D Car Racing,GAME,3.9,1202,34.0,100000,Free,0.0,Everyone,Racing,"June 28, 2018",1.6,4.1 and up
4359,M+,NEWS_AND_MAGAZINES,4.9,198,9.1,10000,Free,0.0,Everyone,News & Magazines,"May 29, 2018",3.2.2,5.0 and up
4360,Super Hero M Craft Run,GAME,3.7,303,38.0,100000,Free,0.0,Everyone,Arcade,"July 12, 2017",1.6,4.0.3 and up
4361,M-Sight Pro,VIDEO_PLAYERS,3.3,30,15.0,5000,Free,0.0,Everyone,Video Players & Editors,"July 25, 2018",3.1.0.1-r4,4.0 and up
4364,GTS-M,TOOLS,4.2,38,0.3,5000,Free,0.0,Everyone,Tools,"January 26, 2017",1.4,1.6 and up
4366,M star Dialer,COMMUNICATION,3.5,400,4.2,100000,Free,0.0,Everyone,Communication,"March 20, 2017",3.8.8,2.2 and up
4370,M Notifier for M Launcher,TOOLS,4.2,2803,1.4,100000,Free,0.0,Everyone,Tools,"February 15, 2017",1.0.4,4.0 and up
4371,M Theme - Dark Green Icon Pack,PERSONALIZATION,4.2,202,4.9,10000,Free,0.0,Everyone,Personalization,"November 16, 2016",1.2.3,3.0 and up
4372,m-Faisaa,FINANCE,4.0,142,6.2,10000,Free,0.0,Everyone,Finance,"July 13, 2018",5.3,4.0.3 and up
4373,m:go BiH,COMMUNICATION,3.2,559,6.0,10000,Free,0.0,Everyone,Communication,"July 25, 2018",3.4,3.0 and up
4375,Libre Scan (Diabetes:M addon),MEDICAL,2.4,102,1.2,10000,Free,0.0,Everyone,Medical,"July 9, 2017",1.2,4.4 and up
4376,m.ride - your motorcycle app,AUTO_AND_VEHICLES,4.5,189,16.0,10000,Free,0.0,Everyone,Auto & Vehicles,"July 3, 2018",1.1.6,6.0 and up
4378,N Launcher: Nougat Theme,PERSONALIZATION,4.2,128,7.7,10000,Free,0.0,Everyone,Personalization,"June 13, 2017",1,4.1 and up
4379,Dino in City-Dinosaur N Police,FAMILY,3.7,10035,30.0,1000000,Free,0.0,Teen,Simulation,"May 23, 2018",2.07,4.1 and up
4382,Cops N Robbers 2,GAME,4.1,63680,46.0,1000000,Free,0.0,Everyone 10+,Adventure,"June 2, 2018",2.2.2,4.1 and up
4384,Hide N Seek : Mini Game,GAME,3.8,4719,54.0,500000,Free,0.0,Everyone,Action,"July 8, 2018",5.1.3,4.1 and up
4385,N Launcher - Nougat 7.0,PERSONALIZATION,4.4,32597,8.4,1000000,Free,0.0,Everyone,Personalization,"May 24, 2018",1.5.2,4.1 and up
4386,Cook'n Recipe App,LIFESTYLE,3.4,552,22.0,10000,Free,0.0,Everyone,Lifestyle,"August 2, 2018",3.0.4,4.4 and up
4388,Tap N Pay,PRODUCTIVITY,4.4,253,8.2,10000,Free,0.0,Everyone,Productivity,"July 31, 2018",0.1.22,4.1 and up
4389,N-Com Wizard,COMMUNICATION,3.3,960,3.8,50000,Free,0.0,Everyone,Communication,"September 21, 2017",2.1.2,2.3.3 and up
4390,Drag'n'Boom,GAME,4.8,133180,54.0,1000000,Free,0.0,Everyone 10+,Arcade,"January 12, 2018",1.1.1,4.4 and up
4392,Shop 'n Save,SHOPPING,3.4,620,40.0,100000,Free,0.0,Everyone,Shopping,"March 13, 2018",2.2.8,4.1 and up
4393,Dual N-Back - Brain game,FAMILY,4.3,817,28.0,100000,Free,0.0,Everyone,Educational,"May 25, 2018",2.4.2,4.1 and up
4394,N Files - File Manager & Explorer,PRODUCTIVITY,4.3,369,11.0,10000,Free,0.0,Everyone,Productivity,"July 18, 2018",2.9.5,4.1 and up
4401,Mopar Drag N Brag,GAME,4.2,30630,17.0,1000000,Free,0.0,Everyone,Racing,"May 25, 2015",1.2.5,4.1 and up
4402,Read Unlimitedly! Kids'n Books,FAMILY,3.8,7462,31.0,1000000,Free,0.0,Everyone,Education;Music & Video,"February 16, 2018",3.42,2.3 and up
4406,Eat'n Park,LIFESTYLE,3.5,292,20.0,50000,Free,0.0,Everyone,Lifestyle,"December 18, 2017",3.1.3,4.0 and up
4410,Rock N' Cash Casino Slots -Free Vegas Slot Games,GAME,4.7,6187,33.0,100000,Free,0.0,Teen,Casino,"July 27, 2018",1.15.0,4.0.3 and up
4412,Sketch 'n' go,VIDEO_PLAYERS,3.8,3965,6.4,100000,Free,0.0,Everyone,Video Players & Editors,"March 26, 2018",2.2.9,4.1 and up
4414,Rock n Roll Music Quiz Game,GAME,3.7,80,7.6,10000,Free,0.0,Everyone,Trivia,"June 6, 2018",5,4.1 and up
4418,N-Back,FAMILY,4.1,413,0.9,10000,Free,0.0,Everyone,Puzzle,"February 15, 2016",1.6,2.1 and up
4420,Knights N Squires,FAMILY,4.4,148826,49.0,1000000,Free,0.0,Teen,Role Playing,"June 19, 2018",1.4.9,4.0.3 and up
4425,O Launcher 8.0 for Android™ O Oreo Launcher,TOOLS,4.4,11393,8.7,1000000,Free,0.0,Everyone,Tools,"July 27, 2018",3.9,4.4 and up
4428,WiFi-o-Matic,PRODUCTIVITY,4.0,736,6.8,50000,Free,0.0,Everyone,Productivity,"February 1, 2018",1.80.03,4.1 and up
4430,O Shopping,SHOPPING,3.9,671,3.6,100000,Free,0.0,Everyone,Shopping,"July 23, 2018",1.1.2,4.0.3 and up
4432,AC Remote for O General - NOW FREE,TOOLS,3.7,274,26.0,50000,Free,0.0,Everyone,Tools,"July 30, 2018",6.1.7,4.2 and up
4434,Drink-O-Tron The Drinking Game,GAME,4.1,140,45.0,50000,Free,0.0,Mature 17+,Card,"May 31, 2017",1.64,4.0.3 and up
4435,Multiling O Keyboard + emoji,PRODUCTIVITY,4.3,30443,0.5,1000000,Free,0.0,Everyone,Productivity,"July 3, 2018",0.54.2.4,2.1 and up
4436,Google I/O 2018,BOOKS_AND_REFERENCE,4.3,22401,4.6,500000,Free,0.0,Everyone,Books & Reference,"May 7, 2018",6.1.2,5.0 and up
4438,OO Launcher for Android O 8.0 Oreo™ Launcher,PERSONALIZATION,4.4,14832,8.6,1000000,Free,0.0,Everyone,Personalization,"August 3, 2018",4.6,4.0 and up
4439,Band O'Clock,LIFESTYLE,3.8,1140,0.7,100000,Free,0.0,Everyone,Lifestyle,"December 3, 2011",0.11,2.1 and up
4440,O Launcher,TOOLS,4.3,2059,10.0,100000,Free,0.0,Everyone,Tools,"May 22, 2018",1.1.4,5.0 and up
4442,Verdad o Reto,SOCIAL,3.8,826,5.1,500000,Free,0.0,Teen,Social,"May 10, 2018",2,4.1 and up
4444,O-Level Past Papers & Solution (up to 2017),FAMILY,3.8,589,28.0,100000,Free,0.0,Everyone,Education,"June 11, 2018",8.3.2,4.0.3 and up
4445,"O Multiple - App Cloner, Duals APP, tarallel",TOOLS,3.9,145,5.2,50000,Free,0.0,Everyone,Tools,"May 15, 2018",1.0.7,4.1 and up
4449,P Icon Pack for Pixel,PERSONALIZATION,4.4,38,51.0,1000,Free,0.0,Everyone,Personalization,"May 6, 2018",1.0.3,4.1 and up
4454,"Super P Launcher for Android P 9.0 launcher, theme",TOOLS,4.4,2026,7.5,100000,Free,0.0,Everyone,Tools,"August 3, 2018",1.9,4.0 and up
4455,pixiv,SOCIAL,4.2,86956,24.0,1000000,Free,0.0,Mature 17+,Social,"August 3, 2018",5.0.109,4.4 and up
4463,P Launcher for Android™ 9.0,PERSONALIZATION,3.9,35,6.3,5000,Free,0.0,Everyone,Personalization,"July 1, 2018",0.9.3,5.0 and up
4467,P Launcher Theme For Android™ 9.0,PERSONALIZATION,3.9,213,28.0,10000,Free,0.0,Everyone,Personalization,"May 18, 2018",1.4,4.0 and up
4469,P Theme for Android™ P 9.0 Style Launcher,PERSONALIZATION,4.5,216,5.7,50000,Free,0.0,Everyone,Personalization,"April 13, 2018",1.4,4.1 and up
4470,Android P 9.0,PERSONALIZATION,3.0,12,4.9,500,Free,0.0,Everyone,Personalization,"May 30, 2018",2,4.0.3 and up
4472,Android P Wallpapers,PERSONALIZATION,3.6,53,2.0,5000,Free,0.0,Everyone,Personalization,"February 12, 2018",1,4.0.3 and up
4473,P XPERIA Theme™ | Design For SONY 🎨,PERSONALIZATION,4.4,147,16.0,10000,Free,0.0,Everyone,Personalization,"May 28, 2018",1.0.0,4.4 and up
4475,Theme for New Android P,PERSONALIZATION,,13,4.3,1000,Free,0.0,Everyone,Personalization,"May 23, 2018",1.1.4,4.0 and up
4476,P9 Launcher - Android™ 9.0 P Launcher Style,TOOLS,4.3,1162,7.3,100000,Free,0.0,Everyone,Tools,"July 6, 2018",2.5,4.1 and up
4478,Android P Stock Wallpapers,PERSONALIZATION,4.5,16,3.7,1000,Free,0.0,Everyone,Personalization,"August 1, 2018",2.3.0,5.0 and up
4479,G-Pix [Android P] Dark EMUI 8/5 THEME,PERSONALIZATION,4.1,169,24.0,10000,Free,0.0,Everyone,Personalization,"March 25, 2018",7,4.4 and up
4480,G-Pix [Android P] EMUI 8/5 THEME,PERSONALIZATION,4.1,720,10.0,100000,Free,0.0,Everyone,Personalization,"March 13, 2018",12,4.4 and up
4481,Android-P Mono Grey EMUI 8/5 Theme,PERSONALIZATION,4.5,61,7.5,10000,Free,0.0,Everyone,Personalization,"April 4, 2018",4,4.4 and up
4482,P XPERIA Theme™ | PURPLE - Design For SONY 🎨,PERSONALIZATION,,3,13.0,500,Free,0.0,Everyone,Personalization,"June 5, 2018",1.0.0,4.4 and up
4483,Materialistic P Wallpapers,PERSONALIZATION,4.8,24,3.6,1000,Free,0.0,Everyone,Personalization,"August 3, 2018",2.244,5.0 and up
4484,Android P Rotation,TOOLS,4.5,502,2.0,10000,Free,0.0,Everyone,Tools,"July 15, 2018",1.5,5.0 and up
4485,P XPERIA Theme™ | INDIGO - Design For SONY 🎨,PERSONALIZATION,,12,14.0,1000,Free,0.0,Everyone,Personalization,"June 5, 2018",1.0.0,4.4 and up
4486,Android P Launcher 9.0 launcher,TOOLS,4.0,164,2.3,10000,Free,0.0,Everyone,Tools,"April 23, 2018",1,5.0 and up
4490,Pi Dark [substratum],PERSONALIZATION,4.5,189,2.1,10000,Free,0.0,Everyone,Personalization,"March 27, 2018",1.1,
4492,The Q - Live Trivia Game Network,GAME,2.7,1486,14.0,100000,Free,0.0,Everyone,Trivia,"August 3, 2018",2.4.8,5.0 and up
4493,Fossil Q,LIFESTYLE,2.9,6627,18.0,500000,Free,0.0,Everyone,Lifestyle,"August 1, 2018",2.5.1,4.4 and up
4496,Q Cat Live Wallpaper,PERSONALIZATION,4.2,4383,7.1,500000,Free,0.0,Teen,Personalization,"March 16, 2015",2.7,2.3.3 and up
4499,Offroad Car Q,FAMILY,4.1,24668,40.0,1000000,Free,0.0,Everyone,Simulation,"August 4, 2016",1.0.2,2.3.3 and up
4500,Q*bert: Rebooted,GAME,4.3,13788,55.0,1000000,Free,0.0,Everyone,Arcade,"April 1, 2017",1.1,4.4 and up
4502,Gun Shoot War Q,GAME,4.2,26893,20.0,1000000,Free,0.0,Teen,Arcade,"March 1, 2017",1.0.5,2.3 and up
4505,Q Link Wireless Zone,PRODUCTIVITY,4.0,2194,17.0,500000,Free,0.0,Everyone,Productivity,"March 8, 2018",2.0.4,4.4 and up
4506,Q Avatar (Avatar Maker),COMICS,4.4,2012,3.6,100000,Free,0.0,Everyone,Comics,"March 4, 2017",1.3.5,2.3 and up
4507,Q downloader : download your social media videos,FAMILY,4.1,41,4.5,1000,Free,0.0,Everyone,Entertainment,"June 21, 2018",1.1.2.1,4.0.3 and up
4509,Q-See Plus,VIDEO_PLAYERS,2.2,32,33.0,5000,Free,0.0,Everyone,Video Players & Editors,"July 9, 2018",3.1.0,4.0.3 and up
4510,Q Wunder,FAMILY,3.8,156,43.0,10000,Free,0.0,Everyone,Education;Education,"June 30, 2018",2.0.13,4.1 and up
4511,Q-See QC View,TOOLS,3.1,657,21.0,100000,Free,0.0,Everyone,Tools,"January 19, 2018",3.49.0202,4.0.3 and up
4512,Leica Q,PHOTOGRAPHY,3.1,133,2.3,10000,Free,0.0,Everyone,Photography,"May 8, 2018",1.0.2.1,4.0 and up
4513,Q Remote Control,TOOLS,3.8,4264,14.0,500000,Free,0.0,Everyone,Tools,"July 12, 2014",2.6.1,2.3 and up
4514,Q-Ticketing,MAPS_AND_NAVIGATION,3.8,114,19.0,10000,Free,0.0,Everyone,Maps & Navigation,"December 18, 2017",1.8.3111,4.3 and up
4516,myQ,TOOLS,3.6,3642,29.0,100000,Free,0.0,Everyone,Tools,"July 23, 2018",3.2.0,4.0.3 and up
4520,Q Call,TOOLS,,20,16.0,1000,Free,0.0,Everyone,Tools,"July 16, 2018",2.1,4.0 and up
4522,Q-Tech Companion App,FOOD_AND_DRINK,1.8,17,3.1,10000,Free,0.0,Everyone,Food & Drink,"March 8, 2017",1.6.3,4.4 and up
4523,Q Mobile Banking,FINANCE,4.7,460,12.0,10000,Free,0.0,Everyone,Finance,"June 26, 2018",5.9.1.0,5.0 and up
4524,Q Quiz SK,FAMILY,3.9,159,39.0,5000,Free,0.0,Everyone,Education,"December 8, 2015",2.3,2.3 and up
4525,Big Q Car Service,MAPS_AND_NAVIGATION,4.4,75,26.0,5000,Free,0.0,Everyone,Maps & Navigation,"May 15, 2017",3.002,4.0.3 and up
4526,Q-See QT View,TOOLS,3.6,7357,19.0,100000,Free,0.0,Everyone,Tools,"July 12, 2018",4.4.1,5.0 and up
4528,"DataCamp - Learn R, Python & SQL",FAMILY,4.4,944,12.0,100000,Free,0.0,Everyone,Education,"August 1, 2018",3.1.0,4.1 and up
4529,R Language Reference Guide,BOOKS_AND_REFERENCE,3.9,54,2.8,10000,Free,0.0,Everyone,Books & Reference,"December 24, 2017",1.11,4.0 and up
4530,Run R Script - Online Statistical Data Analysis,FAMILY,3.9,8,6.2,1000,Free,0.0,Everyone,Education,"April 4, 2018",1.1 Build 226,2.2 and up
4531,R Programming Language,FAMILY,3.8,39,2.9,1000,Free,0.0,Everyone,Education,"December 21, 2017",1,4.2 and up
4532,R Programming,FAMILY,,2,5.9,1000,Free,0.0,Everyone,Education,"November 21, 2017",1,4.0.3 and up
4537,Learn R Programming Full,BOOKS_AND_REFERENCE,,11,9.2,5000,Free,0.0,Everyone,Books & Reference,"January 30, 2018",1.5,5.0 and up
4538,R Programming Tutorial,FAMILY,,5,2.8,1000,Free,0.0,Everyone,Education,"May 14, 2017",1,4.0.3 and up
4539,R Programing Offline Tutorial,BOOKS_AND_REFERENCE,5.0,4,3.9,1000,Free,0.0,Everyone,Books & Reference,"March 15, 2018",1.0.0,4.1 and up
4540,Learn R Language Easy Way,FAMILY,4.1,17,2.2,10000,Free,0.0,Everyone,Education,"September 24, 2017",1.22,4.0.3 and up
4541,.R,TOOLS,4.5,259,0.2,10000,Free,0.0,Everyone,Tools,"September 16, 2014",1.1.06,1.5 and up
4543,Guide for R Programming,BOOKS_AND_REFERENCE,,0,3.7,5,Free,0.0,Everyone,Books & Reference,"May 25, 2018",1.0.0,4.1 and up
4544,R Programming Solution,FAMILY,3.9,169,7.7,10000,Free,0.0,Everyone,Education,"June 20, 2016",1.0.3,4.0 and up
4545,Learn R - Programming Concepts,FAMILY,3.5,6,2.9,1000,Free,0.0,Everyone,Education,"April 25, 2017",1.0.1,4.0.3 and up
4546,Learn R Programming,BOOKS_AND_REFERENCE,,0,29.0,10,Free,0.0,Everyone,Books & Reference,"April 28, 2018",1,4.1 and up
4547,Car Parking Nissan GT-R R35 Simulator,FAMILY,3.2,513,34.0,100000,Free,0.0,Everyone,Simulation,"December 5, 2017",1,4.0 and up
4548,R Quick Reference Big Data,BOOKS_AND_REFERENCE,,6,3.6,1000,Free,0.0,Everyone,Books & Reference,"May 29, 2017",1.2,2.3 and up
4549,Learn R Programming Free EBook,FAMILY,,1,5.7,50,Free,0.0,Everyone,Education,"March 23, 2018",1.0.0,4.0 and up
4551,R Programming Language (Paperset 2) MCQ Quiz,FAMILY,,0,3.4,10,Free,0.0,Everyone,Education,"March 19, 2018",1,4.0.3 and up
4552,R-net for Android,PRODUCTIVITY,3.3,48,0.1,5000,Free,0.0,Everyone,Productivity,"August 7, 2013",1,3.1 and up
4553,R File Manager,TOOLS,4.8,17,6.7,50,Free,0.0,Everyone,Tools,"May 5, 2018",v2,4.4 and up
4555,R Studio,SHOPPING,3.7,23,8.9,5000,Free,0.0,Everyone,Shopping,"July 8, 2016",2.1.1,4.0.3 and up
4557,"Join R, Community Engagement",SOCIAL,4.7,144,12.0,1000,Free,0.0,Teen,Social,"January 31, 2017",1.0.12,4.0.3 and up
4558,R Bank,FINANCE,4.3,90,13.0,5000,Free,0.0,Everyone,Finance,"May 30, 2018",5.9.1.0,5.0 and up
4562,Mat|r viewer,PRODUCTIVITY,,5,28.0,100,Free,0.0,Everyone,Productivity,"July 27, 2018",1.0.5,5.0 and up
4563,R. Lee Ermey's Official Sound,FAMILY,4.2,1696,2.7,100000,Free,0.0,Mature 17+,Entertainment,"September 19, 2012",1.4,2.1 and up
4564,Tutorials for R Programming Offline,FAMILY,,2,4.4,500,Free,0.0,Everyone,Education,"December 4, 2017",1,4.0 and up
4565,R Programming Language (Paperset 1) MCQ Quiz,FAMILY,,1,3.4,10,Free,0.0,Everyone,Education,"March 19, 2018",1,4.0.3 and up
4567,S Launcher for Galaxy TouchWiz,PERSONALIZATION,4.2,11244,2.2,1000000,Free,0.0,Everyone,Personalization,"June 12, 2018",1.1.1,4.1 and up
4569,S Player - Lightest and Most Powerful Video Player,TOOLS,4.6,14224,7.1,1000000,Free,0.0,Everyone,Tools,"October 12, 2017",1.0.98_ww,2.3 and up
4570,Offroad Pickup Truck S,FAMILY,4.2,5178,20.0,1000000,Free,0.0,Everyone,Simulation,"October 10, 2017",1.7,2.3 and up
4576,S’more - Earn Cash Rewards,PRODUCTIVITY,4.1,15097,14.0,1000000,Free,0.0,Everyone,Productivity,"July 23, 2018",1.6.0,4.2 and up
4579,"S S9 Launcher - Galaxy S8/S9 Launcher, theme, cool",TOOLS,4.4,22503,6.5,1000000,Free,0.0,Everyone,Tools,"July 6, 2018",4.1,4.1 and up
4582,S Pen Keeper,TOOLS,3.8,560,0.3,50000,Free,0.0,Everyone,Tools,"June 8, 2018",2.1.0.032,4.0.3 and up
4583,SH Script Runner,PRODUCTIVITY,3.9,334,3.7,50000,Free,0.0,Everyone,Productivity,"January 2, 2018",1.07,4.1 and up
4596,T Uploader,FAMILY,4.1,75,2.2,10000,Free,0.0,Everyone,Education,"November 24, 2017",0.1.5,4.0 and up
4597,T-Mobile DIGITS,COMMUNICATION,3.0,1820,33.0,100000,Free,0.0,Everyone,Communication,"February 15, 2018",1.1.50,4.4 and up
4599,DIRECTV Remote App,FAMILY,3.0,480,19.0,1000000,Free,0.0,Everyone,Entertainment,"August 31, 2017",2.4,6.0 and up
4604,T-Mobile Content Transfer,PRODUCTIVITY,4.1,370,29.0,500000,Free,0.0,Everyone,Productivity,"January 25, 2018",2.1.5,4.0 and up
4608,T-Mobile® FamilyMode™,PARENTING,3.1,103,28.0,10000,Free,0.0,Everyone,Parenting,"June 29, 2018",1.0.2-alpha4,4.4 and up
4615,The T Factor,EVENTS,4.8,48,13.0,1000,Free,0.0,Everyone,Events,"September 26, 2017",8.8,4.2 and up
4622,T-Mobile SyncUP DRIVE,AUTO_AND_VEHICLES,4.0,1981,18.0,100000,Free,0.0,Everyone,Auto & Vehicles,"August 1, 2018",2.15.1.4,5.0 and up
4623,T-shirt design - Snaptee,LIFESTYLE,4.2,29756,45.0,1000000,Free,0.0,Everyone,Lifestyle,"July 19, 2018",1.1.6.1,4.1 and up
4624,MBTA GPS - Track the T,MAPS_AND_NAVIGATION,3.8,82,5.6,5000,Free,0.0,Everyone,Maps & Navigation,"February 23, 2018",5.1.0,4.1 and up
4625,T. Rowe Price Personal® App,FINANCE,4.5,1057,4.5,50000,Free,0.0,Everyone,Finance,"July 6, 2018",1.7,6.0 and up
4626,Můj T-Mobile Business,PRODUCTIVITY,3.7,10490,5.8,1000000,Free,0.0,Everyone,Productivity,"July 24, 2018",3.1.7,4.1 and up
4627,U by BB&T,FINANCE,4.3,16600,24.0,1000000,Free,0.0,Everyone,Finance,"June 19, 2018",1.7.7,4.4 and up
4628,U LIVE – Video Chat & Stream,SOCIAL,4.5,67611,21.0,1000000,Free,0.0,Mature 17+,Social,"April 23, 2018",263.16.29,4.0.3 and up
4629,"U - Webinars, Meetings & Messenger",COMMUNICATION,4.1,6601,31.0,500000,Free,0.0,Everyone,Communication,"July 2, 2018",4.7.0,4.1 and up
4635,ENCHANT U,FAMILY,4.3,83977,11.0,500000,Free,0.0,Everyone,Casual,"November 8, 2012",1.2.2,2.1 and up
4636,/u/app,COMMUNICATION,4.7,573,53.0,10000,Free,0.0,Mature 17+,Communication,"July 3, 2018",4.2.4,4.1 and up
4638,U-Haul,TRAVEL_AND_LOCAL,3.2,852,37.0,100000,Free,0.0,Everyone,Travel & Local,"July 31, 2018",2.2.1,4.4 and up
4639,Vienna U-Bahn,MAPS_AND_NAVIGATION,3.9,139,2.0,10000,Free,0.0,Everyone,Maps & Navigation,"July 25, 2018",1.21.0,4.0 and up
4640,Kicker U Lite,LIFESTYLE,4.1,438,26.0,50000,Free,0.0,Everyone,Lifestyle,"September 27, 2013",2.0.0,2.1 and up
4641,U-Scan,TOOLS,3.4,784,42.0,50000,Free,0.0,Everyone,Tools,"September 29, 2016",1.2.6 (94),2.2 and up
4642,Octo U: Your driving companion,TRAVEL_AND_LOCAL,3.0,331,7.8,50000,Free,0.0,Everyone,Travel & Local,"March 13, 2018",1.1.47,4.3 and up
4643,I Love U Theme&Emoji Keyboard,PERSONALIZATION,4.6,655,3.5,100000,Free,0.0,Everyone,Personalization,"May 8, 2018",4.3,4.1 and up
4644,Channel U,FAMILY,4.6,34,14.0,1000,Free,0.0,Everyone,Entertainment,"May 21, 2018",1.3,4.1 and up
4645,"Parallel U - App Cloner, Duals APP, tarallel",TOOLS,4.1,3315,5.1,500000,Free,0.0,Everyone,Tools,"May 15, 2018",1.0.24,4.1 and up
4646,U Pull It Auto Dismantler,BUSINESS,3.1,71,1.9,10000,Free,0.0,Everyone,Business,"May 14, 2013",1,1.6 and up
4647,Wii U Simulator,FAMILY,3.4,1178,38.0,100000,Free,0.0,Everyone 10+,Simulation,"April 8, 2018",1.0.1,5.0 and up
4648,U Camera : Phone 6s OS 9 style,PHOTOGRAPHY,4.2,2158,3.0,500000,Free,0.0,Everyone,Photography,"August 28, 2017",1.0.3,4.0 and up
4649,U get - Wireless Speed Test,TOOLS,4.2,26,2.2,5000,Free,0.0,Everyone,Tools,"June 4, 2018",1.3.5,4.0 and up
4650,U Guard,TOOLS,3.0,245,3.5,10000,Free,0.0,Everyone,Tools,"August 31, 2016",1.1.6.6,2.3 and up
4651,DRC Sim - Wii U Gamepad,FAMILY,2.4,210,4.0,10000,Free,0.0,Everyone,Casual,"June 25, 2017",2,2.3 and up
4652,"See U - Random video chat, video chat",SOCIAL,4.1,568,27.0,100000,Free,0.0,Mature 17+,Social,"April 13, 2018",1.4.1,4.1 and up
4653,[verify-U] VideoIdent,COMMUNICATION,2.9,83,13.0,10000,Free,0.0,Everyone,Communication,"April 26, 2018",2.4.0,5.0 and up
4654,What U See,SOCIAL,4.0,712,21.0,100000,Free,0.0,Teen,Social,"March 5, 2018",2.3.9,4.1 and up
4655,U Assist - Screen Mirroring & Sharing App,PRODUCTIVITY,4.0,198,3.5,50000,Free,0.0,Everyone,Productivity,"January 26, 2017",2.0.16,2.3 and up
4657,Wi u Emulator,FAMILY,2.4,468,7.2,10000,Free,0.0,Everyone,Entertainment,"March 3, 2018",0.0.1,4.1 and up
4658,Waiting For U Launcher Theme,PERSONALIZATION,4.4,5599,4.8,500000,Free,0.0,Everyone,Personalization,"July 23, 2016",2.0.40,2.3 and up
4659,U of I Community Credit Union,FINANCE,3.7,52,13.0,5000,Free,0.0,Everyone,Finance,"May 4, 2018",4.16.10,4.4 and up
4660,U-Report,SOCIAL,4.3,241,7.5,10000,Free,0.0,Teen,Social,"April 10, 2018",2.8.4,4.0.3 and up
4661,"Meet U - Get Friends for Snapchat, Kik & Instagram",SOCIAL,4.6,4435,5.4,100000,Free,0.0,Mature 17+,Social,"May 25, 2018",1.0.3386,4.0.3 and up
4662,U-Craft Mobile,FAMILY,4.2,11404,30.0,100000,Free,0.0,Everyone,Strategy,"September 11, 2017",1.0.14,4.0.3 and up
4664,U-Disco,FAMILY,3.6,906,0.2,100000,Free,0.0,Everyone,Entertainment,"February 5, 2014",1.7.3,2.3 and up
4666,Be U Salons Hair-Beauty Deals In Delhi & Bangalore,LIFESTYLE,4.0,889,16.0,100000,Free,0.0,Everyone,Lifestyle,"August 2, 2018",1.1.4.38,4.2 and up
4667,U-48 Submarine Commander Free,GAME,3.5,4575,3.8,500000,Free,0.0,Everyone,Arcade,"October 7, 2017",1.24,4.0.3 and up
4668,Berlin Subway – BVG U-Bahn & S-Bahn map and routes,MAPS_AND_NAVIGATION,4.4,509,17.0,100000,Free,0.0,Everyone,Maps & Navigation,"June 6, 2018",1.0.7,5.0 and up
4669,Remote For ATT U-verse TV - NOW FREE,TOOLS,2.5,20,26.0,5000,Free,0.0,Everyone,Tools,"July 25, 2018",6.1.5,4.2 and up
4670,Pocket U ASW,FAMILY,3.9,93,28.0,10000,Free,0.0,Everyone,Education,"July 25, 2018",3.0.6,4.2 and up
4672,Identity V,GAME,4.2,109263,38.0,1000000,Free,0.0,Teen,Action,"July 10, 2018",1.0.144431,4.1 and up
4674,V Made,BOOKS_AND_REFERENCE,4.3,241,20.0,100000,Free,0.0,Everyone,Books & Reference,"February 13, 2018",1,4.0.3 and up
4684,VidPlay,VIDEO_PLAYERS,4.2,3546,3.7,1000000,Free,0.0,Everyone,Video Players & Editors,"May 27, 2018",2.0.19,4.1 and up
4687,V-CUBE Seminar Mobile,BUSINESS,4.3,542,30.0,100000,Free,0.0,Everyone,Business,"April 17, 2018",1.23.0,4.0 and up
4689,Mod GTA V for MCPE,FAMILY,3.3,4288,10.0,500000,Free,0.0,Everyone,Entertainment,"April 23, 2018",1.2.3.4.5,4.0.3 and up
4691,San Andreas: Gang Crime V,GAME,4.1,2399,42.0,100000,Free,0.0,Mature 17+,Action,"January 28, 2018",1.0.1,2.3 and up
4693,V.360° Camera,PHOTOGRAPHY,3.3,582,28.0,100000,Free,0.0,Everyone,Photography,"September 11, 2015",1.1.6,4.4 and up
4695,BTS V LINE Launcher theme,PERSONALIZATION,4.8,3283,3.6,100000,Free,0.0,Everyone,Personalization,"October 17, 2014",4.1,4.0.3 and up
4698,VMate Lite - Funny Short Videos Social Network,SOCIAL,4.3,903,4.6,1000000,Free,0.0,Teen,Social,"August 3, 2018",1.76,4.0.3 and up
4699,Mirk V Launcher Theme,PERSONALIZATION,4.5,292,7.9,10000,Free,0.0,Everyone,Personalization,"March 15, 2017",v1.0.50,2.3 and up
4701,The grand theft V Wallpaper,PERSONALIZATION,3.8,87,4.3,10000,Free,0.0,Everyone 10+,Personalization,"June 5, 2018",1.1,4.0.3 and up
4702,V Bucks ProTips New,SOCIAL,4.7,594,3.6,1000,Free,0.0,Everyone,Social,"July 19, 2018",1,2.1 and up
4703,Cheats for GTA V,FAMILY,4.2,450,5.9,100000,Free,0.0,Everyone,Entertainment,"July 29, 2018",6,4.0 and up
4704,V for Vampire - Free,FAMILY,4.3,2772,35.0,500000,Free,0.0,Teen,Puzzle,"September 20, 2014",1.0.1,2.1 and up
4705,Get Free V-bucks_fortnite Hints,FAMILY,4.7,1997,1.8,5000,Free,0.0,Everyone,Entertainment,"July 21, 2018",1,4.4 and up
4706,V BTS Wallpaper,PERSONALIZATION,4.7,127,9.5,5000,Free,0.0,Everyone,Personalization,"May 4, 2018",8,3.0 and up
4707,v-view,FAMILY,3.6,309,19.0,10000,Free,0.0,Everyone,Entertainment,"June 22, 2017",1.1.0.0402,4.2 and up
4709,Grand Stickman Cover V,GAME,4.0,1744,37.0,100000,Free,0.0,Mature 17+,Action,"May 19, 2018",1.0.1,4.1 and up
4710,Cheat Codes for GTA V,FAMILY,4.3,589,3.6,100000,Free,0.0,Mature 17+,Entertainment,"September 3, 2017",1.8.0,4.0 and up
4713,Easy V-Bux free,FAMILY,4.6,856,2.9,5000,Free,0.0,Everyone,Entertainment,"July 17, 2018",1,2.1 and up
4714,BTS V Kim Taehyung Wallpapers Kpop HD New,PERSONALIZATION,4.8,51,3.4,5000,Free,0.0,Everyone,Personalization,"June 10, 2018",1.1.1,4.0 and up
4719,W - Weather Forecast & Animated Radar Maps,WEATHER,4.2,29,3.5,5000,Free,0.0,Everyone,Weather,"April 23, 2018",1.1,4.1 and up
4723,Fantasy Squad W,FAMILY,4.3,2142,47.0,50000,Free,0.0,Everyone 10+,Role Playing,"April 16, 2018",1.5.4,4.1 and up
4726,W Box VMS,VIDEO_PLAYERS,1.9,105,9.1,10000,Free,0.0,Everyone,Video Players & Editors,"January 9, 2017",4.0.4,2.3.3 and up
4728,W Box VMS HD,VIDEO_PLAYERS,2.5,24,16.0,5000,Free,0.0,Everyone,Video Players & Editors,"January 4, 2017",4.0.3,3.0 and up
4729,Ace Screen Recorder w facecam,TOOLS,4.2,2447,2.5,100000,Free,0.0,Everyone,Tools,"December 26, 2017",1.19,5.0 and up
4731,Flashlight Free w/ compass,TOOLS,4.0,75,1.9,10000,Free,0.0,Everyone,Tools,"March 15, 2017",2.5,2.2 and up
4733,IRS W-9 form,BUSINESS,4.8,492,27.0,10000,Free,0.0,Everyone,Business,"July 26, 2018",1.7.11,5.0 and up
4734,Open in WhatsApp (click to chat),TOOLS,4.2,12121,0.1,1000000,Free,0.0,Everyone,Tools,"August 1, 2018",1.12,2.3.3 and up
4735,B & W Filter for Photo Editor Pro,PERSONALIZATION,4.7,65,7.6,5000,Free,0.0,Everyone,Personalization,"May 2, 2018",1.0.1,4.1 and up
4737,Zaatar w Zeit,FOOD_AND_DRINK,4.4,205,33.0,50000,Free,0.0,Everyone,Food & Drink,"July 1, 2018",2.2.2,4.4 and up
4741,Profile w/o crop for Telegram,PHOTOGRAPHY,4.2,348,1.5,10000,Free,0.0,Everyone,Photography,"April 11, 2014",3.1.50,2.3.3 and up
4749,X Launcher: With OS11 Style Theme & Control Center,ART_AND_DESIGN,4.7,5754,4.4,100000,Free,0.0,Everyone,Art & Design,"July 30, 2018",2.1.2,4.1 and up
4751,Lock Screen Phone X Style OS 11,TOOLS,4.4,1166,13.0,100000,Free,0.0,Everyone,Tools,"March 26, 2018",8.8,4.3 and up
4753,Control Center iOS 11 - Phone X Control Panel,TOOLS,4.1,1925,8.3,100000,Free,0.0,Everyone,Tools,"November 15, 2017",3.1,4.4 and up
4754,X Browser,COMMUNICATION,4.0,142,2.5,50000,Free,0.0,Everyone,Communication,"December 31, 2017",1.1.1,4.0 and up
4757,Flashlight X,TOOLS,4.6,20418,4.3,1000000,Free,0.0,Everyone,Tools,"April 8, 2018",4.54,4.0 and up
4758,iSwipe Phone X,TOOLS,4.7,58366,6.3,1000000,Free,0.0,Everyone,Tools,"December 7, 2017",1,4.1 and up
4760,X Home Bar - Free,TOOLS,4.6,4210,1.9,100000,Free,0.0,Everyone,Tools,"June 18, 2018",1.5.0,4.1 and up
4761,[ROOT] X Privacy Installer,TOOLS,4.2,12147,0.1,1000000,Free,0.0,Everyone,Tools,"January 25, 2015",1.18,4.0.3 and up
4765,The X-Files: Deep State - Hidden Object Adventure,FAMILY,4.5,22018,53.0,500000,Free,0.0,Teen,Casual,"July 18, 2018",2.6.1,5.0 and up
4766,Theme for Iphone X Plus,PERSONALIZATION,4.0,126,8.0,10000,Free,0.0,Everyone,Personalization,"October 19, 2017",1,2.3.3 and up
4768,X-WOLF,GAME,4.2,4878,27.0,100000,Free,0.0,Everyone 10+,Adventure,"February 2, 2018",1.2.0,4.1 and up
4770,X-Plane 10 Flight Simulator,FAMILY,4.2,63197,11.0,1000000,Free,0.0,Everyone,Simulation,"June 27, 2018",Varies with device,Varies with device
4771,Anime X Wallpaper,PERSONALIZATION,4.7,32613,3.2,1000000,Free,0.0,Everyone,Personalization,"May 31, 2018",3.11,4.1 and up
4772,NEW Theme for Phone X,PERSONALIZATION,4.7,8642,3.7,500000,Free,0.0,Everyone,Personalization,"May 22, 2018",1.1.6,4.0 and up
4774,Control Center iOS 11 - Phone X notifications,TOOLS,4.3,514,8.4,50000,Free,0.0,Everyone,Tools,"February 12, 2018",1.8,4.4 and up
4775,iLocker X - iOS11 Lockscreen with HD Wallpapers,PERSONALIZATION,4.3,1714,31.0,100000,Free,0.0,Everyone,Personalization,"June 19, 2018",1.4.7,4.1 and up
4777,Hero Fighter X,GAME,4.5,24210,45.0,500000,Free,0.0,Teen,Action,"November 13, 2015",1.091,2.2 and up
4778,Slendrina X,GAME,4.4,12736,56.0,1000000,Free,0.0,Teen,Arcade,"December 18, 2017",1.02,4.0 and up
4780,Guide (for X-MEN),BOOKS_AND_REFERENCE,4.6,586,17.0,100000,Free,0.0,Everyone,Books & Reference,"May 8, 2017",1.1.1,3.0 and up
4784,Space X: Sky Wars of Air Force,GAME,4.5,10748,47.0,1000000,Free,0.0,Everyone,Arcade,"August 4, 2018",4,4.1 and up
4785,OS-X EMUI 4/5/8 THEME,PERSONALIZATION,3.9,916,36.0,100000,Free,0.0,Everyone,Personalization,"February 5, 2018",5,4.4 and up
4786,Flexiroam X,TRAVEL_AND_LOCAL,4.0,875,21.0,100000,Free,0.0,Everyone,Travel & Local,"August 3, 2018",3.5.3,4.1 and up
4787,X-ray scanner simulator,FAMILY,2.7,1616,3.0,500000,Free,0.0,Everyone,Casual,"January 8, 2017",7,2.1 and up
4790,PLAYBULB X,LIFESTYLE,2.9,2160,15.0,100000,Free,0.0,Everyone,Lifestyle,"June 25, 2018",1.6.5,4.3 and up
4791,X-Wing Squadron Builder,FAMILY,4.6,5898,50.0,100000,Free,0.0,Everyone,Entertainment,"August 1, 2017",3.3.8.03082017,1.6 and up
4792,YouTube TV - Watch & Record Live TV,FAMILY,4.4,38517,17.0,1000000,Free,0.0,Teen,Entertainment,"August 2, 2018",2.29.2,5.0 and up
4794,JW Caleb y Sofia,FAMILY,4.6,5227,1.9,500000,Free,0.0,Everyone,Education,"November 20, 2015",1,4.0.3 and up
4803,Flashlight Ultimate,TOOLS,4.6,16936,5.0,1000000,Free,0.0,Everyone,Tools,"January 25, 2018",2.94,4.0 and up
4828,Moto Z Market,TOOLS,2.2,605,3.8,1000000,Free,0.0,Everyone,Tools,"December 18, 2017",02.02.0045,5.0 and up
4829,Cube Z (Pixel Zombies),GAME,4.2,41444,56.0,1000000,Free,0.0,Teen,Action,"July 31, 2016",1.0.11,4.0.3 and up
4831,Z App,LIFESTYLE,2.8,405,25.0,50000,Free,0.0,Everyone,Lifestyle,"June 22, 2018",4.2.45,4.4 and up
4836,Rage Z: Multiplayer Zombie FPS Online Shooter,GAME,4.1,11258,44.0,500000,Free,0.0,Mature 17+,Action,"December 8, 2016",1.25,4.2 and up
4840,Z-Empire: Dead Strike,FAMILY,4.6,99,19.0,10000,Free,0.0,Teen,Strategy,"June 8, 2018",1.8.7,4.0.3 and up
4843,Z Camera,PHOTOGRAPHY,3.8,142,7.7,10000,Free,0.0,Everyone,Photography,"April 8, 2016",1.8,4.0 and up
4846,GO SMS Pro Z Glass Theme EX,PERSONALIZATION,3.8,24198,2.2,1000000,Free,0.0,Everyone,Personalization,"July 10, 2014",1,1.6 and up
4847,Route Z,GAME,3.9,24697,16.0,500000,Free,0.0,Teen,Action,"July 10, 2015",1.5,4.0 and up
4849,Dragon X Adventure: Warrior Z,GAME,4.3,8537,29.0,100000,Free,0.0,Everyone 10+,Action,"November 3, 2015",1.1.4,2.3 and up
4850,Ultimate Fighter Z,GAME,4.3,180,24.0,5000,Free,0.0,Everyone,Action,"July 16, 2018",2,4.4 and up
4851,Theme eXp - Black Z Light,PERSONALIZATION,4.3,29540,4.3,1000000,Free,0.0,Everyone,Personalization,"June 15, 2016",2,5.0 and up
4852,Toy Battle Z,FAMILY,4.1,133,48.0,10000,Free,0.0,Everyone,Casual,"July 23, 2018",1.0.4,4.0 and up
4855,30 Day Ab Challenge,HEALTH_AND_FITNESS,4.5,1886,7.6,500000,Free,0.0,Everyone,Health & Fitness,"June 21, 2016",3.2.1,4.0 and up
4857,ab,FAMILY,3.8,10,22.0,1000,Free,0.0,Everyone,Casual,"October 27, 2016",1,4.0 and up
4858,Ultimate Ab & Core Workouts,HEALTH_AND_FITNESS,4.7,55571,12.0,1000000,Free,0.0,Everyone,Health & Fitness,"February 21, 2018",1.23,4.0 and up
4865,AB Repeat Player,VIDEO_PLAYERS,4.3,1628,18.0,100000,Free,0.0,Everyone,Video Players & Editors,"March 6, 2018",4.1.1,4.4 and up
4866,"Abs, Core & Back Workout Challenge",HEALTH_AND_FITNESS,4.8,3908,33.0,100000,Free,0.0,Everyone,Health & Fitness,"July 9, 2018",1.5.8,4.1 and up
4867,AB Mobile App,HEALTH_AND_FITNESS,3.4,2105,8.2,100000,Free,0.0,Everyone,Health & Fitness,"August 21, 2017",2.1.0,4.0.3 and up
4871,A-B repeater,VIDEO_PLAYERS,4.4,32,0.2,5000,Free,0.0,Everyone,Video Players & Editors,"May 18, 2018",1.8,3.0 and up
4876,AB Blast Match 3,FAMILY,4.3,111,48.0,10000,Free,0.0,Everyone,Puzzle,"June 19, 2018",1.13,4.1 and up
4877,AB Click2Shop,SHOPPING,3.8,454,18.0,100000,Free,0.0,Everyone,Shopping,"June 26, 2018",1.1.0.0,4.1 and up
4878,Math games for kids : times tables - AB Math,FAMILY,3.9,2371,8.3,500000,Free,0.0,Everyone,Educational;Education,"July 27, 2018",3.9.3,4.0.3 and up
4879,AB Crush Match 3,FAMILY,4.3,96,54.0,10000,Free,0.0,Everyone,Casual,"February 23, 2017",1.1,2.3 and up
4881,AB Match,FAMILY,4.2,9,30.0,1000,Free,0.0,Everyone,Casual,"May 19, 2018",1.0.4,4.1 and up
4883,7 minute abs workout - Daily Ab Workout,HEALTH_AND_FITNESS,4.8,527,23.0,100000,Free,0.0,Everyone,Health & Fitness,"March 30, 2018",2.01,4.1 and up
4884,AB Anywhere Mobile Banking,FINANCE,,3,11.0,500,Free,0.0,Everyone,Finance,"July 3, 2018",4.17.82,4.4 and up
4885,5 Minute Ab Workouts,HEALTH_AND_FITNESS,4.6,2067,8.4,50000,Free,0.0,Everyone,Health & Fitness,"May 18, 2018",2.0.4,4.1 and up
4887,AB Screen Recorder,TOOLS,4.2,533,5.0,10000,Free,0.0,Everyone,Tools,"October 2, 2017",2.8,5.0 and up
4888,Six Pack Abs Photo Editor,PHOTOGRAPHY,4.0,5967,17.0,1000000,Free,0.0,Everyone,Photography,"February 2, 2017",2,3.0 and up
4889,Best Blood Type AB: Food Diet & Personality,LIFESTYLE,,3,37.0,1000,Free,0.0,Everyone,Lifestyle,"July 11, 2018",1.2,4.0.3 and up
4891,30 Day AB Challenge - Lumowell,HEALTH_AND_FITNESS,4.8,793,40.0,10000,Free,0.0,Everyone,Health & Fitness,"September 15, 2016",1.0.3,4.0.3 and up
4892,Ab Workouts,HEALTH_AND_FITNESS,4.1,27501,7.0,1000000,Free,0.0,Everyone,Health & Fitness,"January 5, 2018",5.1.9,4.0 and up
4893,Ab Workouts - Ab Generator,HEALTH_AND_FITNESS,4.7,21,3.8,1000,Free,0.0,Everyone,Health & Fitness,"December 31, 2016",2.0.0,4.1 and up
4894,Chatime AB Rewards,FAMILY,,9,22.0,1000,Free,0.0,Everyone,Entertainment,"June 22, 2018",2.7.0621,4.2 and up
4895,Abs workout - 21 Day Fitness Challenge,HEALTH_AND_FITNESS,4.8,18604,15.0,1000000,Free,0.0,Everyone,Health & Fitness,"May 2, 2018",1.0.0.9,4.1 and up
4896,Ladies' Ab Workout FREE,HEALTH_AND_FITNESS,4.0,12906,8.5,1000000,Free,0.0,Everyone,Health & Fitness,"October 8, 2012",1.01,2.1 and up
4897,30-Day Ab Challenge Tracker,HEALTH_AND_FITNESS,3.5,224,0.4,10000,Free,0.0,Everyone,Health & Fitness,"July 9, 2014",1.2.6,4.1 and up
4898,Universal AC Remote Control,TOOLS,3.8,40934,5.2,1000000,Free,0.0,Everyone,Tools,"July 28, 2018",acremotecontrol18,4.0.3 and up
4900,Smart Air Conditioner,TOOLS,3.3,4786,13.0,500000,Free,0.0,Everyone,Tools,"May 24, 2018",1.2.84,2.2 and up
4902,AC Remote Control,TOOLS,3.3,472,2.0,100000,Free,0.0,Everyone,Tools,"October 17, 2017",1.3,4.1 and up
4903,Air conditioner remote control,TOOLS,3.4,29854,5.0,1000000,Free,0.0,Everyone,Tools,"July 19, 2017",5,2.3 and up
4904,Smart-AC Universal Remote Free,FAMILY,1.8,3270,1.8,500000,Free,0.0,Everyone,Entertainment,"August 18, 2015",1,2.2 and up
4905,AC REMOTE UNIVERSAL-PRO,FAMILY,1.6,402,1.7,100000,Free,0.0,Everyone,Entertainment,"December 11, 2015",1,2.2 and up
4906,Kenmore Smart AC,LIFESTYLE,1.9,71,24.0,5000,Free,0.0,Everyone,Lifestyle,"May 8, 2017",1.0.11,4.4 and up
4907,AC WIFI,TOOLS,3.6,41,23.0,10000,Free,0.0,Everyone,Tools,"June 3, 2018",1.0.3,2.3 and up
4908,A/C Air Conditioner Remote,TOOLS,3.4,7816,5.1,1000000,Free,0.0,Everyone,Tools,"July 30, 2016",1.1.1,3.0 and up
4909,Smart Air Conditioner(CAC),TOOLS,3.2,409,7.9,50000,Free,0.0,Everyone,Tools,"May 25, 2018",1.0.18,2.2 and up
4910,Carrier Air Conditioner,TOOLS,2.5,362,7.8,100000,Free,0.0,Everyone,Tools,"January 15, 2018",v67_slk3.0_20180115_01,4.0 and up
4911,AC Troubleshooter,TOOLS,4.7,147,4.2,10000,Free,0.0,Everyone,Tools,"January 8, 2015",1.3,3.0 and up
4912,TOSHIBA Smart AC,TOOLS,2.6,60,18.0,10000,Free,0.0,Everyone,Tools,"August 4, 2018",2.1.20180804_01,4.0.3 and up
4913,Trane Interactive Smart AC,TOOLS,2.8,48,3.3,10000,Free,0.0,Everyone,Tools,"April 21, 2016",0.0.2,4.3 and up
4914,AC remote control mobile,TOOLS,3.9,3043,7.7,100000,Free,0.0,Everyone,Tools,"June 2, 2017",1.3 acremotecontrol,4.0.3 and up
4915,"AC Air condition Troubleshoot,Repair,Maintenance",BOOKS_AND_REFERENCE,4.2,27,3.1,5000,Free,0.0,Everyone,Books & Reference,"February 7, 2018",1.1,4.0 and up
4916,AC Remote for Haier - NOW FREE,TOOLS,3.9,336,27.0,50000,Free,0.0,Everyone,Tools,"July 30, 2018",6.1.7,4.2 and up
4917,Air Conditioner Maintenance,PRODUCTIVITY,4.0,11,0.2,5000,Free,0.0,Everyone,Productivity,"November 27, 2015",airConditionerMaintenance_13112015,2.3.3 and up
4918,AC Remote for Daikin - NOW FREE,TOOLS,3.5,383,26.0,50000,Free,0.0,Everyone,Tools,"July 30, 2018",6.1.7,4.2 and up
4919,A/C Universal Remote Control,TOOLS,3.1,3263,3.0,1000000,Free,0.0,Everyone,Tools,"May 16, 2017",1.17,3.0 and up
4920,AC Remote for LG - NOW FREE,TOOLS,3.7,1041,28.0,100000,Free,0.0,Everyone,Tools,"July 30, 2018",6.1.7,4.2 and up
4921,Plug-in app (System AC),TOOLS,3.6,126,11.0,10000,Free,0.0,Everyone,Tools,"June 8, 2017",v1.1072.35.0,4.0 and up
4922,LG AC Smart Diagnosis,LIFESTYLE,3.4,377,6.1,100000,Free,0.0,Everyone,Lifestyle,"March 21, 2017",1.1.4,4.0 and up
4923,AC Remote for Midea - NOW FREE,TOOLS,4.0,448,26.0,100000,Free,0.0,Everyone,Tools,"July 30, 2018",6.1.7,4.2 and up
4924,Ac remote control,TOOLS,3.7,822,5.0,50000,Free,0.0,Everyone,Tools,"February 27, 2017",1.1,2.3 and up
4925,A/C REFRIGERANT CAPACITY,BUSINESS,1.7,84,2.1,10000,Free,0.0,Everyone,Business,"October 28, 2014",1,4.1 and up
4926,Remote Control For All AC - Universal Remote,PRODUCTIVITY,2.4,166,6.1,10000,Free,0.0,Everyone,Productivity,"July 28, 2018",1.1,4.0.3 and up
4927,All Type Ac Repair & Services,LIFESTYLE,4.3,45,2.2,10000,Free,0.0,Everyone,Lifestyle,"December 26, 2017",0.8,4.1 and up
4929,AC Remote Control Simulator,FAMILY,3.3,353,2.3,100000,Free,0.0,Everyone,Entertainment,"December 4, 2017",1,4.0.3 and up
4931,AcDisplay,PERSONALIZATION,4.1,66473,3.0,1000000,Free,0.0,Everyone,Personalization,"July 30, 2015",3.8.4,4.1 and up
4932,AC Mobile Control,HOUSE_AND_HOME,3.4,1450,9.7,100000,Free,0.0,Everyone,House & Home,"November 5, 2013",2.4,2.2 and up
4933,AC Remote For LG,TOOLS,3.0,1298,3.4,100000,Free,0.0,Everyone,Tools,"February 20, 2018",1,4.0 and up
4934,Universal AC Remote Control Simulator,FAMILY,3.0,119,3.9,50000,Free,0.0,Everyone,Entertainment,"December 22, 2017",1,4.0 and up
4935,Hi-Smart AC,TOOLS,2.2,32,9.4,1000,Free,0.0,Everyone,Tools,"April 3, 2018",1.1.0,4.4 and up
4936,AC Remote for Sharp - NOW FREE,TOOLS,3.7,332,26.0,50000,Free,0.0,Everyone,Tools,"July 30, 2018",6.1.7,4.2 and up
4937,AC Remote for Samsung - NOW FREE,TOOLS,3.7,566,27.0,100000,Free,0.0,Everyone,Tools,"July 30, 2018",6.1.7,4.2 and up
4939,AC Remote for Carrier - NOW FREE,TOOLS,3.7,163,26.0,10000,Free,0.0,Everyone,Tools,"July 30, 2018",6.1.7,4.2 and up
4940,"AC & TV, DVD, Set Top Box - Remote control IR",TOOLS,3.6,3632,3.2,1000000,Free,0.0,Everyone,Tools,"November 13, 2017",11;11.26,4.0.3 and up
4941,ac remote control,TOOLS,3.7,9514,7.0,500000,Free,0.0,Everyone,Tools,"July 11, 2018",acremotecontrol-v7,4.0.3 and up
4943,Ad Detect Plugin - Handy Tool,PRODUCTIVITY,3.8,5107,1.4,500000,Free,0.0,Everyone,Productivity,"December 28, 2015",1.6.3,2.3 and up
4944,AppBrain Ad Detector,TOOLS,3.7,9221,1.7,1000000,Free,0.0,Everyone,Tools,"April 12, 2018",2.2.1,4.1 and up
4947,AdClear Ad blocker for Samsung,TOOLS,4.2,1586,1.5,500000,Free,0.0,Everyone,Tools,"September 7, 2017",1.0.5,5.0 and up
4950,Adguard Content Blocker,TOOLS,4.1,14491,4.3,1000000,Free,0.0,Everyone,Tools,"February 26, 2018",2.1.2,Varies with device
4953,Ad Detector,TOOLS,3.8,208,0.7,50000,Free,0.0,Everyone,Tools,"July 28, 2014",1,2.3 and up
4954,Adblock Plus for Samsung Internet - Browse safe.,COMMUNICATION,4.0,8769,2.1,1000000,Free,0.0,Everyone,Communication,"April 5, 2018",1.1.4,5.0 and up
4956,Safe Notes - Secure Ad-free notepad,PRODUCTIVITY,4.6,3362,0.8,50000,Free,0.0,Everyone,Productivity,"November 21, 2017",1.7,4.0 and up
4957,Adblock Fast,PRODUCTIVITY,4.1,9914,3.2,1000000,Free,0.0,Everyone,Productivity,"May 17, 2017",1.4.0,5.0 and up
4959,2000 AD Comics and Judge Dredd,COMICS,3.7,705,20.0,50000,Free,0.0,Teen,Comics,"July 19, 2018",1.3.0,4.0.3 and up
4960,Anti Adware,TOOLS,3.9,18751,3.6,1000000,Free,0.0,Everyone,Tools,"June 19, 2018",3.6,4.1 and up
4961,Ad Blocker Turbo - Adblocker Browser,COMMUNICATION,3.9,107,44.0,10000,Free,0.0,Everyone,Communication,"January 29, 2018",1.0.5,4.1 and up
4965,Google AdSense,PRODUCTIVITY,4.3,52677,2.9,1000000,Free,0.0,Everyone,Productivity,"December 13, 2017",3.3,4.0 and up
4966,Ad-free Triangle Solver,FAMILY,4.5,118,24.0,10000,Free,0.0,Everyone,Education,"August 20, 2015",6.3.1,4.2 and up
4967,Ez Screen Recorder (no ad),VIDEO_PLAYERS,4.7,8696,14.0,100000,Free,0.0,Everyone,Video Players & Editors,"June 3, 2018",2.1.4,5.0 and up
4968,Best Applock - Locker & No Ads,PRODUCTIVITY,4.7,10672,6.9,100000,Free,0.0,Everyone,Productivity,"June 23, 2018",2.1.1,4.1 and up
4969,Local Services ads by Google,BUSINESS,4.1,7,12.0,1000,Free,0.0,Everyone,Business,"July 17, 2018",3.3.270,4.0 and up
4970,Ad Block REMOVER - NEED ROOT,TOOLS,3.3,999,0.1,100000,Free,0.0,Everyone,Tools,"December 17, 2013",3.2,2.2 and up
4972,Photo Compress 2.0 - Ad Free,TOOLS,4.1,6267,1.7,1000000,Free,0.0,Everyone,Tools,"May 7, 2016",2.1,3.2 and up
4975,Solitaire: Decked Out Ad Free,GAME,4.9,37302,35.0,500000,Free,0.0,Everyone,Card,"May 8, 2017",1.3.3,4.1 and up
4976,"WeatherClear - Ad-free Weather, Minute forecast",WEATHER,4.5,3252,3.8,50000,Free,0.0,Everyone,Weather,"June 25, 2017",1.2.6,4.1 and up
4978,"Digital Clock : Simple, Tiny, Ad-free Desk Clock.",LIFESTYLE,4.4,317,0.1,50000,Free,0.0,Everyone,Lifestyle,"December 21, 2016",3,2.3 and up
4981,Emo Ads Blocker Browser,TOOLS,3.4,1555,4.1,100000,Free,0.0,Everyone,Tools,"September 17, 2015",1.4,3.0 and up
4982,Bing Ads,BUSINESS,4.1,1828,13.0,100000,Free,0.0,Everyone,Business,"July 20, 2018",2.13.2,4.1 and up
4984,Apps Ads Detector,TOOLS,3.5,315,8.3,100000,Free,0.0,Everyone,Tools,"February 19, 2018",25,4.0.3 and up
4985,TIMBER AD FILTER - Very useful ad block app,PRODUCTIVITY,3.8,1343,9.0,100000,Free,0.0,Everyone,Productivity,"March 12, 2018",1.0.26,5.0 and up
4986,Alchemy Classic Ad Free,FAMILY,4.6,20178,9.0,100000,Free,0.0,Everyone,Puzzle,"May 26, 2014",1.7.3,1.6 and up
4990,"AE + Aerie: Jeans, Dresses, Swimsuits & Bralettes",SHOPPING,4.2,20476,28.0,1000000,Free,0.0,Everyone,Shopping,"July 17, 2018",5.6.0,4.4 and up
4993,Shortcuts for After Effects,FAMILY,3.7,464,1.9,50000,Free,0.0,Everyone,Education,"August 9, 2014",1,2.3 and up
4994,AE Sudoku,FAMILY,4.3,2171,12.0,100000,Free,0.0,Everyone,Puzzle,"July 29, 2015",1.1.0,2.2 and up
4995,ESS Mobile for AE,PRODUCTIVITY,1.9,63,1.8,5000,Free,0.0,Everyone,Productivity,"September 27, 2016",2.0.1027,3.0 and up
4996,AE Jewels 2: Island Adventures,GAME,4.2,652,30.0,10000,Free,0.0,Everyone,Action,"February 24, 2016",1,2.3 and up
5000,AE Jewels,GAME,4.2,960,18.0,50000,Free,0.0,Everyone,Action,"August 20, 2015",1.0.5,3.0 and up
5002,AE Coin Mania : Arcade Fun,GAME,4.3,30002,29.0,1000000,Free,0.0,Teen,Casino,"February 8, 2018",2.3.5,4.0.3 and up
5003,AE Roundy POP,FAMILY,4.4,5262,26.0,100000,Free,0.0,Everyone,Casual,"March 23, 2016",1.1.2,2.3 and up
5004,Mupen64+AE FREE (N64 Emulator),GAME,4.0,41759,12.0,1000000,Free,0.0,Everyone,Arcade,"January 19, 2014",2.4.4,2.0 and up
5006,AE Lucky Fishing,GAME,4.3,18277,17.0,1000000,Free,0.0,Teen,Arcade,"March 14, 2016",2.0.2,2.3 and up
5007,AE Video Poker,GAME,4.0,721,18.0,50000,Free,0.0,Teen,Casino,"December 31, 2015",1.3.2,2.3 and up
5008,AE Solitaire,GAME,4.3,1776,26.0,50000,Free,0.0,Everyone,Card,"January 4, 2018",2.3.4,4.0.3 and up
5010,AE Blackjack,GAME,4.0,1417,17.0,100000,Free,0.0,Teen,Card,"November 27, 2015",1.3.1,2.3 and up
5011,AE Gun Ball: arcade ball games,GAME,3.7,8581,12.0,1000000,Free,0.0,Everyone,Arcade,"December 13, 2013",1.0.2,2.2 and up
5012,AE Order,TOOLS,4.1,19,0.3,1000,Free,0.0,Everyone,Tools,"November 12, 2013",2.0.131112,2.3 and up
5013,TV.AE,FAMILY,3.9,109,7.5,10000,Free,0.0,Everyone,Entertainment,"September 21, 2017",1.0.4,4.4 and up
5016,AE Bulletins,BOOKS_AND_REFERENCE,4.5,14,30.0,1000,Free,0.0,Everyone,Books & Reference,"July 18, 2018",2.2.5,4.0.3 and up
5017,AE GTO Racing,GAME,3.9,6988,35.0,100000,Free,0.0,Everyone 10+,Racing,"September 24, 2015",Varies with device,Varies with device
5018,AE 3D Moto 3,GAME,3.9,2588,26.0,100000,Free,0.0,Everyone 10+,Racing,"December 31, 2014",1.7.1,2.3 and up
5019,AE FreeCell,GAME,4.2,358,15.0,10000,Free,0.0,Everyone,Card,"November 6, 2014",1.1.5,2.3 and up
5020,AE City Jump,GAME,4.5,804,27.0,10000,Free,0.0,Everyone,Action,"July 18, 2018",1.0.4,4.0 and up
5021,AE Angry Chef,GAME,4.1,533,39.0,10000,Free,0.0,Everyone 10+,Action,"January 24, 2014",1,2.1 and up
5022,Ae Allah na Dai (Rasa),BOOKS_AND_REFERENCE,4.7,263,9.1,10000,Free,0.0,Everyone,Books & Reference,"January 1, 2015",2,2.1 and up
5023,Dashboard AE,AUTO_AND_VEHICLES,,0,13.0,10,Free,0.0,Everyone,Auto & Vehicles,"May 16, 2018",1255162018,6.0 and up
5025,Event Manager - AllEvents.in,EVENTS,4.7,120,5.1,10000,Free,0.0,Everyone,Events,"July 25, 2018",2.5,4.0.3 and up
5026,Nasihat - Chalo ae Pyaara,FAMILY,4.7,557,6.7,10000,Free,0.0,Everyone,Education,"October 9, 2015",1,2.1 and up
5027,AE Master Moto,GAME,4.0,17876,37.0,1000000,Free,0.0,Everyone,Racing,"December 10, 2015",1.8.6,2.3 and up
5028,Brica BPRO5 AE,PHOTOGRAPHY,3.9,4726,3.9,500000,Free,0.0,Everyone,Photography,"June 17, 2015",v1.0,3.1 and up
5029,AE Manager,TOOLS,,0,4.0,100,Free,0.0,Everyone,Tools,"June 15, 2015",1.0.0,4.0.3 and up
5030,AE Air Hockey,SPORTS,3.8,926,7.6,50000,Free,0.0,Everyone,Sports,"August 1, 2013",1.0.0,2.2 and up
5032,AE Fishing Hunter,GAME,4.4,14,6.6,1000,Free,0.0,Everyone,Adventure,"March 15, 2016",0.0.3,3.0 and up
5034,Ivanti AE Agent,BUSINESS,,1,2.9,1000,Free,0.0,Everyone,Business,"May 10, 2018",11.0.0,4.0.3 and up
5035,AE Checkout Plugin,SHOPPING,3.8,208,0.1,10000,Free,0.0,Everyone,Shopping,"February 11, 2015",1.3.1,2.3 and up
5038,AF Link,NEWS_AND_MAGAZINES,4.7,210,18.0,10000,Free,0.0,Everyone,News & Magazines,"May 31, 2018",v4.29.0.9,4.4 and up
5039,AF Hydro,HEALTH_AND_FITNESS,2.0,136,15.0,10000,Free,0.0,Everyone,Health & Fitness,"May 12, 2018",1.0.5,4.4 and up
5041,AF Comics Reader - Free,COMICS,2.8,5,4.1,100,Free,0.0,Everyone,Comics,"November 10, 2017",1,4.1 and up
5043,Flim Af Somali Hindi Fanproj,FAMILY,3.9,12,3.5,1000,Free,0.0,Everyone,Entertainment,"June 22, 2018",1,4.0 and up
5045,DSLR camera - Auto Focus and Blur Professional,PHOTOGRAPHY,3.4,30,3.0,10000,Free,0.0,Everyone,Photography,"April 18, 2018",5.1.2,4.0.3 and up
5046,AF-STROKE (FREE),MEDICAL,4.5,93,0.9,10000,Free,0.0,Teen,Medical,"January 25, 2013",1.1,2.1 and up
5047,Hesab.af - Send money in Afghanistan,FINANCE,4.7,51,11.0,1000,Free,0.0,Everyone,Finance,"April 15, 2018",1.4.0,4.1 and up
5050,Toppen af Danmark,TRAVEL_AND_LOCAL,,8,6.1,5000,Free,0.0,Everyone,Travel & Local,"June 28, 2018",8.3.0,4.4 and up
5052,i-share AF/KLM (AFKL ishare),SOCIAL,,2,53.0,100,Free,0.0,Teen,Social,"July 21, 2018",1.16.5,4.1 and up
5053,Bazar.af,SHOPPING,4.7,13,1.3,500,Free,0.0,Everyone,Shopping,"July 7, 2017",cli-6.5.0,4.0 and up
5054,DSLR Blur Camera Auto Focus,TOOLS,3.3,75,4.7,10000,Free,0.0,Everyone,Tools,"June 7, 2018",1.3,4.0.3 and up
5055,Ariana News AF,NEWS_AND_MAGAZINES,4.1,20,3.1,5000,Free,0.0,Everyone,News & Magazines,"July 10, 2017",1.1,4.0 and up
5056,AF Legendary 2017,BUSINESS,,0,11.0,50,Free,0.0,Teen,Business,"September 30, 2017",v2.7.11.6,4.1 and up
5059,AzadBazar.af,SHOPPING,,3,3.7,100,Free,0.0,Everyone,Shopping,"March 9, 2018",1,4.0 and up
5060,easyFocus,PHOTOGRAPHY,3.7,3396,0.3,500000,Free,0.0,Everyone,Photography,"November 28, 2012",1.2.0,2.2 and up
5061,AF Nutrition - Integratori,HEALTH_AND_FITNESS,,6,19.0,100,Free,0.0,Everyone,Health & Fitness,"August 2, 2018",1.3,4.1 and up
5064,Tafsiir Quraan MP3 Af Soomaali Quraanka Kariimka,LIFESTYLE,5.0,7,3.4,1000,Free,0.0,Everyone,Lifestyle,"June 9, 2018",1.4,4.0 and up
5065,Camera Pro,PHOTOGRAPHY,4.1,7479,13.0,1000000,Free,0.0,Everyone,Photography,"April 16, 2018",5.4,4.0 and up
5066,Rоhi.af,NEWS_AND_MAGAZINES,4.8,46,46.0,1000,Free,0.0,Everyone,News & Magazines,"May 1, 2017",1.0.1,4.1 and up
5067,HD Camera - silent shutter,PHOTOGRAPHY,4.0,26530,3.9,1000000,Free,0.0,Everyone,Photography,"July 23, 2018",2.3.5,3.2 and up
5068,AF Our Time to Shine,BUSINESS,,0,11.0,100,Free,0.0,Everyone,Business,"July 17, 2017",v2.7.10.6,4.1 and up
5070,Auto Dslr Photo Effect : Auto Focus Effect,PHOTOGRAPHY,3.8,6,3.5,1000,Free,0.0,Everyone,Photography,"February 20, 2018",1.6,4.0.3 and up
5072,AF Johannesburg,FAMILY,,3,11.0,100,Free,0.0,Everyone,Education,"May 2, 2017",1.0.3,4.1 and up
5079,What's Up,LIFESTYLE,4.1,23453,10.0,1000000,Free,0.0,Everyone,Lifestyle,"October 26, 2017",2,4.0 and up
5080,Afterlight,PHOTOGRAPHY,4.3,50893,35.0,1000000,Free,0.0,Everyone,Photography,"November 20, 2014",1.0.6,4.0.3 and up
5081,Blurfoto : Auto blur photo background & DSLR focus,PHOTOGRAPHY,4.3,2215,12.0,500000,Free,0.0,Everyone,Photography,"July 27, 2018",1.12,4.3 and up
5082,Blur,PHOTOGRAPHY,4.0,9013,2.4,1000000,Free,0.0,Everyone,Photography,"June 18, 2018",4.0.2,4.4 and up
5084,Ag PhD Field Guide,BOOKS_AND_REFERENCE,4.1,114,6.3,10000,Free,0.0,Everyone,Books & Reference,"May 25, 2015",2,2.3 and up
5085,AG Drive 3D,GAME,3.8,164,22.0,10000,Free,0.0,Everyone,Adventure,"March 20, 2015",1.0.1,2.3.3 and up
5086,Apps for SportsBєtting.ag - Bitcoin Welcome here!,SPORTS,,0,10.0,1000,Free,0.0,Everyone,Sports,"December 11, 2017",1,4.0 and up
5087,"AG Contacts, Lite edition",COMMUNICATION,4.5,185,3.7,5000,Free,0.0,Everyone,Communication,"May 18, 2018",8.05.18.14250,4.0.3 and up
5088,Ag Weather Tools,WEATHER,,0,4.6,500,Free,0.0,Everyone,Weather,"January 9, 2018",1.0.1,5.0 and up
5089,Trimble Ag Mobile,PRODUCTIVITY,4.1,85,44.0,10000,Free,0.0,Everyone,Productivity,"August 2, 2018",2.7.8,4.1 and up
5090,Ag Tools,TOOLS,,2,18.0,1000,Free,0.0,Everyone,Tools,"September 27, 2017",1,4.0.3 and up
5091,Ag PhD Deficiencies,BOOKS_AND_REFERENCE,3.9,20,9.7,10000,Free,0.0,Everyone,Books & Reference,"June 21, 2016",1,4.0.3 and up
5092,AG Screen Recorder,TOOLS,3.7,7,2.7,1000,Free,0.0,Everyone,Tools,"April 3, 2018",3,5.0 and up
5093,SOLEM AG,TOOLS,,1,51.0,1000,Free,0.0,Everyone,Tools,"September 19, 2017",1.0.2,4.0 and up
5095,AG Subway Simulator Lite,FAMILY,4.4,6738,56.0,100000,Free,0.0,Everyone,Simulation,"June 8, 2018",1.2.6,4.1 and up
5097,EZ Ag Mobile,FINANCE,3.4,19,24.0,5000,Free,0.0,Everyone,Finance,"August 12, 2017",9.0.00,3.0 and up
5099,BRL AG,TOOLS,,0,52.0,100,Free,0.0,Everyone,Tools,"September 19, 2017",1.0.1,4.0 and up
5100,Oklahoma Ag Co-op Council,COMMUNICATION,,0,4.9,10,Free,0.0,Everyone,Communication,"July 23, 2018",2.2.3,4.0.3 and up
5101,AG Fast Service Automotive,AUTO_AND_VEHICLES,,5,1.7,100,Free,0.0,Everyone,Auto & Vehicles,"June 12, 2018",1.0.8,4.4 and up
5102,Ag PhD Soils,PRODUCTIVITY,2.3,3,16.0,1000,Free,0.0,Everyone,Productivity,"July 16, 2018",1.24.1,4.4 and up
5103,All States Ag Parts,SHOPPING,4.7,68,6.5,10000,Free,0.0,Everyone,Shopping,"January 25, 2018",5.26.0,5.0 and up
5104,VR AG Racing for Cardboard,GAME,3.4,13,27.0,1000,Free,0.0,Everyone,Racing,"September 29, 2016",1.1,4.1 and up
5105,Safe Ag Systems™,BUSINESS,4.7,3,36.0,100,Free,0.0,Everyone,Business,"July 22, 2018",2.0.3,4.0.3 and up
5106,Ag PhD Planting Population Calculator,BOOKS_AND_REFERENCE,,0,5.2,1000,Free,0.0,Everyone,Books & Reference,"June 9, 2017",2,4.0.3 and up
5107,Ag Trucking Mobile App,PRODUCTIVITY,,0,43.0,100,Free,0.0,Everyone,Productivity,"May 17, 2017",8,4.0.3 and up
5108,Lakeside AG Moultrie,LIFESTYLE,5.0,3,8.6,50,Free,0.0,Everyone,Lifestyle,"May 23, 2017",1,4.1 and up
5109,Ag Guardian,PRODUCTIVITY,,1,2.0,100,Free,0.0,Everyone,Productivity,"December 28, 2015",1.0.0,4.0 and up
5110,Wind & Weather Meter for Ag,WEATHER,,3,14.0,1000,Free,0.0,Everyone,Weather,"March 14, 2016",v1.0,4.3 and up
5111,Ag Across America,FAMILY,,0,15.0,10,Free,0.0,Everyone,Educational;Education,"May 15, 2018",1.0.0,4.1 and up
5112,Border Ag & Energy,BUSINESS,,0,12.0,50,Free,0.0,Everyone,Business,"April 30, 2018",2.1,4.3 and up
5113,Ag-Pro Companies,BUSINESS,,0,45.0,50,Free,0.0,Everyone,Business,"March 6, 2018",2.3.0,4.4 and up
5114,My Ag Report,PRODUCTIVITY,,1,3.2,50,Free,0.0,Everyone,Productivity,"June 18, 2018",1.2,5.1 and up
5117,Mix Tank – Tank Mixing Ag App,PRODUCTIVITY,3.6,64,15.0,10000,Free,0.0,Everyone,Productivity,"October 16, 2017",4.2,4.4 and up
5118,Eternal Light AG,SOCIAL,5.0,30,13.0,100,Free,0.0,Teen,Social,"May 19, 2018",1.04,4.0.3 and up
5119,AG test,TOOLS,,3,18.0,100,Free,0.0,Everyone,Tools,"October 18, 2017",1.0.2,4.1 and up
5120,West Central Ag,BUSINESS,,3,1.7,100,Free,0.0,Everyone,Business,"January 16, 2017",1.2,4.0 and up
5121,Platincoin Wallet - PLC Group AG,LIBRARIES_AND_DEMO,4.3,375,15.0,10000,Free,0.0,Everyone,Libraries & Demo,"June 1, 2018",2.0.1,4.0.3 and up
5122,Tri-Ag (WV) FCU,FINANCE,,0,2.9,100,Free,0.0,Everyone,Finance,"July 3, 2018",3.1.10,4.1 and up
5123,Ag PhD Soybean Diseases,BOOKS_AND_REFERENCE,,0,5.9,1000,Free,0.0,Everyone,Books & Reference,"May 8, 2017",1.0.3,4.0.3 and up
5124,United Ag Cooperative,BUSINESS,,0,4.2,5,Free,0.0,Everyone,Business,"April 27, 2018",30.0.0,4.4 and up
5127,Ag-Power,BUSINESS,,0,47.0,10,Free,0.0,Everyone,Business,"July 13, 2018",2.4.3,4.4 and up
5128,Fertilizer Removal By Crop,BOOKS_AND_REFERENCE,4.1,295,6.9,50000,Free,0.0,Everyone,Books & Reference,"June 20, 2017",2.0.3,4.0.3 and up
5129,AG Track,TOOLS,4.1,12,8.7,100,Free,0.0,Everyone,Tools,"March 23, 2018",3.3,4.0 and up
5130,Denis Brogniart - AH !,FAMILY,4.5,2931,0.8,100000,Free,0.0,Everyone,Entertainment,"August 4, 2017",1.1,4.2 and up
5131,Freeland AH,MEDICAL,,0,28.0,100,Free,0.0,Everyone,Medical,"December 18, 2017",300000.0.95,4.0.3 and up
5132,MD PAWS AH,MEDICAL,,0,29.0,100,Free,0.0,Everyone,Medical,"February 23, 2018",300000.0.98,4.0.3 and up
5135,Mukwonago AH,MEDICAL,,1,29.0,100,Free,0.0,Everyone,Medical,"June 29, 2017",300000.0.85,4.0.3 and up
5136,Angelcare AH,MEDICAL,,0,29.0,50,Free,0.0,Everyone,Medical,"October 6, 2017",300000.0.91,4.0.3 and up
5139,Chenoweth AH,MEDICAL,5.0,1,27.0,100,Free,0.0,Everyone,Medical,"April 3, 2017",300000.0.78,4.0.3 and up
5140,Sayers AH,MEDICAL,,0,29.0,50,Free,0.0,Everyone,Medical,"January 17, 2018",300000.0.97,4.0.3 and up
5141,Claus Paws AH,MEDICAL,,1,29.0,100,Free,0.0,Everyone,Medical,"December 8, 2017",300000.0.94,4.0.3 and up
5142,Denis Brogniart - AH 2 !,FAMILY,,4,14.0,100,Free,0.0,Everyone,Entertainment,"October 28, 2017",1,2.1 and up
5143,Ah! Cutie,FAMILY,3.9,536,10.0,10000,Free,0.0,Everyone,Casual,"June 27, 2017",2.0.0,4.0 and up
5145,Arrowhead AH App,MEDICAL,5.0,3,28.0,100,Free,0.0,Everyone,Medical,"April 21, 2017",300000.0.80,4.0.3 and up
5146,Ah! Monster,FAMILY,4.1,1998,9.8,100000,Free,0.0,Everyone,Casual,"June 21, 2017",4.0.0,4.0 and up
5148,Kimbrough AH,MEDICAL,5.0,5,28.0,100,Free,0.0,Everyone,Medical,"September 21, 2017",300000.0.90,4.0.3 and up
5149,The Ah Yeah! Button,FAMILY,3.0,30,0.3,5000,Free,0.0,Everyone,Entertainment,"October 1, 2013",1.2,2.3 and up
5150,Bee'ah Employee App,COMMUNICATION,4.0,4,5.4,100,Free,0.0,Teen,Communication,"December 24, 2017",2.26.5.0,5.0 and up
5151,Clarksburg AH,MEDICAL,1.0,1,28.0,50,Free,0.0,Everyone,Medical,"May 1, 2017",300000.0.81,4.0.3 and up
5152,WAH AH,MEDICAL,,0,29.0,100,Free,0.0,Everyone,Medical,"May 3, 2017",300000.0.80,4.0.3 and up
5153,Prestige AH,MEDICAL,4.0,2,29.0,100,Free,0.0,Everyone,Medical,"May 11, 2017",300000.0.81,4.0.3 and up
5154,San Dimas AH,MEDICAL,,0,29.0,100,Free,0.0,Everyone,Medical,"February 18, 2018",300000.0.97,4.0.3 and up
5155,Ah Bailar,FAMILY,,10,3.0,100,Free,0.0,Everyone,Entertainment,"April 14, 2018",1,5.0 and up
5156,Ebenezer AH,MEDICAL,4.0,4,27.0,500,Free,0.0,Everyone,Medical,"May 5, 2017",300000.0.79,4.0.3 and up
5157,Boston AH,MEDICAL,,1,29.0,50,Free,0.0,Everyone,Medical,"November 30, 2017",300000.0.93,4.0.3 and up
5159,Ah !,FAMILY,,3,22.0,50,Free,0.0,Everyone,Entertainment,"December 27, 2017",1.1.2,5.0 and up
5160,Kay AH GA,MEDICAL,,0,29.0,1,Free,0.0,Everyone,Medical,"February 15, 2018",300000.0.97,4.0.3 and up
5161,Bayview Hill AH,MEDICAL,,0,29.0,50,Free,0.0,Everyone,Medical,"June 6, 2018",300000.1.08,4.0.3 and up
5162,Hilltop AH,MEDICAL,,0,29.0,100,Free,0.0,Everyone,Medical,"January 10, 2018",300000.0.96,4.0.3 and up
5163,Ah Ha Block,FAMILY,,2,16.0,100,Free,0.0,Everyone,Casual,"July 9, 2017",1,4.0 and up
5164,AH Lake Villa,MEDICAL,,3,27.0,100,Free,0.0,Everyone,Medical,"April 22, 2017",300000.0.78,4.0.3 and up
5165,Ferguson AH,MEDICAL,,0,29.0,100,Free,0.0,Everyone,Medical,"July 17, 2017",300000.0.86,4.0.3 and up
5166,be'ah,HEALTH_AND_FITNESS,,5,5.7,10,Free,0.0,Everyone,Health & Fitness,"March 28, 2018",1,2.3 and up
5167,Ah! Bird,SPORTS,3.5,1689,5.7,100000,Free,0.0,Everyone,Sports,"August 29, 2017",1.5.062,4.3 and up
5168,Downers Grove AH,MEDICAL,,0,29.0,100,Free,0.0,Everyone,Medical,"January 10, 2018",300000.0.96,4.0.3 and up
5169,AH! Soundboard,FAMILY,,11,2.0,100,Free,0.0,Everyone,Entertainment,"September 21, 2017",1.1,4.1 and up
5170,Sherbourne AH,MEDICAL,,1,29.0,50,Free,0.0,Everyone,Medical,"February 27, 2018",300000.0.98,4.0.3 and up
5171,Cathy AH,TOOLS,,0,20.0,1,Free,0.0,Everyone,Tools,"July 16, 2018",1.0.4,4.1 and up
5172,Monticello AH,MEDICAL,,0,28.0,50,Free,0.0,Everyone,Medical,"May 26, 2017",300000.0.84,4.0.3 and up
5173,Brandon Lakes AH,MEDICAL,2.6,5,27.0,100,Free,0.0,Everyone,Medical,"May 5, 2017",300000.0.79,4.0.3 and up
5174,Forest Crossing AH,MEDICAL,,0,29.0,10,Free,0.0,Everyone,Medical,"April 12, 2018",300000.1.01,4.0.3 and up
5175,Ah! Coins,GAME,3.4,256,9.1,50000,Free,0.0,Everyone,Action,"December 8, 2016",1.0.0,2.3 and up
5176,Mitchell AH,MEDICAL,,0,29.0,50,Free,0.0,Everyone,Medical,"May 23, 2018",300000.1.08,4.0.3 and up
5177,AH of Rocky Hill,MEDICAL,,0,29.0,100,Free,0.0,Everyone,Medical,"November 24, 2017",300000.0.93,4.0.3 and up
5178,Replika,FAMILY,4.5,45458,35.0,1000000,Free,0.0,Mature 17+,Entertainment,"August 3, 2018",1.5.49,4.4 and up
5179,Ai illustrator viewer,ART_AND_DESIGN,3.4,486,5.9,100000,Free,0.0,Everyone,Art & Design,"July 26, 2018",5.7,5.0 and up
5180,Real AI,FAMILY,3.8,949,1.2,50000,Free,0.0,Everyone,Entertainment,"July 22, 2018",4.9,4.0 and up
5182,Virtual Assistant DataBot: Artificial Intelligence,FAMILY,4.4,80927,27.0,1000000,Free,0.0,Everyone,Entertainment,"July 31, 2018",7.2.5,4.0 and up
5183,ALPHA - Artificial Intelligence,FAMILY,4.0,51,3.2,1000,Free,0.0,Everyone,Entertainment,"June 3, 2018",1.3.4,4.0 and up
5184,Artificial Intelligence,FAMILY,3.9,339,4.2,50000,Free,0.0,Everyone,Education,"April 5, 2018",6.2,4.0 and up
5185,Orbita AI — Exciting mobile puzzles & riddles,FAMILY,4.6,116973,31.0,1000000,Free,0.0,Everyone,Puzzle,"March 29, 2018",1.1.9.1,4.1 and up
5186,SMS AI Bot,TOOLS,3.8,89,3.9,10000,Free,0.0,Everyone,Tools,"July 1, 2018",3.0.4,4.1 and up
5187,ChatBot AI Talking Girl,FAMILY,3.8,3597,25.0,100000,Free,0.0,Everyone 10+,Entertainment,"July 31, 2018",1.0.16,4.0.3 and up
5190,ParaTek Ai Speech generator,TOOLS,3.6,448,4.3,50000,Free,0.0,Everyone,Tools,"March 23, 2017",1.9,1.6 and up
5191,Extreme- Personal Voice Assistant,PRODUCTIVITY,4.4,25627,9.8,1000000,Free,0.0,Everyone,Productivity,"August 5, 2018",132,5.0 and up
5192,AI Face Beauty Analysis - IntelliFace (Free),BEAUTY,3.1,40,13.0,10000,Free,0.0,Everyone,Beauty,"April 11, 2018",20,4.1 and up
5193,Robin - AI Voice Assistant,MAPS_AND_NAVIGATION,4.2,55313,16.0,1000000,Free,0.0,Everyone,Maps & Navigation,"August 5, 2018",4.435,4.1 and up
5194,Learn Artificial Intelligence,FAMILY,4.6,27,4.2,10000,Free,0.0,Everyone,Education,"July 14, 2018",1.1.4,4.1 and up
5196,AI Today : Artificial Intelligence News & AI 101,NEWS_AND_MAGAZINES,5.0,43,2.3,100,Free,0.0,Everyone,News & Magazines,"June 22, 2018",1,4.4 and up
5197,Tomo A.i. Pet Chat Bot,FAMILY,3.3,40,3.6,1000,Free,0.0,Everyone,Entertainment,"May 15, 2017",1,4.0.3 and up
5198,Puck AI Personal Assistant Robot,PRODUCTIVITY,4.1,22,26.0,1000,Free,0.0,Everyone,Productivity,"November 2, 2017",1.5,4.0.3 and up
5199,Builder (by Engineer.ai),PRODUCTIVITY,3.6,8,3.2,100,Free,0.0,Everyone,Productivity,"November 4, 2017",1.2-Release,4.1 and up
5200,Chat With Artificial Intelligence,FAMILY,3.2,32,2.8,1000,Free,0.0,Everyone,Entertainment,"May 10, 2018",1,4.0 and up
5201,Friday: Smart Personal Assistant,PRODUCTIVITY,4.4,2087,8.3,100000,Free,0.0,Everyone,Productivity,"June 24, 2018",20,5.0 and up
5203,Virtual Eye AI,TOOLS,4.4,26,3.8,500,Free,0.0,Everyone,Tools,"May 27, 2018",1.2,4.0 and up
5204,Lyra Virtual Assistant,PRODUCTIVITY,4.5,41624,3.4,1000000,Free,0.0,Everyone,Productivity,"May 24, 2018",1.2.4,4.0.3 and up
5205,2048(AI),FAMILY,4.3,20,3.5,1000,Free,0.0,Everyone,Casual,"June 3, 2015",0.33,2.3 and up
5206,ai robot keyboard,PERSONALIZATION,4.7,1891,1.9,100000,Free,0.0,Everyone,Personalization,"May 24, 2018",10001008,4.0.3 and up
5207,AI with Python Tutorial,FAMILY,4.4,8,3.3,5000,Free,0.0,Everyone,Education,"June 5, 2018",1.0.4,4.1 and up
5211,Message AI - Write Better Messages (Free),SOCIAL,3.7,3,7.9,100,Free,0.0,Everyone,Social,"July 4, 2018",1.3.1-lite,5.0 and up
5212,ChatBolo - AI Chatbot Online,FAMILY,3.3,1407,1.4,100000,Free,0.0,Everyone,Entertainment,"September 25, 2015",2.1,2.2 and up
5213,Artificial intelligence,FAMILY,,3,1.8,100,Free,0.0,Everyone,Entertainment,"March 5, 2018",2.2,4.1 and up
5214,MiAI (Artificial Intelligence) Assistant,PRODUCTIVITY,3.7,3,7.5,100,Free,0.0,Everyone,Productivity,"March 1, 2018",11.04,4.1 and up
5216,Turbo AI™ - Personal assistant,PRODUCTIVITY,2.6,91,2.8,5000,Free,0.0,Everyone,Productivity,"July 16, 2018",0.0.52,4.0.3 and up
5218,AI Image Recognizer (beta),PHOTOGRAPHY,,0,3.7,500,Free,0.0,Everyone,Photography,"September 13, 2017",closed,4.0 and up
5219,AI Sight,PRODUCTIVITY,3.5,43,48.0,1000,Free,0.0,Everyone,Productivity,"June 18, 2018",1.2,4.0.3 and up
5220,Jarvis artificial intelligent,FAMILY,3.9,253,14.0,10000,Free,0.0,Everyone,Entertainment,"March 28, 2018",1.1,2.3 and up
5222,DREAM-e: Dream Analysis A.I.,LIFESTYLE,3.8,89,0.9,10000,Free,0.0,Everyone,Lifestyle,"February 18, 2013",2.3,2.1 and up
5225,AJ Academy: Amazing Animals,FAMILY,4.5,1564,35.0,50000,Free,0.0,Everyone,Educational;Education,"May 25, 2018",1.1.0,4.1 and up
5226,Dash Tag - Fun Endless Runner!,FAMILY,4.5,6750,43.0,100000,Free,0.0,Everyone,Casual,"June 13, 2018",2.0.3,4.3 and up
5230,AJ Cam,PHOTOGRAPHY,5.0,44,2.8,100,Free,0.0,Everyone,Photography,"January 23, 2018",1,4.1 and up
5231,AJ Reminders,MAPS_AND_NAVIGATION,,0,3.2,10,Free,0.0,Everyone,Maps & Navigation,"January 27, 2018",1,4.2 and up
5232,tournaments and more.aj.2,COMMUNICATION,,0,4.2,100,Free,0.0,Teen,Communication,"September 25, 2017",4.3,2.3 and up
5233,Club Penguin Island,FAMILY,2.8,107441,32.0,1000000,Free,0.0,Everyone,Casual;Action & Adventure,"July 10, 2018",1.10.5,4.4 and up
5234,Aj. Vallbona,NEWS_AND_MAGAZINES,,0,22.0,10,Free,0.0,Everyone,News & Magazines,"July 25, 2018",4,4.4 and up
5235,AJ Official,FAMILY,4.6,31,7.3,500,Free,0.0,Everyone,Education,"May 3, 2017",0.1,2.3 and up
5236,AJ Bell Youinvest,FINANCE,2.8,135,5.3,10000,Free,0.0,Everyone,Finance,"June 4, 2018",2.13.0.65,4.4 and up
5238,Selfie With Champion AJ Style,PHOTOGRAPHY,5.0,2,7.5,500,Free,0.0,Everyone,Photography,"January 8, 2018",1,3.2 and up
5239,Baby Game Animal Jam Free,GAME,2.8,9,26.0,500,Free,0.0,Everyone,Board,"March 24, 2017",1,2.3 and up
5240,AJ Concept Group App,HOUSE_AND_HOME,,0,17.0,10,Free,0.0,Everyone,House & Home,"July 25, 2017",3,4.0.3 and up
5241,Blackjack aj Poker,GAME,3.8,8,4.2,1000,Free,0.0,Teen,Card,"October 19, 2016",1.1,2.3.3 and up
5242,Bonza Poly Art - Tenkyu Animal Jam for Kids,FAMILY,4.1,22,31.0,1000,Free,0.0,Everyone,Puzzle,"August 3, 2018",1.0.9,4.1 and up
5243,A.J. Styles HD Wallpapers 2018,PHOTOGRAPHY,,1,7.6,100,Free,0.0,Everyone,Photography,"July 26, 2018",1,4.1 and up
5244,AJ Player,VIDEO_PLAYERS,4.8,18,1.7,100,Free,0.0,Everyone,Video Players & Editors,"April 22, 2018",1.6.3.1,5.0 and up
5245,AJ RETAILS,SHOPPING,5.0,9,0.2,10,Free,0.0,Everyone,Shopping,"June 1, 2018",18060104,2.2 and up
5247,AJ AUTO,AUTO_AND_VEHICLES,,0,7.7,10,Free,0.0,Everyone,Auto & Vehicles,"February 27, 2017",1.0.0,4.0.3 and up
5248,AJ Percent Off Calculator,SHOPPING,4.4,134,0.0,10000,Free,0.0,Everyone,Shopping,"June 4, 2013",1.2,2.2 and up
5249,AJ Nails Supply,SHOPPING,,1,6.6,100,Free,0.0,Everyone,Shopping,"August 15, 2016",1,2.3.3 and up
5250,Aj.Petra,COMMUNICATION,,5,14.0,100,Free,0.0,Everyone,Communication,"September 29, 2017",1.0.1,4.1 and up
5251,AJ Men's Grooming,LIFESTYLE,5.0,2,22.0,100,Free,0.0,Everyone,Lifestyle,"August 28, 2017",5,4.1 and up
5253,AJ Rafael Music Lyrics,FAMILY,,0,8.4,50,Free,0.0,Everyone 10+,Entertainment,"January 3, 2018",2,4.0.3 and up
5254,AJ Styles HD Wallpapers,ART_AND_DESIGN,4.8,48,25.0,5000,Free,0.0,Everyone,Art & Design,"August 4, 2018",1.1.1,4.1 and up
5255,AJ and Alyssa,LIFESTYLE,,0,0.5,100,Free,0.0,Everyone,Lifestyle,"June 1, 2017",1.0.0,2.3.3 and up
5256,A.J. Green Wallpapers 4 Fans,LIFESTYLE,,0,4.3,5,Free,0.0,Everyone,Lifestyle,"May 26, 2018",1,4.0 and up
5258,AJ Styles Wallpaper 2018 - AJ Styles HD Wallpaper,ART_AND_DESIGN,4.0,18,3.6,1000,Free,0.0,Everyone,Art & Design,"March 22, 2018",1.1,4.0 and up
5259,A-J Media Vault,BOOKS_AND_REFERENCE,,1,24.0,50,Free,0.0,Everyone,Books & Reference,"January 4, 2017",5.62.1,4.0.3 and up
5262,AJ-COMICS,FOOD_AND_DRINK,,0,27.0,5,Free,0.0,Everyone,Food & Drink,"July 13, 2018",0.1.0,4.4 and up
5264,AJ Tracey Music and Lyrics,FAMILY,,0,2.7,5,Free,0.0,Teen,Entertainment,"June 7, 2018",1,4.0.3 and up
5266,AJ렌터카 법인 카셰어링,MAPS_AND_NAVIGATION,,0,27.0,10,Free,0.0,Everyone,Maps & Navigation,"July 30, 2018",1.0.0.0,4.3 and up
5268,AJ Rafael Music Lessons,FAMILY,5.0,1,8.2,10,Free,0.0,Everyone,Entertainment,"November 29, 2017",1.2.1,4.1 and up
5270,AJ Wallpapers,PERSONALIZATION,,0,3.9,100,Free,0.0,Everyone,Personalization,"May 6, 2018",2,4.0.3 and up
5271,Aj Di Awaaz,NEWS_AND_MAGAZINES,,9,1.1,500,Free,0.0,Everyone,News & Magazines,"September 7, 2016",1,4.1 and up
5272,How it works: AK-74N,FAMILY,4.4,1031,48.0,100000,Free,0.0,Everyone,Entertainment,"January 9, 2018",2.1.9f0,4.0.3 and up
5273,AK-47: Simulator and Shooting,FAMILY,4.0,345,14.0,100000,Free,0.0,Everyone 10+,Simulation,"November 11, 2016",1.3.0,3.0 and up
5274,AK-47 Simulation and Info,FAMILY,,2,18.0,100,Free,0.0,Everyone,Entertainment,"May 5, 2018",2.0.0,5.0 and up
5275,AK-47 Sounds,FAMILY,3.9,656,2.9,500000,Free,0.0,Everyone 10+,Entertainment,"September 14, 2016",2,2.3.3 and up
5276,AK 47 Live Wallpaper,PERSONALIZATION,4.1,585,4.4,50000,Free,0.0,Everyone,Personalization,"June 20, 2018",1.3,4.1 and up
5278,AK Interactive,FAMILY,4.3,734,13.0,10000,Free,0.0,Everyone,Entertainment,"July 12, 2018",2.5,4.0 and up
5279,AK-47 sounds,FAMILY,3.9,7,3.8,1000,Free,0.0,Everyone,Entertainment,"June 18, 2018",568,4.0 and up
5280,Wallpapers AK 47 Guns,PERSONALIZATION,4.5,37,15.0,5000,Free,0.0,Teen,Personalization,"February 26, 2017",1,4.1 and up
5281,AK 47 Assault Rifle Wallpapers,PERSONALIZATION,,1,15.0,100,Free,0.0,Teen,Personalization,"February 22, 2018",1,4.1 and up
5282,AK-47 Assault Rifle,FAMILY,3.7,165,25.0,10000,Free,0.0,Teen,Entertainment,"April 26, 2015",1,2.3 and up
5284,AK 47 Guns Wallpaper,PERSONALIZATION,4.2,322,6.8,50000,Free,0.0,Everyone,Personalization,"May 29, 2017",1,4.1 and up
5285,AK-47 3D,GAME,3.7,91,24.0,10000,Free,0.0,Everyone,Action,"December 25, 2016",3.2,2.3 and up
5286,Book of AK-47,LIFESTYLE,3.8,6,3.4,500,Free,0.0,Everyone,Lifestyle,"March 1, 2016",1.0.2,4.0.3 and up
5287,Weapon stripping 3D,FAMILY,4.6,23971,24.0,1000000,Free,0.0,Everyone,Simulation,"August 4, 2018",39.231,4.1 and up
5288,AK-47 Assult Rifle: Gun Shooting Simulator Game,GAME,,1,5.8,500,Free,0.0,Everyone,Action,"May 17, 2018",2,4.0.3 and up
5289,Ak-47 Wallpapers 2018,PERSONALIZATION,,7,4.9,500,Free,0.0,Everyone,Personalization,"March 14, 2018",newversion,4.3 and up
5290,Wallpapers New AK 47 Assault Rifle Guns Arms,PERSONALIZATION,,0,16.0,100,Free,0.0,Teen,Personalization,"March 10, 2018",1,4.1 and up
5291,Weapon AK-74 Live Wallpaper,PERSONALIZATION,3.3,25,46.0,1000,Free,0.0,Everyone,Personalization,"March 28, 2017",1.2,4.0.3 and up
5292,Shoot M-16 vs AK-47 : realistic weapon simulator,FAMILY,3.0,2,33.0,100,Free,0.0,Everyone,Simulation,"July 18, 2018",1,4.1 and up
5295,AK47 Assault Rifle,TOOLS,3.9,54,2.8,10000,Free,0.0,Everyone,Tools,"May 2, 2015",1.0.0.1,2.2 and up
5296,Wallpapers AK 74M,PERSONALIZATION,,0,11.0,10,Free,0.0,Teen,Personalization,"April 13, 2018",1,4.1 and up
5297,Weapons simulator AK-47,FAMILY,4.1,21,26.0,5000,Free,0.0,Everyone,Simulation,"May 15, 2017",1,4.1 and up
5298,Wallpapers AK 12,PERSONALIZATION,,0,11.0,10,Free,0.0,Teen,Personalization,"April 12, 2018",1,4.1 and up
5299,AK 47 Lock Screen,PERSONALIZATION,4.6,5,8.8,500,Free,0.0,Mature 17+,Personalization,"February 11, 2018",1,4.0.3 and up
5300,Gun AK 47,FAMILY,,3,6.2,1000,Free,0.0,Everyone,Entertainment,"April 18, 2017",1,2.3 and up
5301,AK Blackjack,GAME,,4,7.6,1000,Free,0.0,Teen,Card,"July 30, 2018",1.3,4.1 and up
5302,Jigsaw Puzzles AK 74M,PERSONALIZATION,,0,4.9,10,Free,0.0,Mature 17+,Personalization,"May 7, 2018",1,4.0.3 and up
5303,AK-47 guns Sounds,FAMILY,,2,5.1,100,Free,0.0,Everyone,Entertainment,"June 28, 2018",666,4.0 and up
5304,AK Phone,COMMUNICATION,4.4,9,4.2,5000,Free,0.0,Everyone,Communication,"May 29, 2017",3.8.8,2.2 and up
5305,AK Booster,TOOLS,3.8,71,7.0,10000,Free,0.0,Everyone,Tools,"May 2, 2018",2.0.1.966,4.4 and up
5308,AK Lodi Films,VIDEO_PLAYERS,4.9,23,2.1,100,Free,0.0,Everyone,Video Players & Editors,"August 11, 2015",1.1,4.0 and up
5311,AK Math Coach,FAMILY,3.6,283,18.0,50000,Free,0.0,Everyone,Education,"May 19, 2015",1.3,2.3.3 and up
5313,AL.com,NEWS_AND_MAGAZINES,3.4,803,8.0,50000,Free,0.0,Everyone 10+,News & Magazines,"July 23, 2018",3.7.10-0d44b899,4.1 and up
5314,University of Alabama,FAMILY,4.5,302,3.0,50000,Free,0.0,Everyone,Education,"November 30, 2017",3.3,4.1 and up
5315,Alabama Gameday Live,SPORTS,4.7,19,12.0,1000,Free,0.0,Everyone,Sports,"May 18, 2018",2.0.1,4.2 and up
5316,AL.com: Alabama Football News,SPORTS,4.5,459,8.0,10000,Free,0.0,Everyone 10+,Sports,"July 23, 2018",3.7.10-0d44b899,4.1 and up
5317,Alabama Road Trips,TRAVEL_AND_LOCAL,4.4,71,28.0,10000,Free,0.0,Everyone,Travel & Local,"October 27, 2017",1.8.7,4.0 and up
5318,Alabama DMV Permit Test - AL,FAMILY,4.3,218,29.0,10000,Free,0.0,Everyone,Education,"February 15, 2018",6.0.3,4.4 and up
5320,Official AL Fishing & Hunting,TRAVEL_AND_LOCAL,4.2,1291,40.0,50000,Free,0.0,Everyone,Travel & Local,"October 18, 2017",5.29.77 Domain 427,4.4 and up
5321,Al Quran (Tafsir & by Word),BOOKS_AND_REFERENCE,4.8,57400,14.0,500000,Free,0.0,Everyone,Books & Reference,"July 30, 2018",1.6.5,4.0 and up
5325,Al Quran Al karim,BOOKS_AND_REFERENCE,4.6,41608,49.0,1000000,Free,0.0,Everyone,Books & Reference,"November 5, 2017",1.1.7,2.2 and up
5326,Al jazeera TV,FAMILY,4.6,9952,3.7,100000,Free,0.0,Teen,Entertainment,"July 5, 2016",1.0.0,4.0.3 and up
5328,Al-Muhaffiz,BOOKS_AND_REFERENCE,4.7,2319,27.0,50000,Free,0.0,Everyone,Books & Reference,"April 22, 2018",10.1,4.1 and up
5329,Al Quran Audio (Full 30 Juz),FAMILY,4.7,7878,3.6,1000000,Free,0.0,Everyone,Education,"May 29, 2017",4,2.3 and up
5330,Quran for All (Al-Huda Int.),FAMILY,4.8,6696,5.3,100000,Free,0.0,Everyone,Education,"February 7, 2018",3.1.0,4.0 and up
5331,AL Voice Recorder,PRODUCTIVITY,3.6,4832,2.4,1000000,Free,0.0,Everyone,Productivity,"November 22, 2016",2.1.7.3,3.0 and up
5333,Quran Juz-30 - Mahad al Zahra,FAMILY,4.6,2654,6.7,100000,Free,0.0,Everyone,Education,"November 2, 2016",1.10.0,2.2 and up
5335,Al Mayadeen,NEWS_AND_MAGAZINES,4.7,13620,9.0,500000,Free,0.0,Everyone,News & Magazines,"April 16, 2018",2.137,4.1 and up
5336,Al-Quran Al-Muallim,FAMILY,4.5,199,0.3,10000,Free,0.0,Everyone,Education,"September 11, 2013",1.0beta,2.2 and up
5338,Al-Quran 30 Juz free copies,BOOKS_AND_REFERENCE,4.5,12322,27.0,500000,Free,0.0,Everyone,Books & Reference,"December 17, 2016",3,2.3 and up
5340,Al Quran MP3 - Quran Reading®,FAMILY,4.7,47463,22.0,1000000,Free,0.0,Everyone,Education,"April 24, 2018",4.4,4.0.3 and up
5343,Al-Quran Ahmad Saud Offline,FAMILY,4.7,7116,40.0,100000,Free,0.0,Everyone,Education,"August 9, 2016",1,2.3.3 and up
5344,12 Step Meditations & Sober Prayers AA NA AL-ANON,LIFESTYLE,4.7,759,15.0,50000,Free,0.0,Everyone 10+,Lifestyle,"January 22, 2018",1.4.5,4.1 and up
5346,Al Quran Free - القرآن (Islam),BOOKS_AND_REFERENCE,4.7,1777,23.0,50000,Free,0.0,Everyone,Books & Reference,"February 15, 2015",1.1,2.2 and up
5347,Taha Al Junaid Quran Mp3,LIFESTYLE,4.6,518,4.2,50000,Free,0.0,Everyone,Lifestyle,"March 25, 2017",1.1,2.3.3 and up
5348,Surah Al-Waqiah,BOOKS_AND_REFERENCE,4.7,1201,2.9,100000,Free,0.0,Everyone,Books & Reference,"June 24, 2015",1,2.3.3 and up
5352,I AM RICH,FAMILY,3.9,1455,1.1,10000,Free,0.0,Everyone,Entertainment,"October 11, 2017",1,2.3 and up
5363,I Am Innocent,GAME,4.4,208501,56.0,1000000,Free,0.0,Teen,Adventure,"July 23, 2018",2.8.307,4.0.3 and up
5365,i am rich,BUSINESS,3.9,213,2.9,1000,Free,0.0,Everyone,Business,"June 9, 2018",1,4.0 and up
5368,Where Am I At?,TRAVEL_AND_LOCAL,3.8,39,12.0,10000,Free,0.0,Everyone,Travel & Local,"October 8, 2016",1.2,4.1 and up
5370,Where Am I? GPS Loc,TRAVEL_AND_LOCAL,4.6,68,4.2,10000,Free,0.0,Everyone,Travel & Local,"November 14, 2017",5,4.0.3 and up
5372,Coast To Coast AM Insider,NEWS_AND_MAGAZINES,3.9,4581,21.0,100000,Free,0.0,Everyone,News & Magazines,"January 4, 2018",5.0.108,4.4 and up
5376,What Am I? - Brain Teasers,GAME,4.2,4537,15.0,100000,Free,0.0,Everyone,Trivia,"April 5, 2017",2.2,4.0.3 and up
5377,Who am I? (Biblical),GAME,4.5,5849,5.1,500000,Free,0.0,Everyone,Trivia,"September 13, 2017",1.2.2_comAds,4.0.3 and up
5378,DWWW 774 Ultimate AM Radio,NEWS_AND_MAGAZINES,4.7,327,31.0,10000,Free,0.0,Everyone,News & Magazines,"June 26, 2018",4.0.9,4.1 and up
5379,Anno: Build an Empire,FAMILY,3.5,33944,28.0,1000000,Free,0.0,Everyone 10+,Strategy,"March 10, 2016",2.0.0,4.1 and up
5380,Vikings: an Archer's Journey,GAME,4.5,10256,39.0,1000000,Free,0.0,Everyone,Action,"December 11, 2017",2.1.0,4.3 and up
5382,Trell: An app for Explorers | Best Wanderlust App,LIFESTYLE,4.6,8004,34.0,100000,Free,0.0,Teen,Lifestyle,"July 31, 2018",3.4.8,4.1 and up
5390,Create apps fast with beautiful design and no code,BUSINESS,3.7,23729,24.0,1000000,Free,0.0,Everyone,Business,"May 14, 2018",7.2,4.4 and up
5400,"Resume Builder Free, 5 Minute CV Maker & Templates",BUSINESS,4.4,72202,6.7,1000000,Free,0.0,Everyone,Business,"June 25, 2018",6,4.0.3 and up
5401,AO Surgery Reference,MEDICAL,4.7,2570,3.8,100000,Free,0.0,Everyone,Medical,"May 10, 2017",1.2.6,4.0 and up
5402,ao,FAMILY,3.5,14145,5.9,1000000,Free,0.0,Everyone,Strategy,"June 8, 2016",1.0.9,4.0 and up
5403,AO/OTA Fracture Classification,MEDICAL,4.9,25,46.0,5000,Free,0.0,Everyone,Medical,"April 17, 2018",1,5.0 and up
5404,AO Player,EVENTS,4.0,9,3.3,1000,Free,0.0,Everyone,Events,"December 20, 2017",1.1.4,4.4 and up
5405,Ao Oni2,GAME,4.1,21223,48.0,1000000,Free,0.0,Teen,Adventure,"April 20, 2018",1.6.6,4.1 and up
5406,A. O. Smith,TOOLS,4.2,32,33.0,10000,Free,0.0,Everyone,Tools,"May 21, 2018",3.0.22,4.0 and up
5407,AO-EVENT,BUSINESS,,0,42.0,100,Free,0.0,Everyone,Business,"May 28, 2018",6.2.6,4.1 and up
5409,PlacarTv Futebol Ao Vivo,COMMUNICATION,4.1,2063,4.5,100000,Free,0.0,Everyone,Communication,"June 3, 2018",1.0.3,4.0 and up
5410,Virtual lover,FAMILY,4.6,45771,28.0,1000000,Free,0.0,Mature 17+,Entertainment,"June 8, 2018",1.39,4.1 and up
5413,Princess Closet : Otome games free dating sim,FAMILY,4.5,29495,56.0,1000000,Free,0.0,Teen,Simulation,"May 24, 2018",1.11.0,4.0.3 and up
5421,Carnivores: Dinosaur Hunter,GAME,4.2,62636,17.0,1000000,Free,0.0,Teen,Action,"July 2, 2018",1.8.0,4.0.3 and up
5426,Scanning body and undressing people,FAMILY,3.4,1012,12.0,100000,Free,0.0,Teen,Entertainment,"February 24, 2018",2,3.0 and up
5435,Can Your Pet? : Returns - Teen,FAMILY,4.3,45370,14.0,1000000,Free,0.0,Teen,Simulation,"August 2, 2018",2.59.8,2.3 and up
5439,Start the Hunt for the Lost Treasure,FAMILY,3.8,302,8.1,10000,Free,0.0,Everyone,Puzzle;Brain Games,"September 13, 2017",1.4,4.0.3 and up
5441,Scanning under clothes (prank),FAMILY,3.7,1443,20.0,100000,Free,0.0,Mature 17+,Entertainment,"January 18, 2018",3,2.3 and up
5445,Hidden Objects Treasure Hunt Adventure Games,FAMILY,4.3,275,29.0,10000,Free,0.0,Everyone,Puzzle,"July 9, 2018",1.0.1,4.4 and up
5447,Body scanner (prank),FAMILY,3.3,16063,3.8,1000000,Free,0.0,Teen,Casual,"June 2, 2016",3,2.3 and up
5449,AP ENPS Mobile,PRODUCTIVITY,4.1,22,0.5,5000,Free,0.0,Everyone,Productivity,"March 8, 2016",8.0.0130,4.4 and up
5450,AP® Guide,FAMILY,5.0,3,2.1,1000,Free,0.0,Everyone,Education,"July 31, 2017",1.3,4.0.3 and up
5451,WiFi Access Point (hotspot),COMMUNICATION,3.9,684,0.1,100000,Free,0.0,Everyone,Communication,"May 14, 2015",1.1.2,2.3 and up
5452,AP Mobile,FAMILY,4.6,117,13.0,10000,Free,0.0,Everyone,Education,"November 21, 2017",1.03,6.0 and up
5453,AP Manager,TOOLS,4.0,177,2.8,10000,Free,0.0,Everyone,Tools,"May 4, 2015",1.0.8,2.3 and up
5454,AP App for Android™,NEWS_AND_MAGAZINES,3.6,188,9.9,10000,Free,0.0,Everyone,News & Magazines,"May 12, 2016",1,4.0 and up
5455,Access Point Finder,LIFESTYLE,4.0,22,2.5,10000,Free,0.0,Everyone,Lifestyle,"September 6, 2016",1,3.0 and up
5456,AP English Language: Practice Tests and Flashcards,FAMILY,4.5,19,5.4,5000,Free,0.0,Everyone,Education,"July 3, 2018",1.6.7.1,4.1 and up
5457,AP Mobile 104,BUSINESS,,0,14.0,100,Free,0.0,Everyone,Business,"December 13, 2017",1.2.2.0,4.0 and up
5458,AP Planner,FAMILY,2.9,45,1.3,5000,Free,0.0,Everyone,Education,"August 3, 2015",1.1,2.1 and up
5459,Access Point Browser,TOOLS,4.2,25,2.5,1000,Free,0.0,Everyone,Tools,"September 22, 2017",3.11,4.3 and up
5460,AP Installer,TOOLS,4.5,23,0.3,5000,Free,0.0,Everyone,Tools,"July 20, 2018",13,3.2 and up
5461,Access Point Proximity,TOOLS,,5,2.3,1000,Free,0.0,Everyone,Tools,"June 28, 2018",2.1.1,5.0 and up
5462,Study AP World History,FAMILY,4.6,513,1.6,10000,Free,0.0,Everyone,Education,"July 18, 2016",1.1.2,4.0.3 and up
5463,UniFi,TOOLS,4.7,11018,25.0,500000,Free,0.0,Everyone,Tools,"July 25, 2018",1.7.0,4.1 and up
5464,Ap Video Downloader for fb New 2018,TOOLS,4.2,676,5.4,100000,Free,0.0,Everyone,Tools,"July 31, 2018",3.0.188,4.0.3 and up
5467,HotSpot Tethering Free/WiFi AP,TOOLS,3.9,478,2.0,100000,Free,0.0,Everyone,Tools,"September 12, 2016",2.003,2.3 and up
5468,AP Chemistry Prep: Practice Tests and Flashcards,FAMILY,4.7,55,5.4,10000,Free,0.0,Everyone,Education,"July 3, 2018",1.6.7.1,4.1 and up
5469,AP Flashcards,FAMILY,3.7,88,41.0,10000,Free,0.0,Everyone,Education,"August 30, 2015",1.3.14,3.1 and up
5470,AP World History: Practice Tests and Flashcards,FAMILY,4.8,21,5.4,5000,Free,0.0,Everyone,Education,"July 3, 2018",1.6.7.1,4.1 and up
5471,Access Point Names,COMMUNICATION,4.0,138,2.4,10000,Free,0.0,Everyone,Communication,"August 12, 2014",1,2.3.3 and up
5472,"AP Biology Prep: Practice Tests, Flashcards",FAMILY,4.6,87,5.4,10000,Free,0.0,Everyone,Education,"July 3, 2018",1.6.7.1,4.1 and up
5473,AP Biology Study Guide + Quiz,FAMILY,4.4,105,9.0,10000,Free,0.0,Everyone,Education,"March 22, 2016",1.5.1,4.1 and up
5477,AP Physics 1 Prep: Practice Tests and Flashcards,FAMILY,4.4,29,5.3,5000,Free,0.0,Everyone,Education,"July 3, 2018",1.6.7.1,4.1 and up
5478,Fate GO Ap Counter,TOOLS,4.6,70,3.2,1000,Free,0.0,Everyone,Tools,"January 19, 2018",1.1.4,4.1 and up
5481,AP Psychology Prep: Practice Tests and Flashcards,FAMILY,4.5,242,5.4,50000,Free,0.0,Everyone,Education,"July 3, 2018",1.6.7.1,4.1 and up
5483,APN Settings,TOOLS,3.7,3743,5.6,1000000,Free,0.0,Everyone,Tools,"August 3, 2018",6.4,4.1 and up
5484,AEE AP,PHOTOGRAPHY,,4,17.0,1000,Free,0.0,Everyone,Photography,"February 7, 2018",1.01,2.2 and up
5485,AP Math & Computer Science,FAMILY,3.7,37,9.5,5000,Free,0.0,Everyone,Education,"July 19, 2015",2.16,2.3 and up
5487,AP Statistics Prep: Practice Tests and Flashcards,FAMILY,4.2,19,5.4,5000,Free,0.0,Everyone,Education,"July 3, 2018",1.6.7.1,4.1 and up
5488,eChallan Andhra Pradesh (AP),SOCIAL,3.0,5,2.6,1000,Free,0.0,Teen,Social,"February 15, 2018",1.0.0.4,4.1 and up
5491,AP European History: Practice Tests and Flashcards,FAMILY,4.7,7,5.4,1000,Free,0.0,Everyone,Education,"July 3, 2018",1.6.7.1,4.1 and up
5492,AdventureQuest 3D MMO,FAMILY,4.3,22667,35.0,1000000,Free,0.0,Teen,Role Playing,"July 26, 2018",1.10.1,4.4 and up
5493,AdventureQuest Dragons,FAMILY,3.9,10114,48.0,100000,Free,0.0,Everyone,Casual,"June 13, 2018",1.0.63,4.0 and up
5496,Undead Assault,GAME,4.3,4704,37.0,100000,Free,0.0,Everyone 10+,Arcade,"November 4, 2015",1.4.6,2.3 and up
5497,AQ Service,BUSINESS,,4,17.0,10,Free,0.0,Everyone,Business,"August 28, 2017",1,4.4 and up
5498,AQ wisdom +,TOOLS,,0,35.0,100,Free,0.0,Everyone,Tools,"March 15, 2018",1.0.0,4.0.3 and up
5499,AQ SMS Notify,TOOLS,,0,2.3,10,Free,0.0,Everyone,Tools,"April 12, 2018",2.5.3,4.1 and up
5501,Adventure Quest World Mobile Quiz,FAMILY,4.6,28,26.0,500,Free,0.0,Everyone,Puzzle,"January 16, 2018",3.1.6z,4.0.3 and up
5502,Aqw&3d Design Notes Manager,FAMILY,4.5,11,2.9,500,Free,0.0,Everyone,Entertainment,"August 15, 2017",3,4.0.3 and up
5503,AQ Aspergers Test,MEDICAL,3.9,265,0.7,10000,Free,0.0,Everyone,Medical,"October 14, 2015",1.4.0,2.3.3 and up
5504,Guess the Class 🔥 AQW,GAME,4.7,57,12.0,1000,Free,0.0,Everyone,Word,"November 1, 2017",1.0.0,4.1 and up
5506,AQ Ria Retail,FAMILY,5.0,4,52.0,50,Free,0.0,Everyone,Education,"April 3, 2018",1.1,4.1 and up
5508,AQ Guards,PRODUCTIVITY,,0,3.2,10,Free,0.0,Everyone,Productivity,"July 6, 2018",2.1.22,4.4 and up
5509,Wowkwis aq Ka'qaquj,FAMILY,5.0,1,49.0,10,Free,0.0,Everyone,Education;Education,"February 16, 2018",1,4.0.3 and up
5510,AQ Coach,SPORTS,,0,28.0,5,Free,0.0,Everyone,Sports,"May 25, 2018",1.1.0,4.4 and up
5511,AQ Dentals,HEALTH_AND_FITNESS,,0,12.0,10,Free,0.0,Everyone,Health & Fitness,"December 22, 2017",1.0.1,4.1 and up
5513,中国語 AQリスニング,FAMILY,,21,17.0,5000,Free,0.0,Everyone,Education,"June 22, 2016",2.4.0,4.0 and up
5514,ClanHQ,COMMUNICATION,2.7,560,37.0,10000,Free,0.0,Everyone,Communication,"July 25, 2018",1.0.21,4.4 and up
5515,QuickShortcutMaker,PERSONALIZATION,4.6,41000,2.0,1000000,Free,0.0,Everyone,Personalization,"February 23, 2014",2.4.0,1.6 and up
5521,Questland: Turn Based RPG,FAMILY,4.6,31134,48.0,1000000,Free,0.0,Everyone 10+,Role Playing,"August 2, 2018",1.10.6,4.1 and up
5525,"Grow Stone Online : 2d pixel RPG, MMORPG game",FAMILY,4.7,84389,48.0,1000000,Free,0.0,Everyone,Role Playing,"August 5, 2018",1.375,4.0.3 and up
5528,Knightfall™ AR,FAMILY,4.2,254,25.0,10000,Free,0.0,Teen,Strategy,"March 17, 2018",1,7.0 and up
5529,Ghost Snap AR Horror Survival,GAME,3.8,898,33.0,100000,Free,0.0,Teen,Adventure,"December 21, 2016",1.2.3.1,2.3 and up
5533,Sketchfab,FAMILY,4.3,906,9.2,50000,Free,0.0,Mature 17+,Entertainment,"March 9, 2018",0.46.0,4.4 and up
5538,Flat Pack,GAME,4.4,862,44.0,100000,Free,0.0,Everyone 10+,Action,"March 16, 2018",1.0.4,7.0 and up
5539,Crayola Color Blaster,GAME,3.8,17,30.0,1000,Free,0.0,Everyone,Arcade,"March 13, 2018",1.5,7.0 and up
5546,Stack It AR,GAME,3.8,1363,26.0,100000,Free,0.0,Everyone,Arcade,"June 29, 2018",1.1.4,4.0 and up
5547,"ARuler - AR Ruler app, Measure tools",TOOLS,4.3,1602,5.0,100000,Free,0.0,Everyone,Tools,"August 3, 2018",1.1.7,7.0 and up
5549,Monster Park AR - Jurassic Dinosaurs in Real World,FAMILY,3.7,128,20.0,10000,Free,0.0,Everyone,Entertainment,"March 8, 2018",1.2.2.122,7.0 and up
5550,AR Remote Car,FAMILY,3.2,1354,30.0,100000,Free,0.0,Everyone,Simulation,"August 12, 2017",2.14,4.0 and up
5551,Solar System AR ( ARCore ),FAMILY,4.0,211,37.0,10000,Free,0.0,Everyone,Entertainment,"July 23, 2018",0.8.6,7.0 and up
5552,Super AR,FAMILY,3.8,410,28.0,10000,Free,0.0,Teen,Entertainment,"December 18, 2017",2.1,4.0 and up
5555,MCRAFT AR - EDITOR,FAMILY,3.4,131,22.0,5000,Free,0.0,Everyone,Simulation,"June 24, 2018",1,4.1 and up
5558,Portal AR - Step Into Scotland,TRAVEL_AND_LOCAL,3.7,25,43.0,5000,Free,0.0,Everyone,Travel & Local,"June 4, 2018",1.4,7.0 and up
5560,Augment - 3D Augmented Reality,BUSINESS,4.1,25195,21.0,1000000,Free,0.0,Everyone,Business,"February 26, 2018",v3.4.0-3,4.0.3 and up
5561,Satellite AR,BOOKS_AND_REFERENCE,4.1,9636,0.1,1000000,Free,0.0,Everyone,Books & Reference,"September 22, 2011",2.4,2.1 and up
5565,Paint Space AR,FAMILY,3.0,17,32.0,1000,Free,0.0,Everyone,Entertainment,"March 7, 2018",1.1,7.0 and up
5566,"Just a Line - Draw Anywhere, with AR",FAMILY,4.1,1152,2.7,100000,Free,0.0,Everyone,Entertainment,"May 30, 2018",2.0.0,7.0 and up
5567,AR Toybox - Augmented Reality Demos,FAMILY,3.8,20,36.0,1000,Free,0.0,Everyone,Simulation,"August 17, 2017",1.0.2,4.1 and up
5568,"Mind Map AR, Augmented Reality ARCore Mind Mapping",PRODUCTIVITY,4.2,29,35.0,5000,Free,0.0,Everyone,Productivity,"July 26, 2018",1.23,7.0 and up
5569,【Miku AR Camera】Mikuture,FAMILY,4.4,36268,41.0,1000000,Free,0.0,Teen,Entertainment,"April 25, 2017",3.0.15,4.2 and up
5573,AS - News and sports results.,SPORTS,3.7,20879,22.0,1000000,Free,0.0,Everyone,Sports,"June 9, 2018",5.1.13,4.1 and up
5575,"AS - Diario online deportivo. Fútbol, motor y más",NEWS_AND_MAGAZINES,,0,6.0,50,Free,0.0,Everyone,News & Magazines,"June 24, 2018",7.8,4.1 and up
5577,AS Guía de las Ligas 2017-2018,SPORTS,4.1,4374,53.0,100000,Free,0.0,Everyone,Sports,"September 14, 2017",1.0.10,4.1 and up
5579,Sleep as Android Gear Addon,HEALTH_AND_FITNESS,2.8,961,1.3,100000,Free,0.0,Everyone,Health & Fitness,"February 27, 2018",1.5,4.0 and up
5580,Sleep as Android Garmin Addon,HEALTH_AND_FITNESS,2.6,114,1.6,10000,Free,0.0,Everyone,Health & Fitness,"June 20, 2018",20180620,2.3 and up
5583,The Aether: Life as a God,FAMILY,4.1,1407,3.4,100000,Free,0.0,Everyone 10+,Role Playing,"March 12, 2018",1.0.5,4.0 and up
5584,CAPTCHA Pack for Sleep as Android,LIFESTYLE,4.0,448,3.1,50000,Free,0.0,Everyone,Lifestyle,"June 8, 2018",1.3,2.3 and up
5585,Pacific Navy Fighter C.E. (AS),GAME,4.3,11379,20.0,500000,Free,0.0,Everyone 10+,Arcade,"July 29, 2018",1.4,4.0.3 and up
5587,Sleep as Microsoft Band Add-On,LIFESTYLE,3.5,28,0.1,1000,Free,0.0,Everyone,Lifestyle,"January 23, 2016",1.0.0.8,4.2 and up
5604,PS4 Second Screen,FAMILY,2.4,11773,3.3,1000000,Free,0.0,Everyone,Entertainment,"June 13, 2018",18.6.2,4.1 and up
5608,Seen,FAMILY,4.5,118285,22.0,1000000,Free,0.0,Teen,Simulation,"May 24, 2018",1.2.1,4.1 and up
5614,AT&T THANKS®,FAMILY,3.4,2445,34.0,500000,Free,0.0,Everyone,Entertainment,"July 11, 2018",1.4.0,5.0 and up
5615,Galaxy at War Online,FAMILY,3.9,65119,46.0,1000000,Free,0.0,Everyone 10+,Strategy,"May 22, 2018",2.1.0,3.0 and up
5619,Fandom: Five Nights at Freddys,FAMILY,4.4,17945,9.5,1000000,Free,0.0,Mature 17+,Entertainment,"June 6, 2018",2.9.8,4.4 and up
5624,Five Tries At Love Dating Sim,FAMILY,4.2,37165,22.0,1000000,Free,0.0,Teen,Simulation,"February 14, 2018",5.1.0,2.3 and up
5626,Multiple Videos at Same Time,VIDEO_PLAYERS,4.4,4706,1.5,1000000,Free,0.0,Everyone,Video Players & Editors,"June 19, 2018",Z (Special Edition R9),4.4 and up
5628,Coloring Book at Five Nights,FAMILY,4.0,532,6.5,100000,Free,0.0,Everyone,Educational,"June 6, 2017",1.6,2.3 and up
5630,Five nights at Minecraft,FAMILY,3.5,9335,12.0,1000000,Free,0.0,Everyone,Entertainment,"November 26, 2017",1.2,4.0.3 and up
5632,Nights at Cube Pizzeria 3D – 3,FAMILY,4.0,15875,40.0,1000000,Free,0.0,Teen,Simulation,"March 3, 2017",1.5,4.2 and up
5633,7 Nights at Pixel Pizzeria - 2,GAME,4.0,23168,54.0,1000000,Free,0.0,Teen,Adventure,"July 9, 2018",1.3.0,4.4 and up
5634,Nights at Slender Pizzeria 3D,GAME,4.1,2628,45.0,100000,Free,0.0,Teen,Adventure,"May 22, 2017",1.1,4.2 and up
5636,One Night at Golden Freddy's,GAME,3.3,2717,4.0,100000,Free,0.0,Teen,Action,"December 7, 2017",0.1,2.3 and up
5638,Nights at Cube Pizzeria 3D – 4,GAME,4.1,7728,39.0,500000,Free,0.0,Teen,Adventure,"July 17, 2018",1.5.0,4.4 and up
5639,Five Nights at Neighbor House,GAME,4.2,2180,55.0,100000,Free,0.0,Everyone 10+,Action,"January 26, 2018",1.1.0,4.2 and up
5643,Five Nights at Pizzeria,GAME,3.5,1976,21.0,100000,Free,0.0,Teen,Action,"March 3, 2018",1.6,4.1 and up
5644,Block Battles: Heroes at War - Multiplayer PVP,GAME,4.3,6698,46.0,500000,Free,0.0,Everyone 10+,Action,"May 14, 2016",1.0.1,2.3 and up
5646,Five Nights at Flappy's,GAME,4.7,4041,24.0,10000,Free,0.0,Everyone,Arcade,"June 27, 2017",1.5.14,2.3.3 and up
5647,5 Nights at Cube Pizzeria City,GAME,3.8,2691,52.0,100000,Free,0.0,Teen,Adventure,"February 22, 2017",1.2,4.2 and up
5650,au,FAMILY,3.2,9126,5.8,1000000,Free,0.0,Everyone,Strategy,"June 8, 2016",1.0.9,4.0 and up
5652,Au Mobile: Audition Chính Hiệu,GAME,3.9,85278,23.0,1000000,Free,0.0,Mature 17+,Music,"July 17, 2018",1.8.0716,4.0.3 and up
5653,AU Mobile Indonesia,GAME,3.6,16521,23.0,1000000,Free,0.0,Everyone,Music,"May 9, 2018",1.8.0502,2.3 and up
5654,Au Bon Pain,FOOD_AND_DRINK,3.7,70,26.0,10000,Free,0.0,Everyone,Food & Drink,"July 23, 2018",1.4,5.0 and up
5655,Au Pair Legend,LIFESTYLE,4.4,28,8.8,1000,Free,0.0,Everyone,Lifestyle,"July 19, 2018",3.5,5.0 and up
5656,Super Dancer,GAME,4.1,91667,27.0,1000000,Free,0.0,Everyone,Arcade,"July 24, 2018",3.3,2.3 and up
5657,AU Results - AU COE Corner,FAMILY,4.0,664,2.1,100000,Free,0.0,Everyone,Education,"December 14, 2017",2.2.5,4.1 and up
5658,"view.com.au - Buy, Rent or Research Real Estate",LIFESTYLE,3.1,212,12.0,50000,Free,0.0,Everyone,Lifestyle,"September 26, 2017",2.1.4,4.1 and up
5659,Au Weather Free,WEATHER,4.0,1185,5.0,100000,Free,0.0,Everyone,Weather,"June 18, 2018",2.47.2,2.3 and up
5661,AU Spark,FAMILY,3.7,681,8.2,10000,Free,0.0,Everyone,Education,"August 1, 2018",5.06,4.4 and up
5662,Rugby AU,SPORTS,2.7,17,14.0,1000,Free,0.0,Everyone,Sports,"December 21, 2017",1.0.0,4.1 and up
5663,Learners Test Free: AU Driver Knowledge Test (DKT),FAMILY,3.9,623,8.5,100000,Free,0.0,Everyone,Education,"March 26, 2018",3.5,4.1 and up
5665,Au-allstar for KR,GAME,3.6,2433,47.0,100000,Free,0.0,Everyone,Music,"June 15, 2018",1.6.4,4.3 and up
5666,STUCOR - AU,FAMILY,4.5,1827,12.0,100000,Free,0.0,Everyone,Education,"June 5, 2018",1.3,4.1 and up
5667,loans.com.au Smart Money,FINANCE,3.5,30,17.0,1000,Free,0.0,Everyone,Finance,"May 27, 2018",1.4.0,4.1 and up
5668,AU Students Zone (Result 2016),FAMILY,4.0,97,3.9,10000,Free,0.0,Everyone,Education,"July 1, 2016",1.1,4.0 and up
5669,Top #5 Bσσkie in AU,SPORTS,,0,10.0,100,Free,0.0,Everyone,Sports,"December 6, 2017",1,4.0 and up
5670,AU Results 2017 Auzone,FAMILY,3.8,762,4.1,100000,Free,0.0,Everyone,Education,"February 1, 2017",2,4.0 and up
5671,Au Pair,SOCIAL,3.6,58,15.0,10000,Free,0.0,Everyone,Social,"August 14, 2017",1.3.0,4.2 and up
5672,AU Call Blocker - Block Unwanted Calls Texts 2018,COMMUNICATION,4.2,16,3.3,1000,Free,0.0,Everyone,Communication,"April 24, 2018",1.0.4,4.1 and up
5673,realcommercial.com.au,BUSINESS,4.4,128,6.7,50000,Free,0.0,Everyone,Business,"June 26, 2018",2.6.1,5.0 and up
5674,Powershop AU,TOOLS,4.0,498,11.0,10000,Free,0.0,Everyone,Tools,"July 12, 2018",1.35.1,4.0.3 and up
5675,Australia Newspapers - AU News Apps,NEWS_AND_MAGAZINES,4.7,48,4.1,1000,Free,0.0,Everyone,News & Magazines,"July 8, 2018",7.0.0,4.0.3 and up
5676,news.com.au,NEWS_AND_MAGAZINES,,1,3.7,100,Free,0.0,Everyone,News & Magazines,"July 23, 2018",1.1,4.0 and up
5677,Media Sosial TNI AU,SOCIAL,,88,4.3,1000,Free,0.0,Everyone,Social,"January 24, 2018",1.2,2.1 and up
5678,Dance On Mobile,FAMILY,4.1,23609,31.0,1000000,Free,0.0,Teen,Casual,"April 13, 2018",1.26,4.0 and up
5679,Super Dancer VN,GAME,4.0,24312,25.0,500000,Free,0.0,Everyone,Music,"July 22, 2018",3.3,4.0.3 and up
5680,Alerte au gogol,FAMILY,,14,2.0,1000,Free,0.0,Everyone,Entertainment,"February 9, 2018",1.0.0.0,4.0 and up
5681,Neuvaine au Saint-Esprit,LIFESTYLE,4.7,57,5.8,10000,Free,0.0,Everyone,Lifestyle,"September 18, 2017",1.1,4.0 and up
5682,Neuvaines et prières au Coeur Sacré de Jésus,LIFESTYLE,,17,3.7,5000,Free,0.0,Everyone,Lifestyle,"September 5, 2017",1.1,4.0 and up
5683,SMS Au revoir,FAMILY,,17,1.7,5000,Free,0.0,Everyone,Entertainment,"January 15, 2018",2.0.0,4.0 and up
5684,allhomes.com.au,HOUSE_AND_HOME,3.8,874,12.0,100000,Free,0.0,Everyone,House & Home,"August 1, 2018",5.13.1,4.3 and up
5685,Jobs in Canada - Emplois au Canada,BUSINESS,5.0,2,14.0,1000,Free,0.0,Teen,Business,"August 5, 2018",1.1,4.2 and up
5687,Romance et Mystères au Lycée,FAMILY,,350,6.4,10000,Free,0.0,Teen,Entertainment,"February 23, 2017",1.0.0,4.0.3 and up
5688,Au Rubis les bijoutiers,LIFESTYLE,,0,10.0,100,Free,0.0,Everyone,Lifestyle,"July 24, 2018",1.00.33,4.1 and up
5689,Love Dance,GAME,4.0,29462,44.0,1000000,Free,0.0,Teen,Music,"June 14, 2018",1.1.7,4.0 and up
5690,mon guide au bank populaire -infos et instructions,FINANCE,,4,1.5,1000,Free,0.0,Teen,Finance,"June 13, 2018",2,2.3 and up
5692,Job'Of - Emploi au Cameroun,BUSINESS,4.1,294,9.8,10000,Free,0.0,Everyone,Business,"July 5, 2018",4.1.2,4.0 and up
5693,Mali 7 - Actualités au Mali,NEWS_AND_MAGAZINES,4.3,697,5.7,50000,Free,0.0,Everyone,News & Magazines,"April 8, 2017",2.4,4.1 and up
5694,Gâteau au yaourt,FOOD_AND_DRINK,,38,3.7,10000,Free,0.0,Everyone,Food & Drink,"June 9, 2018",1.1.2,4.0.3 and up
5697,Total AV,PRODUCTIVITY,3.4,617,46.0,100000,Free,0.0,Everyone,Productivity,"April 17, 2018",1.5.3,4.1 and up
5698,日本AV历史,BOOKS_AND_REFERENCE,4.1,215,30.0,10000,Free,0.0,Teen,Books & Reference,"March 6, 2018",1.2,4.0 and up
5699,AV Buddy Free,FAMILY,4.1,25,47.0,5000,Free,0.0,Everyone,Education,"March 8, 2017",1.2,4.1 and up
5700,AV HD Video Player,FAMILY,3.8,6,23.0,1000,Free,0.0,Everyone,Entertainment,"January 19, 2018",1,4.4 and up
5703,AV-IPTV,VIDEO_PLAYERS,4.4,43,44.0,1000,Free,0.0,Everyone,Video Players & Editors,"April 27, 2018",1,4.1 and up
5705,"HD Video Player (wmv,avi,mp4,flv,av,mpg,mkv)2017",VIDEO_PLAYERS,3.3,171,4.8,10000,Free,0.0,Everyone,Video Players & Editors,"August 10, 2017",1.1,4.1 and up
5706,Baby Monitor AV,COMMUNICATION,3.3,1434,9.5,100000,Free,0.0,Everyone,Communication,"March 6, 2014",1.2.5,2.3 and up
5707,HD Video Player - Video & MP3 Player | AV Player |,VIDEO_PLAYERS,4.4,22,19.0,5000,Free,0.0,Everyone,Video Players & Editors,"March 6, 2018",1.0.1,4.0 and up
5708,Remote for Onkyo AV Receivers & Smart TV/Blu-Ray,TOOLS,3.7,701,7.3,100000,Free,0.0,Everyone,Tools,"July 31, 2018",Cow V3.15,4.3 and up
5709,LG AV REMOTE,TOOLS,3.4,2420,1.8,1000000,Free,0.0,Everyone,Tools,"June 3, 2016",1.1.8,2.3.3 and up
5710,App Seguridad AV Villas,FINANCE,2.3,251,5.7,50000,Free,0.0,Everyone,Finance,"October 12, 2017",1.0.5,4.0 and up
5711,Gogo Vision (Biz Av),FAMILY,3.3,11,7.3,1000,Free,0.0,Teen,Entertainment,"August 23, 2017",3.4.0,4.1 and up
5713,AV Phone,COMMUNICATION,,4,3.7,1000,Free,0.0,Everyone,Communication,"July 9, 2018",2.1.9,5.1 and up
5715,AV Pro Voice Changer,FAMILY,3.5,174,5.6,50000,Free,0.0,Everyone,Entertainment,"June 29, 2016",1.0.3,4.0 and up
5716,Remote For Pioneer AV Receivers and Blu-Ray,TOOLS,3.4,150,7.3,50000,Free,0.0,Everyone,Tools,"June 1, 2018",Cow V3.11,4.1 and up
5717,AV Phonetics,FAMILY,4.3,259,49.0,10000,Free,0.0,Everyone,Education,"February 22, 2017",1.3.2,4.0 and up
5718,AV MAX,LIFESTYLE,4.1,9,8.7,1000,Free,0.0,Everyone,Lifestyle,"July 18, 2018",7.2.2,4.1 and up
5721,MyAV Remote for Denon & Marantz AV Receivers,LIFESTYLE,3.8,250,7.3,50000,Free,0.0,Everyone,Lifestyle,"July 31, 2018",Cow V3.15,4.3 and up
5722,EML UPnP-AV Control Point,VIDEO_PLAYERS,3.0,78,0.3,10000,Free,0.0,Everyone,Video Players & Editors,"September 19, 2013",1.3,1.6 and up
5723,Kinot & Eichah for Tisha B'Av,BOOKS_AND_REFERENCE,4.4,98,6.3,10000,Free,0.0,Everyone,Books & Reference,"August 4, 2014",1.5,2.2 and up
5724,Samsung TV AV Guide 2016,TOOLS,4.2,27,3.4,5000,Free,0.0,Everyone,Tools,"May 17, 2016",1.1.6,4.0.3 and up
5725,Professional AV Solution & Products information,PRODUCTIVITY,4.5,24,22.0,1000,Free,0.0,Everyone,Productivity,"July 12, 2017",2.0.1,4.2 and up
5726,AV High School District,FAMILY,3.5,91,25.0,10000,Free,0.0,Everyone,Education,"April 5, 2018",5.2.002,4.1 and up
5727,Bitdefender Antivirus Free,TOOLS,4.5,78629,6.3,1000000,Free,0.0,Everyone,Tools,"July 20, 2018",3.4.406,4.0.3 and up
5729,Kinot Tisha'a Be'av - Ashkenaz,LIFESTYLE,4.5,82,8.7,5000,Free,0.0,Everyone,Lifestyle,"July 26, 2015",2.1,2.3.3 and up
5730,AV Anthony's,FOOD_AND_DRINK,,0,10.0,50,Free,0.0,Everyone,Food & Drink,"July 11, 2018",1.0.136,6.0 and up
5733,Aw Restaurant,FAMILY,4.8,4,43.0,100,Free,0.0,Everyone,Casual,"February 6, 2018",1,4.0 and up
5735,AW Screen Recorder No Root,VIDEO_PLAYERS,4.3,1659,3.7,100000,Free,0.0,Everyone,Video Players & Editors,"July 6, 2017",1.1,5.0 and up
5736,A&W Restaurants,FOOD_AND_DRINK,1.7,14,13.0,1000,Free,0.0,Everyone,Food & Drink,"June 6, 2018",2.7.0,4.1 and up
5738,AW Tozer Devotionals - Daily,BOOKS_AND_REFERENCE,4.2,8,3.9,5000,Free,0.0,Everyone,Books & Reference,"October 7, 2016",1,2.3 and up
5740,Analog Clock AW Plus-7,TOOLS,4.2,725,3.0,100000,Free,0.0,Everyone,Tools,"March 14, 2018",2,4.3 and up
5741,Analog Clock AW-7,TOOLS,4.3,2158,3.0,100000,Free,0.0,Everyone,Tools,"March 7, 2018",2,4.3 and up
5743,Armored Warfare: Assault,GAME,4.0,7718,46.0,100000,Free,0.0,Everyone,Action,"August 2, 2018",1.0-a22936.127,5.0 and up
5744,Watch AW-7,TOOLS,4.2,249,3.0,50000,Free,0.0,Everyone,Tools,"March 17, 2018",2,4.3 and up
5745,AW TeamUp,NEWS_AND_MAGAZINES,4.6,9,17.0,500,Free,0.0,Everyone,News & Magazines,"June 4, 2018",1.0.3,4.1 and up
5747,AW Training,FAMILY,4.6,11,17.0,1000,Free,0.0,Everyone,Education,"July 5, 2018",3.3.2,4.0.3 and up
5748,Digital Clock AW-7,TOOLS,4.1,484,2.9,100000,Free,0.0,Everyone,Tools,"March 6, 2018",2,4.3 and up
5749,Analog and Digital Clock AW-7,TOOLS,4.0,202,2.9,50000,Free,0.0,Everyone,Tools,"March 15, 2018",2,4.3 and up
5750,AW Connect,FAMILY,,0,26.0,10,Free,0.0,Everyone,Education,"June 26, 2018",3.0.10,4.0.3 and up
5754,AW CAMERA,TOOLS,,2,24.0,100,Free,0.0,Everyone,Tools,"January 30, 2018",3.1.1,2.3 and up
5755,AW Browser with Chrome Custom Tabs,TOOLS,4.0,9,4.7,500,Free,0.0,Everyone,Tools,"May 17, 2018",2.7,6.0 and up
5757,AW Radio,FAMILY,,1,1.7,100,Free,0.0,Teen,Entertainment,"June 24, 2015",2,2.2 and up
5758,Roman Clock AW-7,TOOLS,4.4,52,3.0,5000,Free,0.0,Everyone,Tools,"March 17, 2018",2,4.3 and up
5759,Square Analog Clock AW-7,TOOLS,4.2,294,3.0,50000,Free,0.0,Everyone,Tools,"March 10, 2018",2,4.3 and up
5762,Handbreit by a.w.niemeyer,NEWS_AND_MAGAZINES,,21,36.0,1000,Free,0.0,Everyone,News & Magazines,"May 31, 2017",3.9.4,4.0.3 and up
5763,Tozer Devotional -Series 1,BOOKS_AND_REFERENCE,5.0,5,4.3,1000,Free,0.0,Everyone,Books & Reference,"October 8, 2016",1,2.3 and up
5765,HCP Anywhere,BUSINESS,4.7,114,8.6,5000,Free,0.0,Everyone,Business,"March 30, 2018",3.1.0.2,4.3 and up
5769,Advanced Warfare Guns,FAMILY,2.9,2079,5.6,100000,Free,0.0,Everyone,Entertainment,"June 6, 2015",1.2.2,3.0 and up
5771,News.aw,NEWS_AND_MAGAZINES,,1,1.0,10,Free,0.0,Everyone,News & Magazines,"July 15, 2015",1,2.2 and up
5775,The Pursuit of God,BOOKS_AND_REFERENCE,4.8,6,1.6,1000,Free,0.0,Everyone,Books & Reference,"February 14, 2017",5,3.0 and up
5776,Food-Aw - Order Food Online in Aruba,FOOD_AND_DRINK,5.0,1,24.0,100,Free,0.0,Everyone,Food & Drink,"April 5, 2018",10,4.1 and up
5780,Anime Expo 2018,FAMILY,4.7,54,44.0,10000,Free,0.0,Everyone,Entertainment,"June 8, 2018",2.1,5.0 and up
5781,Adventure Xpress,FAMILY,4.2,24775,30.0,100000,Free,0.0,Everyone 10+,Puzzle,"October 12, 2015",1.2.1,2.3.3 and up
5783,Dynamics AX,BUSINESS,3.7,244,1.0,10000,Free,0.0,Everyone,Business,"October 26, 2015",3.3,2.3.3 and up
5784,AX Player -Nougat Video Player,VIDEO_PLAYERS,4.1,15765,10.0,1000000,Free,0.0,Everyone,Video Players & Editors,"September 12, 2014",2,2.2 and up
5785,Armani Exchange Connected,LIFESTYLE,4.1,305,44.0,10000,Free,0.0,Everyone,Lifestyle,"July 4, 2017",1.5.0,4.4 and up
5786,Axe Champ,GAME,3.8,141,19.0,10000,Free,0.0,Everyone,Arcade,"May 26, 2018",1.0.6,4.1 and up
5787,AX Battery Saver,FINANCE,4.6,4546,3.0,100000,Free,0.0,Everyone,Finance,"February 8, 2018",1.2.3,4.0 and up
5788,Axe Champ Hit,GAME,,1,15.0,100,Free,0.0,Everyone,Arcade,"May 25, 2018",0.1,4.1 and up
5789,Axe Champion,GAME,4.4,21,15.0,5000,Free,0.0,Everyone,Arcade,"May 28, 2018",0.1,4.1 and up
5790,Vikings Stickman Axe Fighting,GAME,4.2,924,43.0,100000,Free,0.0,Everyone,Arcade,"October 21, 2017",1.5.2,3.0 and up
5791,AX Video Player,VIDEO_PLAYERS,4.4,569,2.6,50000,Free,0.0,Everyone,Video Players & Editors,"November 11, 2015",1.0.9,3.0 and up
5792,Katalogen.ax,COMMUNICATION,,1,0.2,100,Free,0.0,Everyone,Communication,"October 2, 2014",1.0.0,2.2 and up
5793,Axe,FAMILY,,18,24.0,1000,Free,0.0,Everyone,Simulation,"December 1, 2017",1,4.1 and up
5794,Axetatic - Axe Throwing Game,GAME,4.6,29,31.0,1000,Free,0.0,Everyone 10+,Arcade,"October 22, 2017",1.3.3,4.2 and up
5795,Axe Champs! Wars,GAME,5.0,8,25.0,50,Free,0.0,Everyone,Arcade,"June 26, 2018",1.1,4.1 and up
5796,Tips Microsoft Dynamics Ax,PRODUCTIVITY,,1,2.3,500,Free,0.0,Everyone,Productivity,"July 8, 2017",1,4.1 and up
5797,Axe Knight,GAME,4.5,52,33.0,5000,Free,0.0,Everyone,Action,"June 26, 2018",1.0.5,4.1 and up
5798,AX Timesheets App for Dynamics,BUSINESS,,0,9.0,10,Free,0.0,Everyone,Business,"February 15, 2018",1.0.5,4.4 and up
5799,Axxess AX-DSP,TOOLS,3.5,17,7.4,5000,Free,0.0,Everyone,Tools,"June 4, 2018",3_1,4.4 and up
5800,AX Window,TOOLS,,0,19.0,5,Free,0.0,Everyone,Tools,"October 10, 2017",1.0.2,4.3 and up
5801,Axxess Updater,TOOLS,3.9,56,2.3,10000,Free,0.0,Everyone,Tools,"December 19, 2016",1.3.2,3.1 and up
5802,The Vikings,GAME,4.4,15806,42.0,1000000,Free,0.0,Teen,Arcade,"June 6, 2018",1.0.7,4.1 and up
5805,Knife&Axe Throwing,GAME,3.1,440,9.1,50000,Free,0.0,Everyone,Arcade,"November 26, 2012",1.0.6,2.1 and up
5806,Stickman and Axe,GAME,4.4,69,2.8,50000,Free,0.0,Teen,Action,"November 25, 2017",1,4.0.3 and up
5807,Axe Throw: Flip Champ Axes Champion Throwing Games,GAME,,1,13.0,50,Free,0.0,Everyone,Arcade,"May 31, 2018",1.0.0,4.0 and up
5808,Q7 SmartWatch,HEALTH_AND_FITNESS,3.0,94,30.0,10000,Free,0.0,Everyone,Health & Fitness,"July 9, 2018",1.0.2,4.3 and up
5809,Workflow Approvals App AX 2012,BUSINESS,,2,3.0,100,Free,0.0,Everyone,Business,"July 12, 2018",1.6(3)-demo,4.0.3 and up
5810,Tips & Tricks Dynamics AX 365,PRODUCTIVITY,,1,2.2,100,Free,0.0,Everyone,Productivity,"July 14, 2017",1,4.0.3 and up
5811,Axe Man,GAME,3.7,53,14.0,1000,Free,0.0,Everyone,Adventure,"February 23, 2015",3,2.3.3 and up
5813,Throw Knife,FAMILY,3.7,291,37.0,100000,Free,0.0,Everyone,Simulation,"September 14, 2017",2.04,4.1 and up
5814,Dead Zombie Evil Killer:Axe,GAME,3.9,71,52.0,10000,Free,0.0,Teen,Action,"December 1, 2016",1.1,2.3 and up
5815,INTERACTIVE CALCULUS FOR MATHS AND PHYSICS,FAMILY,4.8,53,4.4,1000,Free,0.0,Everyone,Education,"February 28, 2018",1.3,4.0.3 and up
5817,AX!OM,LIFESTYLE,,5,28.0,50,Free,0.0,Everyone,Lifestyle,"February 16, 2017",1.3,4.1 and up
5818,Zlax.io Zombs Luv Ax,GAME,4.6,6344,32.0,500000,Free,0.0,Everyone,Action,"April 4, 2018",1.7,4.1 and up
5819,AX Selfie,LIFESTYLE,4.6,10,3.4,500,Free,0.0,Everyone,Lifestyle,"August 31, 2015",1.0.0,4.0 and up
5820,Ax 3 Domaines,SPORTS,4.5,12,23.0,1000,Free,0.0,Everyone,Sports,"January 26, 2018",5.0.3,4.2 and up
5822,Flippy Axe : Flip The Knife & Axe Simulator,GAME,5.0,7,15.0,100,Free,0.0,Everyone,Arcade,"September 27, 2017",1.1,4.2 and up
5825,Axe Wallpaper,PERSONALIZATION,4.7,9,12.0,100,Free,0.0,Teen,Personalization,"February 3, 2017",2.6,4.0 and up
5826,Woodman Deluxe,GAME,4.0,82,4.4,5000,Free,0.0,Everyone,Action,"July 6, 2015",1.0.2,2.3 and up
5827,Ay,VIDEO_PLAYERS,3.8,11,3.6,5000,Free,0.0,Teen,Video Players & Editors,"May 4, 2018",1.0.261,2.3 and up
5828,A-Y Collection,SHOPPING,5.0,2,2.9,100,Free,0.0,Teen,Shopping,"February 16, 2018",1.2,4.1 and up
5829,AY Sing,BOOKS_AND_REFERENCE,4.8,111,10.0,5000,Free,0.0,Everyone,Books & Reference,"May 21, 2018",1.6.2,4.1 and up
5830,Ay Up,FAMILY,4.5,11,7.2,100,Free,0.0,Everyone,Entertainment,"October 27, 2015",3.0.0,2.1 and up
5831,"AY Recorder - Screen Recorder, Live, Video Editor",TOOLS,4.3,12,3.8,500,Free,0.0,Everyone,Tools,"May 15, 2017",2.2,5.0 and up
5833,Ay Sabz Gunbad Waly,VIDEO_PLAYERS,,4,3.9,1000,Free,0.0,Everyone,Video Players & Editors,"September 11, 2017",1.1,4.0 and up
5835,25 Mins Ako ay may lobo Etc Pinoy Kid Song Offline,FAMILY,,0,42.0,10,Free,0.0,Mature 17+,Entertainment,"July 29, 2018",3,2.3 and up
5836,camera zoom moon,PHOTOGRAPHY,3.7,1213,1.1,500000,Free,0.0,Everyone,Photography,"January 23, 2018",1.06,2.3 and up
5837,Ako ay may lobo Pinoy Kid Song Offline,FAMILY,,0,9.7,1,Free,0.0,Mature 17+,Entertainment,"July 30, 2018",3,2.3 and up
5838,Ay Yıldız Analog Saat,PERSONALIZATION,,37,1.7,1000,Free,0.0,Everyone,Personalization,"July 21, 2016",1,4.1 and up
5839,Ay Telekom Oim,LIFESTYLE,,6,13.0,100,Free,0.0,Everyone,Lifestyle,"February 17, 2018",1.0.2,4.1 and up
5840,Holy Quran Mehmet Emin Ay,LIFESTYLE,,649,55.0,10000,Free,0.0,Everyone,Lifestyle,"March 14, 2017",1.3.1,4.0.3 and up
5841,Ay Yıldız Duvar Kağıtları,PERSONALIZATION,,3,6.5,100,Free,0.0,Everyone,Personalization,"December 10, 2017",1.0.0,4.3 and up
5842,Ay Hasnain k Nana Milad Naat,BOOKS_AND_REFERENCE,4.3,72,1.9,10000,Free,0.0,Everyone,Books & Reference,"December 21, 2015",1,2.3 and up
5843,Mehmet Emin Ay İlahileri,FAMILY,,0,5.1,10,Free,0.0,Everyone,Entertainment,"July 13, 2018",1,4.1 and up
5844,¡Ay Metro!,GAME,3.8,489,36.0,10000,Free,0.0,Everyone 10+,Arcade,"March 17, 2015",1.0.3.1,4.0 and up
5845,AY Oakmont,HEALTH_AND_FITNESS,,0,11.0,10,Free,0.0,Everyone,Health & Fitness,"July 9, 2018",4.2.2,4.1 and up
5848,Pinoy Kid Song Ako ay may Lobo,FAMILY,4.6,23,17.0,10000,Free,0.0,Everyone,Education,"September 12, 2016",1,2.2 and up
5850,Ay Mohabbat Teri Khatir Novel,BOOKS_AND_REFERENCE,4.2,27,4.3,10000,Free,0.0,Everyone,Books & Reference,"January 30, 2018",1,4.0 and up
5851,AY Recruitment,BUSINESS,,1,4.0,10,Free,0.0,Everyone,Business,"May 22, 2018",1.1.1,4.4 and up
5852,Quran Khmer Offline AY,FAMILY,5.0,41,4.0,1000,Free,0.0,Everyone,Education,"December 13, 2017",10.6,4.2 and up
5853,Ay Yıldız Keyboard,TOOLS,,26,3.0,1000,Free,0.0,Everyone,Tools,"May 23, 2018",1.2,4.4 and up
5854,AY EMLAK,BUSINESS,,8,1.2,10,Free,0.0,Teen,Business,"July 11, 2018",1,4.0.3 and up
5855,Ay Vamos - PJ. Balvin - Piano,GAME,,0,29.0,5,Free,0.0,Everyone,Arcade,"July 9, 2018",1,4.1 and up
5857,Ay Peruk,BUSINESS,,0,3.4,1,Free,0.0,Everyone,Business,"October 31, 2017",1.1.0,4.0 and up
5858,Sun & Moon AR Locator,WEATHER,3.3,115,5.1,10000,Free,0.0,Everyone,Weather,"February 23, 2017",1.4,4.1 and up
5859,Display Phone Screen On TV,TOOLS,3.6,9895,2.7,1000000,Free,0.0,Everyone,Tools,"February 3, 2017",2,4.2 and up
5870,AZ Browser. Private & Download,COMMUNICATION,4.4,1520,5.2,100000,Free,0.0,Everyone,Communication,"December 31, 2016",1.4,4.4 and up
5871,AZ Lottery Players Club,FAMILY,4.2,97,8.9,10000,Free,0.0,Everyone,Entertainment,"July 9, 2018",2.0.0(9),4.0.3 and up
5872,AZ Plugin 2 (newest),LIBRARIES_AND_DEMO,4.2,11087,34.0,1000000,Free,0.0,Everyone,Libraries & Demo,"March 16, 2017",4.1.4,5.0 and up
5873,Kids A-Z,FAMILY,4.2,26426,30.0,1000000,Free,0.0,Everyone,Education;Education,"August 2, 2018",4.1.0,4.4 and up
5874,AZ Camera - Manual Pro Cam,PHOTOGRAPHY,3.4,2332,1.6,100000,Free,0.0,Everyone,Photography,"August 28, 2015",2.2,5.0 and up
5875,A-Z App Store,PRODUCTIVITY,3.2,2728,4.4,500000,Free,0.0,Everyone,Productivity,"October 5, 2016",1.0.5,4.1 and up
5876,AZ Screen Recorder pro,TOOLS,4.0,60,3.7,5000,Free,0.0,Everyone,Tools,"March 19, 2018",1,5.0 and up
5877,Permit Test AZ Arizona MVD DOT,FAMILY,4.6,227,11.0,10000,Free,0.0,Everyone,Education,"October 12, 2017",2.9.0,4.1 and up
5878,AZ PLAYER HD,TOOLS,3.2,24,4.7,10000,Free,0.0,Everyone,Tools,"April 11, 2016",1,2.2 and up
5879,Long Realty AZ Home Search,LIFESTYLE,4.4,132,33.0,10000,Free,0.0,Everyone,Lifestyle,"March 6, 2018",5.805.180306,4.1 and up
5880,NB|AZ Mobile Banking,FINANCE,4.0,463,13.0,10000,Free,0.0,Everyone,Finance,"April 5, 2018",4.2.31,4.2 and up
5881,Movie Downloader Torrent : Az Torrent,VIDEO_PLAYERS,4.7,70,14.0,1000,Free,0.0,Everyone,Video Players & Editors,"July 7, 2018",1.9,4.1 and up
5882,A-Z Screen Recorder -,VIDEO_PLAYERS,,17,3.7,500,Free,0.0,Everyone,Video Players & Editors,"July 23, 2018",1,4.4 and up
5883,AZ Immune Related AEManagement,MEDICAL,3.7,3,7.3,500,Free,0.0,Everyone,Medical,"May 24, 2018",1.4,3.2 and up
5885,AZ Rockets,GAME,4.2,162,37.0,10000,Free,0.0,Everyone,Arcade,"May 25, 2018",1.2.1,4.1 and up
5886,NB|AZ Business Mobile Banking,FINANCE,4.1,44,13.0,1000,Free,0.0,Everyone,Finance,"April 5, 2018",4.2.31,4.2 and up
5887,Az Content,FAMILY,3.5,24,13.0,10000,Free,0.0,Everyone,Entertainment,"June 5, 2018",1.0.15,4.1 and up
5888,Catalyst AZ,FAMILY,4.8,12,8.4,500,Free,0.0,Teen,Education,"June 27, 2018",3.8.0,4.1 and up
5889,Casino AZ/Talking Stick Resort,TRAVEL_AND_LOCAL,4.3,201,45.0,10000,Free,0.0,Everyone,Travel & Local,"July 16, 2018",7.9.2.6,4.4 and up
5890,Graffiti Letters (A-Z),LIFESTYLE,3.9,386,7.9,50000,Free,0.0,Everyone,Lifestyle,"February 18, 2017",2.1.5,4.0 and up
5891,GPS.AZ,MAPS_AND_NAVIGATION,,30,4.2,1000,Free,0.0,Everyone,Maps & Navigation,"April 2, 2015",1.0.10,4.0 and up
5892,First Credit Union (AZ) Mobile,FINANCE,3.5,100,11.0,10000,Free,0.0,Everyone,Finance,"June 13, 2017",3.0.830,4.0 and up
5893,Arizona Mobile,FAMILY,4.3,285,6.2,10000,Free,0.0,Everyone,Education,"November 7, 2017",4.7,4.1 and up
5894,AZ Mobile Gizmo,BUSINESS,4.4,16,3.7,1000,Free,0.0,Everyone,Business,"April 2, 2018",3.4.4,4.2 and up
5895,Az Video Status,FAMILY,4.8,13,6.0,100,Free,0.0,Everyone,Entertainment,"August 2, 2018",1.0.4,4.1 and up
5896,"Arizona Statutes, ARS (AZ Law)",BOOKS_AND_REFERENCE,3.9,9,8.8,1000,Free,0.0,Everyone,Books & Reference,"October 18, 2017",1.6,4.4 and up
5897,Explore Sedona & Northern AZ,TRAVEL_AND_LOCAL,3.8,43,22.0,10000,Free,0.0,Everyone,Travel & Local,"March 7, 2017",16.51.1,2.3 and up
5898,Arizona DMV Permit Test - AZ,FAMILY,4.2,109,30.0,10000,Free,0.0,Everyone,Education,"February 15, 2018",6.0.3,4.4 and up
5899,Oxford A-Z of English Usage,BOOKS_AND_REFERENCE,4.0,5300,11.0,1000000,Free,0.0,Everyone,Books & Reference,"November 28, 2017",9.1.284,4.1 and up
5900,Cures A-Z,HEALTH_AND_FITNESS,4.0,265,4.1,100000,Free,0.0,Everyone,Health & Fitness,"August 13, 2015",2.1,3.0 and up
5901,AZ Practice Test & Questions,FAMILY,4.4,13,3.4,1000,Free,0.0,Everyone,Education,"March 23, 2017",1,2.3.3 and up
5902,Arizona Trail,TRAVEL_AND_LOCAL,4.7,65,13.0,5000,Free,0.0,Everyone,Travel & Local,"April 6, 2017",6.0.19,4.1 and up
5903,Ultrasound A-Z,FAMILY,4.5,112,39.0,10000,Free,0.0,Everyone,Education,"June 5, 2018",1.5,4.0 and up
5904,A-Z Punjabi Songs & Music Videos 2018,FAMILY,4.3,367,5.1,100000,Free,0.0,Everyone,Entertainment,"May 17, 2018",1.0.19,4.1 and up
5906,Barista Coffee Dictionary A-Z,LIFESTYLE,4.3,127,5.5,10000,Free,0.0,Everyone,Lifestyle,"June 3, 2016",3.0.0,4.1 and up
5907,Phoenix and Arizona Cameras,TRAVEL_AND_LOCAL,4.1,134,5.3,10000,Free,0.0,Everyone,Travel & Local,"June 20, 2018",6.3.4,4.0.3 and up
5908,AZ REMOTE CONTROL,TOOLS,2.1,149,2.8,50000,Free,0.0,Everyone,Tools,"March 28, 2016",1.9,3.2 and up
5913,BA4You,BUSINESS,2.1,87,26.0,5000,Free,0.0,Everyone,Business,"April 26, 2018",1.6.0.0,4.0 and up
5915,BA Calculator,PRODUCTIVITY,4.1,22,2.4,5000,Free,0.0,Everyone,Productivity,"July 22, 2018",1.2.1,4.0.3 and up
5916,ba,FAMILY,3.1,1734,5.8,500000,Free,0.0,Everyone,Strategy,"June 8, 2016",1.0.3,4.0 and up
5918,Experience BA,TRAVEL_AND_LOCAL,,6,17.0,100,Free,0.0,Everyone,Travel & Local,"June 27, 2018",2.2.0,4.1 and up
5919,Ba Cristi,GAME,3.5,196,35.0,10000,Free,0.0,Everyone,Adventure,"March 22, 2016",1.0.4,2.3 and up
5920,Ba ba black sheep offline Video,PARENTING,4.2,20,17.0,10000,Free,0.0,Everyone,Parenting,"July 2, 2017",1.1,4.0.3 and up
5921,BA SALES,COMMUNICATION,,0,2.9,1,Free,0.0,Everyone,Communication,"January 31, 2018",1,4.0.3 and up
5922,Goody.ba,FAMILY,4.7,303,42.0,10000,Free,0.0,Everyone,Entertainment,"July 22, 2018",2.0.5,4.1 and up
5923,BA Status,TRAVEL_AND_LOCAL,,0,5.1,100,Free,0.0,Everyone,Travel & Local,"August 13, 2016",1,4.0.3 and up
5925,BA Accesible,HEALTH_AND_FITNESS,,31,4.7,1000,Free,0.0,Everyone,Health & Fitness,"July 19, 2016",0.0.1,4.1 and up
5926,Learn alif ba ta,FAMILY,4.8,23,35.0,10000,Free,0.0,Everyone,Educational;Education,"November 28, 2017",1.0.2,2.3 and up
5928,Arabic Alif Ba Ta For Kids,FAMILY,4.5,226,26.0,100000,Free,0.0,Everyone,Education;Education,"May 30, 2017",1.0.0,2.3 and up
5929,Arabic Alphabet Alif Ba Ta Wooden Blocks,FAMILY,4.6,66,17.0,10000,Free,0.0,Everyone,Educational;Education,"February 25, 2018",1.0.0,2.3 and up
5931,Sufara.ba,FAMILY,4.9,285,25.0,10000,Free,0.0,Everyone,Education,"January 5, 2018",1.0.5,4.4 and up
5932,Elif Ba - Learn The Holy Quran,FAMILY,4.8,1491,38.0,50000,Free,0.0,Everyone,Education,"October 31, 2017",1.3,4.1 and up
5933,Instant Ba-dum-tss,FAMILY,4.0,13,2.0,1000,Free,0.0,Everyone,Entertainment,"September 23, 2015",1,1.6 and up
5934,Ba Zi Fortune,LIFESTYLE,3.9,592,2.5,100000,Free,0.0,Everyone,Lifestyle,"January 2, 2018",1.0.23,2.3 and up
5935,BA VPN - Free Unlimited VPN,FAMILY,4.1,181,9.2,10000,Free,0.0,Everyone,Entertainment,"June 14, 2018",1.2.1,5.0 and up
5936,Ba dum tss - Rimshot widget,COMICS,4.1,690,0.4,50000,Free,0.0,Everyone,Comics,"September 29, 2015",1.2.3,2.2 and up
5937,Alif Ba Ta Song - Arabic Kids,FAMILY,4.5,227,15.0,50000,Free,0.0,Everyone,Educational;Education,"February 24, 2018",1,2.3 and up
5938,Fitness Dance for Zum.ba Workout Exercise,HEALTH_AND_FITNESS,4.2,287,12.0,50000,Free,0.0,Everyone,Health & Fitness,"July 30, 2018",1.8,4.2 and up
5939,Cafe.ba,NEWS_AND_MAGAZINES,4.0,677,4.4,10000,Free,0.0,Everyone,News & Magazines,"June 7, 2017",5.5.2,4.0 and up
5940,058.ba,NEWS_AND_MAGAZINES,4.4,27,14.0,100,Free,0.0,Everyone,News & Magazines,"July 6, 2018",1,4.2 and up
5941,Loreal - BA Makeup,TOOLS,1.9,8,6.7,1000,Free,0.0,Everyone,Tools,"April 18, 2018",1.1.1,4.0.3 and up
5943,Poteau BA,FAMILY,,3,4.0,500,Free,0.0,Everyone,Education,"July 16, 2017",1.0.2,5.0 and up
5944,Elif Ba Oyunu,TOOLS,3.7,26,2.2,5000,Free,0.0,Everyone,Tools,"November 2, 2015",1.1,2.3 and up
5947,Klix.ba,NEWS_AND_MAGAZINES,4.0,3647,5.7,100000,Free,0.0,Everyone,News & Magazines,"February 25, 2017",4.1.1,4.0 and up
5949,Avios for Android,TRAVEL_AND_LOCAL,2.5,862,30.0,100000,Free,0.0,Everyone,Travel & Local,"April 10, 2018",7.8.0,5.0 and up
5951,BA 3 Banjarmasin,SOCIAL,,2,5.9,10,Free,0.0,Teen,Social,"July 28, 2018",1.0.1,4.4 and up
5953,Elifba Quran Learning Game,FAMILY,4.7,1424,19.0,100000,Free,0.0,Everyone,Educational,"June 7, 2018",2.2,4.1 and up
5956,"Survival Mobile:10,000 BC",FAMILY,4.3,7441,52.0,500000,Free,0.0,Everyone 10+,Strategy,"August 2, 2018",0.1.801,2.3 and up
5960,BC Connect,FAMILY,3.8,11,17.0,1000,Free,0.0,Everyone,Education,"March 14, 2018",2.6.12,4.1 and up
5962,BC Navigator,FAMILY,4.4,21,32.0,1000,Free,0.0,Everyone,Education,"May 10, 2018",3.2,4.0.3 and up
5963,BC Lotto Check,FAMILY,3.0,10,0.7,5000,Free,0.0,Everyone,Entertainment,"June 22, 2016",0.0.7,4.0.3 and up
5965,BC Liquor Stores,LIFESTYLE,3.7,492,4.3,50000,Free,0.0,Everyone,Lifestyle,"October 5, 2015",3.6,2.2 and up
5967,British Columbia Transit Info,MAPS_AND_NAVIGATION,,0,5.0,100,Free,0.0,Everyone 10+,Maps & Navigation,"February 19, 2016",3,2.2 and up
5968,BC Hospital Wait Times,MEDICAL,4.2,8,1.2,500,Free,0.0,Everyone,Medical,"January 19, 2016",1.2,4.1 and up
5969,"Town of Princeton, BC",PRODUCTIVITY,4.8,4,31.0,100,Free,0.0,Everyone,Productivity,"June 25, 2018",3.3.8,4.0 and up
5970,Explore British Columbia - BC Travel Guide,TRAVEL_AND_LOCAL,4.4,7,17.0,500,Free,0.0,Everyone,Travel & Local,"October 9, 2017",2.0.0,4.4W and up
5971,Bridge Constructor Stunts FREE,FAMILY,4.1,36151,46.0,1000000,Free,0.0,Everyone,Simulation,"April 22, 2017",2.7,3.2 and up
5972,BC's Pizza,LIFESTYLE,4.7,113,20.0,1000,Free,0.0,Everyone,Lifestyle,"September 30, 2016",3.0.0,4.0 and up
5974,BC Wildfire,TOOLS,3.3,27,5.0,5000,Free,0.0,Everyone,Tools,"May 31, 2018",10.1.0,5.0 and up
5975,BC Slots - The Lost Reels FREE,GAME,4.0,209,22.0,10000,Free,0.0,Teen,Casino,"July 13, 2018",7,4.0 and up
5976,BC Mobile Intro - Americas,LIFESTYLE,,0,3.1,50,Free,0.0,Everyone,Lifestyle,"June 21, 2018",4.1.0,4.0.3 and up
5979,BC Highways - Road Conditions,TRAVEL_AND_LOCAL,4.4,382,12.0,10000,Free,0.0,Everyone,Travel & Local,"February 1, 2018",2.1.3,5.0 and up
5980,BC Camera,PHOTOGRAPHY,4.2,5,5.5,500,Free,0.0,Everyone,Photography,"January 10, 2018",1,4.0.3 and up
5981,BC iptv player,VIDEO_PLAYERS,4.4,8,14.0,1000,Free,0.0,Everyone,Video Players & Editors,"October 12, 2017",Final,4.0 and up
5983,"Victoria, BC | Tour City",TRAVEL_AND_LOCAL,4.3,20,15.0,1000,Free,0.0,Everyone,Travel & Local,"August 2, 2016",1.7,4.0 and up
5986,BC Hockey,SPORTS,3.7,20,8.9,1000,Free,0.0,Everyone,Sports,"December 8, 2017",3.1,4.4 and up
5988,British Columbia Tourist Places (Guide),TRAVEL_AND_LOCAL,4.0,1,3.0,100,Free,0.0,Everyone,Travel & Local,"November 8, 2017",1,4.1 and up
5990,British Columbia License,FAMILY,3.3,14,11.0,1000,Free,0.0,Everyone,Education,"January 19, 2015",1.2,4.0 and up
5991,BC browser,BUSINESS,,1,3.4,100,Free,0.0,Everyone,Business,"January 17, 2018",1.1.0,4.0 and up
5992,PPCNP-BC Pocket Prep,MEDICAL,,3,12.0,50,Free,0.0,Everyone,Medical,"July 12, 2018",4.5.2,4.4 and up
5993,AP Calculus BC Practice Test,FAMILY,4.2,4,29.0,500,Free,0.0,Everyone,Education,"January 25, 2018",6.0.2,4.4 and up
5995,BC Pizza,LIFESTYLE,2.3,3,2.6,500,Free,0.0,Everyone,Lifestyle,"January 12, 2016",1,4.2 and up
5996,Railroad Radio Vancouver BC,FAMILY,5.0,4,1.7,100,Free,0.0,Teen,Entertainment,"June 28, 2015",1,2.2 and up
5997,AP Calculus BC: Practice Tests and Flashcards,FAMILY,3.6,5,5.4,1000,Free,0.0,Everyone,Education,"July 3, 2018",1.6.7.1,4.1 and up
6000,"BDCast - Bangla Live TV,Radio",FAMILY,4.4,7461,31.0,1000000,Free,0.0,Everyone,Entertainment,"May 20, 2018",4.2.1,4.1 and up
6001,bd's Mongolian Grill,LIFESTYLE,4.2,120,14.0,10000,Free,0.0,Everyone,Lifestyle,"February 23, 2018",1.5.1,4.1 and up
6002,BD Briight: Your Diabetes Personal Assistant,MEDICAL,4.8,17,37.0,5000,Free,0.0,Everyone,Medical,"July 19, 2018",1.5.0,5.0 and up
6003,Jagobd - Bangla TV(Official),FAMILY,4.3,39109,4.0,1000000,Free,0.0,Everyone,Entertainment,"December 20, 2017",6.5,4.0 and up
6005,BD Data Plan (3G & 4G),COMMUNICATION,4.4,10341,6.9,500000,Free,0.0,Everyone,Communication,"July 5, 2018",5.2.4,4.1 and up
6006,বাংলা টিভি প্রো BD Bangla TV,FAMILY,4.3,193,14.0,10000,Free,0.0,Everyone,Entertainment,"April 29, 2017",1.3,4.0 and up
6007,BD tools,TOOLS,4.0,21,0.2,10000,Free,0.0,Everyone,Tools,"December 18, 2015",6.1,4.2 and up
6008,BD Provider App,HEALTH_AND_FITNESS,1.4,45,13.0,5000,Free,0.0,Everyone,Health & Fitness,"September 12, 2016",1,4.1 and up
6009,"Izneo, Read Manga, Comics & BD",COMICS,3.3,1476,18.0,500000,Free,0.0,Teen,Comics,"June 11, 2018",7.3,4.0 and up
6010,BD Radio TV Free List,FAMILY,4.3,539,13.0,50000,Free,0.0,Everyone,Entertainment,"August 1, 2018",1.3,4.2 and up
6011,BD Simplist Through Their Eyes,FAMILY,,1,38.0,10,Free,0.0,Everyone,Simulation,"December 4, 2015",1,4.1 and up
6012,BD Online News,NEWS_AND_MAGAZINES,4.6,30,3.8,1000,Free,0.0,Everyone,News & Magazines,"March 20, 2018",1.5,4.0.3 and up
6013,BD Bank Interest,FINANCE,4.7,289,3.2,5000,Free,0.0,Everyone,Finance,"May 4, 2018",1.2,4.1 and up
6014,BD Earn Pro,FAMILY,4.2,540,3.2,10000,Free,0.0,Everyone,Entertainment,"August 1, 2018",2.4,4.1 and up
6015,Comics Reader,COMICS,3.9,4496,0.6,100000,Free,0.0,Everyone,Comics,"October 29, 2017",2.3.216,2.3 and up
6016,Upohar BD,BUSINESS,3.4,9,1.7,1000,Free,0.0,Everyone,Business,"October 8, 2016",1,3.0 and up
6017,Electricity Bill Calculator BD,PRODUCTIVITY,4.3,247,4.0,10000,Free,0.0,Everyone,Productivity,"June 22, 2016",1.2,4.0.3 and up
6018,BD Fishpedia,BOOKS_AND_REFERENCE,4.8,123,6.5,1000,Free,0.0,Everyone,Books & Reference,"March 15, 2017",3.15317,3.0 and up
6019,BD Attendance,PRODUCTIVITY,4.8,93,14.0,1000,Free,0.0,Everyone,Productivity,"July 17, 2018",2.3.14,4.3 and up
6020,BD All Sim Offer,BOOKS_AND_REFERENCE,4.5,197,2.8,10000,Free,0.0,Everyone,Books & Reference,"January 3, 2017",1.2,4.1 and up
6021,BD TYCOON,FAMILY,3.3,16,33.0,500,Free,0.0,Everyone,Simulation,"July 6, 2017",1.2,4.1 and up
6022,BD Sports Box & TV,FAMILY,4.2,5,3.3,500,Free,0.0,Everyone,Entertainment,"April 13, 2018",1.1,4.0.3 and up
6023,Tour BD (Bahir Dar Map),MAPS_AND_NAVIGATION,4.9,49,3.9,100,Free,0.0,Everyone,Maps & Navigation,"October 16, 2017",2,4.2 and up
6024,BD Field Force,PRODUCTIVITY,4.2,41,15.0,1000,Free,0.0,Everyone,Productivity,"August 1, 2018",1.3.13,4.3 and up
6025,BD CRICKET LIVE,SPORTS,4.6,1238,9.5,100000,Free,0.0,Everyone,Sports,"January 15, 2018",3,4.0.3 and up
6026,BD All Results,FAMILY,4.1,205,7.3,50000,Free,0.0,Everyone,Education,"November 29, 2017",9,4.0.3 and up
6027,BD Online Passport Application,FAMILY,4.6,12,2.4,5000,Free,0.0,Everyone,Education,"October 7, 2017",3,4.0.3 and up
6028,BD Internet Packages (Updated),COMMUNICATION,4.0,474,3.0,50000,Free,0.0,Everyone,Communication,"August 5, 2016",0.0.5,4.0 and up
6029,Live Radio BD,FAMILY,4.2,69,3.5,10000,Free,0.0,Everyone,Entertainment,"May 4, 2015",1.1,4.0 and up
6030,iCard BD Plus,SOCIAL,5.0,2,2.4,500,Free,0.0,Everyone,Social,"July 15, 2016",3.7.5,2.0 and up
6031,BD Dialer,COMMUNICATION,4.1,29,13.0,10000,Free,0.0,Everyone,Communication,"July 9, 2018",1.8.3,4.1 and up
6033,BANGLA TV 3G/4G,SPORTS,4.1,142,5.3,100000,Free,0.0,Everyone,Sports,"June 7, 2018",2.4,4.0 and up
6034,Earn Money BD,FINANCE,3.8,103,6.9,5000,Free,0.0,Everyone,Finance,"July 11, 2018",3.4,4.0 and up
6035,BD Hospital's,FAMILY,4.7,12,2.3,100,Free,0.0,Everyone,Education,"October 7, 2015",1.1,3.0 and up
6036,Rabbithole,FAMILY,3.5,3347,15.0,100000,Free,0.0,Everyone,Entertainment,"July 18, 2018",1.1.15.12,4.4 and up
6037,Educationboard Results BD,FAMILY,4.0,983,7.2,100000,Free,0.0,Everyone,Education,"June 12, 2018",1,4.0 and up
6038,BD Online Shop,BUSINESS,4.2,63,13.0,5000,Free,0.0,Everyone,Business,"September 13, 2015",3.0.1,2.3.3 and up
6039,Remote for Samsung TV & BluRay Players (Read Desc),TOOLS,3.3,1988,7.3,500000,Free,0.0,Everyone,Tools,"August 3, 2018",Cow V3.15,4.3 and up
6040,Vehicle Case Checker BD,TOOLS,3.7,29,3.3,10000,Free,0.0,Everyone,Tools,"July 13, 2017",1,4.1 and up
6041,Remote for Sony TV & Sony Blu-Ray Players MyAV,TOOLS,3.4,3491,7.3,1000000,Free,0.0,Everyone,Tools,"July 31, 2018",Cow V3.15,4.3 and up
6042,Remote for Panasonic TV+BD+AVR,TOOLS,3.7,533,7.3,100000,Free,0.0,Everyone,Tools,"July 31, 2018",Cow V3.15,4.3 and up
6043,Exam Result BD,FAMILY,5.0,2,2.6,500,Free,0.0,Everyone,Education,"July 22, 2017",1,3.2 and up
6044,BD Live Call,COMMUNICATION,4.4,7,0.3,5000,Free,0.0,Everyone,Communication,"September 6, 2016",1.01,2.0 and up
6045,Helping BD,LIFESTYLE,5.0,15,4.5,100,Free,0.0,Everyone,Lifestyle,"June 19, 2018",2.1,4.0.3 and up
6046,Best Browser BD social networking,COMMUNICATION,4.8,6,21.0,10,Free,0.0,Everyone,Communication,"July 4, 2018",2,4.1 and up
6047,Traffic signs BD,COMMUNICATION,4.4,7,5.3,500,Free,0.0,Everyone,Communication,"October 8, 2015",1,4.1 and up
6048,BD Internet Package Activator,NEWS_AND_MAGAZINES,4.9,13,2.3,100,Free,0.0,Everyone,News & Magazines,"March 9, 2018",1.2,4.0.3 and up
6049,be Produbanco,FINANCE,4.0,967,22.0,100000,Free,0.0,Everyone,Finance,"August 2, 2018",1.2.1,4.1 and up
6050,Millionaire : Who want to be?,GAME,4.4,4396,40.0,100000,Free,0.0,Everyone,Trivia,"April 12, 2017",1.5,2.3 and up
6052,Be My Eyes - Helping the blind,LIFESTYLE,4.9,8418,21.0,500000,Free,0.0,Everyone,Lifestyle,"July 11, 2018",1.2.9,4.4 and up
6053,Be My Princess: PARTY,FAMILY,4.4,9443,21.0,100000,Free,0.0,Teen,Simulation,"December 12, 2016",1.8.0,4.0.3 and up
6055,Movement BE,SOCIAL,5.0,20,1.2,100,Free,0.0,Teen,Social,"November 10, 2016",1.2,4.4 and up
6057,Be My Love Animated Keyboard,PERSONALIZATION,4.6,838,11.0,50000,Free,0.0,Teen,Personalization,"March 30, 2018",1.7,4.1 and up
6058,Be My Princess 2,FAMILY,4.3,2806,27.0,100000,Free,0.0,Teen,Entertainment,"March 20, 2018",3.6,2.3 and up
6060,Be the Manager 2018 - Football Strategy,SPORTS,4.3,7557,7.4,100000,Free,0.0,Everyone,Sports,"March 12, 2018",2.2.1,4.2 and up
6061,Be like Me - Hay Nhu Toi,PERSONALIZATION,4.3,44,3.5,1000,Free,0.0,Teen,Personalization,"May 26, 2016",1.3,4.0 and up
6062,Be Fabulous PHOTO BOOTH,PHOTOGRAPHY,4.1,560,1.7,10000,Free,0.0,Everyone,Photography,"February 1, 2017",1.07,4.0 and up
6064,Be My Princess,FAMILY,4.2,3103,8.8,100000,Free,0.0,Teen,Entertainment,"September 19, 2017",6.5,2.2 and up
6065,Fat No More - Be the Biggest Loser in the Gym!,FAMILY,3.8,48545,38.0,1000000,Free,0.0,Everyone,Casual,"August 3, 2018",1.2.14,4.1 and up
6066,Be Like Bill - Maker,FAMILY,4.3,18,1.7,1000,Free,0.0,Everyone,Entertainment,"January 27, 2016",1.2,3.2 and up
6069,Be the Manager 2016 (football),SPORTS,4.2,4330,6.1,100000,Free,0.0,Everyone,Sports,"October 19, 2017",3,4.0 and up
6072,Make your Be Like Bill,COMICS,4.0,78,2.8,5000,Free,0.0,Everyone,Comics,"January 16, 2016",1,2.3 and up
6073,Be like Bill Generator,FAMILY,4.2,67,6.5,5000,Free,0.0,Teen,Entertainment,"January 29, 2016",1.08,4.0.3 and up
6074,Be you GO Launcher Theme,PERSONALIZATION,4.3,1580,3.6,100000,Free,0.0,Everyone,Personalization,"November 12, 2014",v1.0,2.3 and up
6076,Be Like Bro - Compilation,FAMILY,4.4,146,3.9,10000,Free,0.0,Teen,Entertainment,"March 30, 2018",2.4,4.1 and up
6078,YAY - TBH,SOCIAL,4.1,2520,12.0,100000,Free,0.0,Teen,Social,"November 17, 2017",1.1.5,4.3 and up
6081,Beauty Idol: Fashion Queen,GAME,4.3,128367,54.0,1000000,Free,0.0,Everyone,Arcade,"October 27, 2017",2.1.0,4.0.3 and up
6083,OK K.O.! Lakewood Plaza Turbo,FAMILY,4.5,76608,24.0,1000000,Free,0.0,Everyone 10+,Action;Action & Adventure,"January 5, 2017",1.3.1,4.0 and up
6085,She Will Be Loved Lyrics,FAMILY,,2,0.7,100,Free,0.0,Everyone,Entertainment,"March 1, 2016",1,2.1 and up
6089,BF at Sea Refueled,GAME,4.4,1849,37.0,10000,Free,0.0,Everyone,Board,"October 20, 2015",1.1.8,2.3.3 and up
6090,BF Movies Fun,FAMILY,3.8,63,3.7,10000,Free,0.0,Teen,Entertainment,"April 7, 2018",1,2.3.3 and up
6091,BF Browser by Betfilter - Stop Gambling Today!,COMMUNICATION,3.0,39,4.6,10000,Free,0.0,Everyone,Communication,"September 4, 2017",1.4,4.0.3 and up
6092,My BF App,COMMUNICATION,4.1,141,9.9,50000,Free,0.0,Everyone,Communication,"December 19, 2017",2,4.0 and up
6093,Funny videos for whatsapp,VIDEO_PLAYERS,4.4,3066,9.0,1000000,Free,0.0,Everyone,Video Players & Editors,"December 17, 2017",1.7,4.0.3 and up
6094,BF games,FAMILY,4.1,262,29.0,50000,Free,0.0,Everyone,Puzzle,"November 1, 2017",1.1,4.0.3 and up
6095,BF 3d Wallpapers,FAMILY,4.1,256,2.5,100000,Free,0.0,Teen,Entertainment,"June 18, 2015",4.7,3.0 and up
6098,GF - BF Chat Stories - Hindi English Convesation,FAMILY,4.1,32,4.1,10000,Free,0.0,Everyone,Education,"June 18, 2018",1.5,4.1 and up
6099,BF Scale Health Fitness Tool,HEALTH_AND_FITNESS,2.2,19,9.6,1000,Free,0.0,Everyone,Health & Fitness,"November 29, 2017",2.1,4.3 and up
6100,BF-Calc,TOOLS,3.9,428,3.8,100000,Free,0.0,Everyone,Tools,"March 31, 2015",1.2.5,2.3.3 and up
6101,BF 4 Guns,FAMILY,4.0,1542,13.0,50000,Free,0.0,Everyone,Entertainment,"June 9, 2015",3,3.0 and up
6105,"Women""s Health Tips(Breast,Face,Body,weight lose)",HEALTH_AND_FITNESS,4.2,2509,5.0,1000000,Free,0.0,Mature 17+,Health & Fitness,"April 20, 2018",1.8,4.1 and up
6107,BF Beautiful Nature,FAMILY,3.6,5,2.5,1000,Free,0.0,Mature 17+,Entertainment,"June 11, 2015",4.1,3.0 and up
6108,BF 3d Images,FAMILY,4.3,19,2.5,1000,Free,0.0,Teen,Entertainment,"June 17, 2015",4.5,3.0 and up
6109,Jigsaw Puzzles Bus Scania BF,FAMILY,,3,6.6,1000,Free,0.0,Teen,Puzzle,"November 7, 2016",1,4.0 and up
6110,BF 3d View Wallpapers,FAMILY,,4,2.5,1000,Free,0.0,Teen,Entertainment,"June 18, 2015",4.6,3.0 and up
6111,Hot Bhojpuri Video Song 2018 - Free Movies,FAMILY,4.4,447,3.7,100000,Free,0.0,Mature 17+,Entertainment,"April 4, 2018",1,4.2 and up
6112,Body Scanner xray Real Camera Prank Entertaintment,FAMILY,2.6,17,4.6,5000,Free,0.0,Everyone,Entertainment,"May 5, 2018",1,2.3 and up
6114,Bf Light,BUSINESS,,6,11.0,1000,Free,0.0,Everyone,Business,"February 9, 2017",1,4.1 and up
6116,BF Abstract 3d Pictures,FAMILY,4.2,72,2.5,10000,Free,0.0,Teen,Entertainment,"June 18, 2015",5.1,3.0 and up
6117,CE BF,LIFESTYLE,,0,24.0,50,Free,0.0,Everyone,Lifestyle,"January 2, 2018",1.0.1,4.1 and up
6118,Freedom Christian BF,LIFESTYLE,,0,12.0,10,Free,0.0,Everyone,Lifestyle,"February 22, 2016",1,4.0.3 and up
6119,Random Love (BF),FAMILY,3.7,3,10.0,50,Free,0.0,Everyone,Entertainment,"October 4, 2015",1.0.0,2.2 and up
6121,Virtual Boyfriend Chat,FAMILY,2.4,407,0.3,50000,Free,0.0,Mature 17+,Entertainment,"April 11, 2017",1,2.2 and up
6122,BF Family user,BUSINESS,,8,26.0,100,Free,0.0,Everyone,Business,"February 1, 2018",0.0.9,4.1 and up
6123,Talking Boyfriend,FAMILY,2.9,1073,2.8,100000,Free,0.0,Everyone,Entertainment,"August 28, 2016",1.1,2.3.3 and up
6124,Faketalk - Chatbot,GAME,4.2,63056,8.1,1000000,Free,0.0,Teen,Word,"July 3, 2018",1.9.7,2.3 and up
6125,XXX DISTILLERY,BUSINESS,4.2,509,3.2,100000,Free,0.0,Everyone,Business,"August 2, 2017",1.1.0,4.0 and up
6126,Cute Questions BF,LIFESTYLE,4.0,3,3.3,1000,Free,0.0,Everyone,Lifestyle,"June 2, 2018",3.0.0,4.4 and up
6127,BG Score,SPORTS,2.6,64,1.6,10000,Free,0.0,Everyone,Sports,"July 26, 2017",2.1,4.0.3 and up
6128,BG Advisor™,TOOLS,4.4,7,5.6,1000,Free,0.0,Everyone,Tools,"January 10, 2017",1.3,4.0.3 and up
6129,BG Products,AUTO_AND_VEHICLES,4.8,4,4.5,500,Free,0.0,Everyone,Auto & Vehicles,"November 28, 2017",1.3,5.0 and up
6130,BG LINKED (BGLINKED),SOCIAL,4.7,22,11.0,1000,Free,0.0,Everyone,Social,"January 19, 2018",v2.0.02_prod,4.1 and up
6131,BG Monitor Diabetes,MEDICAL,4.4,643,2.8,10000,Free,0.0,Everyone,Medical,"April 23, 2017",8.0.1,4.4 and up
6133,HTC Sense Input-BG,TOOLS,2.7,198,2.8,100000,Free,0.0,Everyone,Tools,"April 22, 2014",9.7.753080,4.1 and up
6134,Photo BG Changer,PHOTOGRAPHY,3.8,11,17.0,1000,Free,0.0,Everyone,Photography,"February 21, 2018",1.3,4.1 and up
6135,BG TV App,FAMILY,1.7,6,2.9,100,Free,0.0,Everyone,Entertainment,"December 21, 2017",1,4.1 and up
6136,BG BRIDAL GALLERY,LIFESTYLE,4.6,17,19.0,1000,Free,0.0,Everyone,Lifestyle,"June 27, 2018",2.1.1,4.4 and up
6137,HTC Sense Input - BG,TOOLS,3.3,218,4.1,10000,Free,0.0,Everyone,Tools,"November 9, 2015",1.0.606877,5.0 and up
6138,BG Editor,PHOTOGRAPHY,,0,8.4,5,Free,0.0,Everyone,Photography,"July 23, 2018",1.2,4.1 and up
6139,BG Sports News,NEWS_AND_MAGAZINES,,41,5.0,1000,Free,0.0,Everyone,News & Magazines,"February 9, 2016",1.0.0,3.0 and up
6141,Bg TV Online,FAMILY,2.3,50,2.8,10000,Free,0.0,Everyone,Entertainment,"October 21, 2017",1.2,4.1 and up
6143,Zdravei.BG,SOCIAL,,6,6.1,1000,Free,0.0,Mature 17+,Social,"January 8, 2018",3.7.17,4.1 and up
6144,BG+Phone Backup,PRODUCTIVITY,4.8,16,2.6,1000,Free,0.0,Everyone,Productivity,"February 17, 2017",1.0.3,2.3 and up
6145,BGKontakti London BG Kontakti,SOCIAL,,4,8.9,500,Free,0.0,Everyone,Social,"March 23, 2017",1.2,3.0 and up
6146,ReactNative BG Geolocation,TOOLS,5.0,5,9.1,1000,Free,0.0,Everyone,Tools,"May 25, 2018",2.12.0,4.1 and up
6147,BG TV Stations,FAMILY,,0,2.9,100,Free,0.0,Everyone,Entertainment,"February 10, 2018",1,4.1 and up
6148,BG video - floating video - background video,VIDEO_PLAYERS,4.1,64,2.0,5000,Free,0.0,Everyone,Video Players & Editors,"May 21, 2018",2,4.0 and up
6149,BG TV Program,FAMILY,,1,2.8,100,Free,0.0,Everyone,Entertainment,"April 22, 2018",1,4.1 and up
6150,BG Cable TV,FAMILY,,5,2.8,1000,Free,0.0,Everyone,Entertainment,"February 25, 2018",1,4.1 and up
6151,BG Middle East,AUTO_AND_VEHICLES,,1,9.4,10,Free,0.0,Everyone,Auto & Vehicles,"December 20, 2017",1.1,4.0 and up
6152,Blender BG - Photo Blend With Background,PHOTOGRAPHY,,0,7.8,100,Free,0.0,Everyone,Photography,"September 20, 2017",1,4.2 and up
6153,BG MUSIC PLAYER - MUSIC PLAYER,VIDEO_PLAYERS,,0,8.6,100,Free,0.0,Everyone,Video Players & Editors,"June 26, 2018",1,4.1 and up
6155,BG Future School,FAMILY,4.9,16,10.0,100,Free,0.0,Everyone,Education,"July 22, 2017",1,4.0.3 and up
6157,Simple Photo BG Changer,TOOLS,,1,5.1,10,Free,0.0,Everyone,Tools,"June 8, 2018",1,2.3 and up
6158,BGKontakti Bayern BG Kontakti,SOCIAL,,32,7.8,1000,Free,0.0,Everyone,Social,"May 25, 2016",1.6,3.0 and up
6159,BGKontakti Vienna BG Kontakti,SOCIAL,4.8,111,5.9,1000,Free,0.0,Everyone,Social,"July 18, 2018",2.42,4.1 and up
6160,CARS.bg,AUTO_AND_VEHICLES,4.5,276,1.7,100000,Free,0.0,Everyone,Auto & Vehicles,"July 5, 2017",1.1.3,4.4 and up
6162,BG Torneos,SPORTS,,7,2.3,100,Free,0.0,Everyone,Sports,"June 13, 2018",2.0.0,4.1 and up
6163,YourTube Video Views BG,VIDEO_PLAYERS,,8,2.5,500,Free,0.0,Everyone,Video Players & Editors,"November 12, 2015",1.1.1,4.0 and up
6164,BG Television,FAMILY,,3,2.8,500,Free,0.0,Everyone,Entertainment,"December 10, 2017",1,4.1 and up
6165,Cъновник BG,BOOKS_AND_REFERENCE,,13,4.1,1000,Free,0.0,Everyone,Books & Reference,"January 21, 2017",250,4.0 and up
6166,Auto Background Changer,PHOTOGRAPHY,4.0,35188,6.2,1000000,Free,0.0,Everyone,Photography,"February 22, 2018",1.0.11,3.2 and up
6167,Block Gun 3D: Call of Destiny,GAME,3.7,31883,20.0,1000000,Free,0.0,Teen,Action,"March 23, 2017",1.4.3,2.3 and up
6168,BG Remover & Eraser Pro,TOOLS,2.2,4,4.8,500,Free,0.0,Everyone,Tools,"April 3, 2018",3,2.3 and up
6170,BG Cricket,SPORTS,,6,24.0,500,Free,0.0,Everyone,Sports,"June 14, 2018",2.4.4,4.2 and up
6171,BG Guide,TRAVEL_AND_LOCAL,5.0,3,2.4,100,Free,0.0,Everyone,Travel & Local,"November 28, 2016",1.1,2.3.3 and up
6172,Bg Radios - Bulgarian radio stations online,FAMILY,,8,13.0,1000,Free,0.0,Everyone,Entertainment,"July 13, 2018",1.3.2,4.1 and up
6174,BG-FLEET,TOOLS,,0,1.8,10,Free,0.0,Everyone,Tools,"July 30, 2018",1,4.0.3 and up
6175,trip.bg,TRAVEL_AND_LOCAL,4.5,103,9.8,1000,Free,0.0,Everyone,Travel & Local,"July 30, 2018",8.2.0,4.0.3 and up
6176,Dete.bg,NEWS_AND_MAGAZINES,,0,29.0,100,Free,0.0,Everyone,News & Magazines,"June 12, 2017",1.2,4.1 and up
6177,BLOOD & GLORY: IMMORTALS,GAME,4.3,101762,11.0,1000000,Free,0.0,Teen,Action,"June 11, 2015",2.0.0,3.0 and up
6182,ePazar.bg,SHOPPING,,28,2.1,1000,Free,0.0,Everyone,Shopping,"January 7, 2017",3,3.0 and up
6183,Revita.bg,HEALTH_AND_FITNESS,4.8,10,4.0,10,Free,0.0,Everyone,Health & Fitness,"June 13, 2018",3.55,4.0 and up
6185,ePay.bg,FINANCE,4.4,2017,2.4,100000,Free,0.0,Everyone,Finance,"July 26, 2018",2.22,4.1 and up
6186,Top Novini BG,NEWS_AND_MAGAZINES,,2,2.9,100,Free,0.0,Everyone,News & Magazines,"June 14, 2016",1.2,4.1 and up
6188,"Music for Youtube - Tube Music BG, Red+",VIDEO_PLAYERS,4.3,47,8.7,1000,Free,0.0,Teen,Video Players & Editors,"September 23, 2017",1.1,4.2 and up
6189,Bg+ Call Blocker,TOOLS,4.3,80,1.7,10000,Free,0.0,Everyone,Tools,"March 20, 2018",1.2,4.0 and up
6190,BG Blurry HD Wallpapers,FAMILY,,1,5.1,10,Free,0.0,Everyone,Entertainment,"March 12, 2018",1.0.0.1,4.0 and up
6191,Background Changer & Eraser,PHOTOGRAPHY,4.0,2076,11.0,500000,Free,0.0,Teen,Photography,"May 21, 2018",2.5,4.1 and up
6192,Stolica.bg,NEWS_AND_MAGAZINES,,1,1.3,50,Free,0.0,Everyone,News & Magazines,"May 2, 2018",1.1,5.0 and up
6193,Cut Out : Background Eraser and background changer,PHOTOGRAPHY,4.1,7118,9.2,1000000,Free,0.0,Everyone,Photography,"June 29, 2018",1.6,4.0 and up
6196,BGCN TV,VIDEO_PLAYERS,3.4,4334,4.9,100000,Free,0.0,Everyone,Video Players & Editors,"November 4, 2015",3.1.891,Varies with device
6197,ScorePal,TOOLS,4.5,1439,15.0,10000,Free,0.0,Everyone,Tools,"July 9, 2018",2.10.7,4.3 and up
6199,BG Burger,FOOD_AND_DRINK,,1,19.0,10,Free,0.0,Everyone,Food & Drink,"March 29, 2017",1,4.1 and up
6200,JOBS.bg,BUSINESS,4.4,1630,2.2,100000,Free,0.0,Everyone,Business,"August 22, 2017",3.1.0,4.4 and up
6204,Blood Glucose Tracker,HEALTH_AND_FITNESS,4.6,9612,3.5,100000,Free,0.0,Everyone,Health & Fitness,"May 18, 2018",1.8.12,4.4 and up
6208,N+ News Bulgaria,NEWS_AND_MAGAZINES,,2,10.0,50,Free,0.0,Everyone,News & Magazines,"August 2, 2017",1,4.0 and up
6209,Remix Second Hand,SHOPPING,4.2,867,7.5,100000,Free,0.0,Everyone,Shopping,"August 2, 2018",1.5.8,4.4 and up
6210,Ultimate Background Eraser,PHOTOGRAPHY,4.3,14453,21.0,1000000,Free,0.0,Everyone,Photography,"March 13, 2018",1.9,4.1 and up
6211,OnTrack Diabetes,MEDICAL,4.3,6079,1.8,500000,Free,0.0,Everyone,Medical,"January 17, 2018",3.2.7,2.1 and up
6213,ALL-IN-ONE PACKAGE TRACKING,PRODUCTIVITY,4.7,167406,18.0,1000000,Free,0.0,Everyone,Productivity,"July 23, 2018",3.1.1281,4.0.3 and up
6216,Grabo.bg,SHOPPING,4.6,8175,3.2,100000,Free,0.0,Everyone,Shopping,"April 5, 2018",3.2.3,4.0.3 and up
6218,GEM™,TOOLS,4.3,6,33.0,500,Free,0.0,Everyone,Tools,"July 23, 2018",1.93,5.0 and up
6219,Diabetes Connect,MEDICAL,4.5,4027,8.4,100000,Free,0.0,Everyone,Medical,"October 10, 2017",2.4.1,4.0 and up
6220,B&H Photo Video Pro Audio,SHOPPING,4.6,17180,31.0,1000000,Free,0.0,Everyone,Shopping,"August 3, 2018",5.3.1,4.4 and up
6221,BH by Kinomap,HEALTH_AND_FITNESS,2.9,141,22.0,10000,Free,0.0,Everyone,Health & Fitness,"July 30, 2018",3.2.9,4.1 and up
6222,BH Cosmetics,BEAUTY,4.0,2,3.6,1000,Free,0.0,Everyone,Beauty,"May 29, 2018",1,4.0 and up
6223,BH Bikes Premium,SPORTS,3.0,26,15.0,1000,Free,0.0,Everyone,Sports,"May 9, 2017",2.1.1,5.0 and up
6224,B&H Kids AR,BOOKS_AND_REFERENCE,3.9,286,18.0,10000,Free,0.0,Everyone,Books & Reference,"September 29, 2017",3.2.5,4.0 and up
6225,BH Bikes GPS Locator,SPORTS,,0,10.0,10,Free,0.0,Everyone,Sports,"July 19, 2018",1,5.0 and up
6226,BH Patrole,AUTO_AND_VEHICLES,4.8,27,2.5,500,Free,0.0,Everyone,Auto & Vehicles,"February 15, 2018",2,4.4 and up
6227,CINEMA.BH,FAMILY,3.9,11,16.0,1000,Free,0.0,Everyone,Entertainment,"January 30, 2018",1.2.2,4.2 and up
6228,DSLR Photography Training apps,PHOTOGRAPHY,4.0,675,15.0,100000,Free,0.0,Everyone,Photography,"July 29, 2017",2.1,2.3 and up
6229,Radio Belo Horizonte,FAMILY,,0,4.3,10,Free,0.0,Mature 17+,Entertainment,"August 3, 2018",2,4.0 and up
6230,BH Online,FINANCE,,0,4.6,10,Free,0.0,Everyone,Finance,"July 4, 2018",2.2.6,5.0 and up
6231,Belo Horizonte Map offline,TRAVEL_AND_LOCAL,,11,18.0,1000,Free,0.0,Everyone,Travel & Local,"July 12, 2018",1.73,4.3 and up
6232,Bh Public School,FAMILY,5.0,2,8.7,10,Free,0.0,Everyone,Education,"March 21, 2018",1.2,4.0.3 and up
6233,BH Mission Playbook,TRAVEL_AND_LOCAL,,0,22.0,100,Free,0.0,Everyone,Travel & Local,"April 2, 2018",1.5.4,4.4 and up
6234,BH INVEST,FINANCE,,7,1.1,500,Free,0.0,Everyone,Finance,"February 5, 2016",1.3,3.2 and up
6235,Comunidad BH,FAMILY,,23,4.8,1000,Free,0.0,Everyone,Entertainment,"November 9, 2016",1.3.9,2.3 and up
6236,VIVA BH,TOOLS,4.0,2055,2.6,100000,Free,0.0,Everyone,Tools,"April 9, 2018",2.44,4.0 and up
6237,Discípulos em BH,SOCIAL,,24,5.2,100,Free,0.0,Everyone,Social,"February 24, 2018",1.1.4,4.1 and up
6238,Barbers.BH,LIFESTYLE,5.0,2,6.0,10,Free,0.0,Everyone,Lifestyle,"May 24, 2018",2.1,4.0.3 and up
6239,BH - Fitness & Nutrition,HEALTH_AND_FITNESS,,0,43.0,1,Free,0.0,Everyone,Health & Fitness,"July 4, 2018",4.3.6,4.1 and up
6240,Lexus Tech BH Service Pro,LIFESTYLE,,0,0.9,10,Free,0.0,Teen,Lifestyle,"July 26, 2016",5,3.0 and up
6241,Photo Editor - BPhoto,PHOTOGRAPHY,4.5,42,20.0,1000,Free,0.0,Everyone,Photography,"September 17, 2016",1.2,4.2 and up
6242,BH Challenge - Museum of the Jewish People,FAMILY,4.8,12,28.0,1000,Free,0.0,Everyone,Education,"March 26, 2018",1.3.6,4.2 and up
6243,B'H BURGER HEIM,LIFESTYLE,,0,20.0,10,Free,0.0,Everyone,Lifestyle,"May 26, 2016",1,4.0 and up
6244,B y H Niños ES,BOOKS_AND_REFERENCE,4.6,53,16.0,5000,Free,0.0,Everyone,Books & Reference,"September 22, 2015",1.0.2,2.3 and up
6246,Coomotaxi BH,BUSINESS,,94,8.7,5000,Free,0.0,Everyone,Business,"May 24, 2018",3.44.1,4.0.3 and up
6247,BH Mail,COMMUNICATION,3.4,7,6.0,1000,Free,0.0,Everyone,Communication,"April 3, 2018",5.403,4.0.3 and up
6248,FitConsole,HEALTH_AND_FITNESS,2.6,219,1.8,50000,Free,0.0,Everyone,Health & Fitness,"October 30, 2015",v1.1-20151030,4.0 and up
6249,Run on Earth,HEALTH_AND_FITNESS,2.4,577,3.7,50000,Free,0.0,Everyone,Health & Fitness,"April 25, 2018",1.7.5,4.0 and up
6250,BH Rocking,TRAVEL_AND_LOCAL,,13,3.2,100,Free,0.0,Everyone,Travel & Local,"January 17, 2018",1.0.7,4.1 and up
6253,Treadmill Workouts Free (P),HEALTH_AND_FITNESS,3.3,10,3.3,1000,Free,0.0,Everyone,Health & Fitness,"April 5, 2018",1.8 P,4.4 and up
6254,ZiraatBank BH,FINANCE,4.1,58,3.5,10000,Free,0.0,Everyone,Finance,"July 4, 2017",2.3.2,4.0 and up
6255,Digital Tourist BH Itinerary,TRAVEL_AND_LOCAL,4.6,19,14.0,500,Free,0.0,Everyone,Travel & Local,"October 13, 2015",0.9.2,2.2 and up
6256,BH Táxi,BUSINESS,3.9,91,8.9,5000,Free,0.0,Everyone,Business,"June 7, 2018",3.44.2,4.0.3 and up
6257,BH Connect,SOCIAL,,0,32.0,1,Free,0.0,Teen,Social,"March 22, 2018",1.4.4,4.0.3 and up
6258,Out of Bounds BH Demo,GAME,,3,14.0,10,Free,0.0,Everyone,Action,"November 19, 2015",1,2.3.3 and up
6259,EduNAV.BH,FAMILY,,3,3.8,50,Free,0.0,Everyone,Education,"February 12, 2018",1.2.0,4.3 and up
6260,BH Açaí,FOOD_AND_DRINK,,3,4.7,100,Free,0.0,Everyone,Food & Drink,"May 29, 2018",7.0 RELEASE,4.0.3 and up
6261,BH Recepti,FOOD_AND_DRINK,,3,9.9,500,Free,0.0,Everyone,Food & Drink,"August 16, 2016",1.2,4.0 and up
6262,Bi en Línea,FINANCE,4.0,5055,17.0,100000,Free,0.0,Everyone,Finance,"March 5, 2018",4.4.1,4.4 and up
6263,Gayvox - Gay Lesbian Bi Dating,SOCIAL,3.4,3640,9.1,500000,Free,0.0,Mature 17+,Social,"June 13, 2016",3.1.9,2.3 and up
6264,Microsoft Power BI–Business data analytics,BUSINESS,4.5,1819,10.0,100000,Free,0.0,Everyone,Business,"July 16, 2018",2.2.180712.112152,5.0 and up
6265,BI Mobile Banking,FINANCE,4.0,180,27.0,10000,Free,0.0,Everyone,Finance,"June 27, 2018",4.17.38,4.4 and up
6266,BI News,NEWS_AND_MAGAZINES,5.0,22,25.0,1000,Free,0.0,Everyone,News & Magazines,"June 10, 2018",1.5.0,4.1 and up
6267,BI SmartLINK,BUSINESS,3.6,16,33.0,5000,Free,0.0,Everyone,Business,"July 25, 2018",2.7.0,5.1 and up
6268,BI-LO,LIFESTYLE,3.5,43,30.0,10000,Free,0.0,Everyone,Lifestyle,"July 11, 2018",2.0.0,4.1 and up
6270,Sisense Mobile BI,BUSINESS,4.9,23,28.0,1000,Free,0.0,Everyone,Business,"April 30, 2018",2.4.1,4.1 and up
6271,"Starg - Gay, Same Sex, Bi",DATING,3.7,66,7.3,10000,Free,0.0,Mature 17+,Dating,"November 29, 2016",1.0.6,4.1 and up
6272,Propel BI APP,BUSINESS,5.0,3,23.0,100,Free,0.0,Everyone,Business,"July 24, 2018",1.39,4.4 and up
6273,BI Office,BUSINESS,4.0,76,0.2,10000,Free,0.0,Everyone,Business,"June 7, 2017",2.7.1,3.0 and up
6275,BI APP,FINANCE,5.0,2,2.7,100,Free,0.0,Everyone,Finance,"February 19, 2016",1.8,4.0 and up
6276,Oracle BI Mobile,BUSINESS,4.0,282,7.7,10000,Free,0.0,Everyone,Business,"August 1, 2018",20.0.0.0,6.0 and up
6278,bi-Cube Mobile Token,TOOLS,,5,21.0,1000,Free,0.0,Everyone,Tools,"April 26, 2018",8.9.2.0.0,4.0.3 and up
6279,Business Intelligence & Data,FAMILY,4.9,7,3.5,1000,Free,0.0,Everyone,Education,"July 26, 2016",1,2.0 and up
6280,BI Mobile,FINANCE,4.4,337,3.3,10000,Free,0.0,Everyone,Finance,"March 15, 2018",1,4.0.3 and up
6282,Zoho Reports - Mobile BI,BUSINESS,4.7,45,12.0,5000,Free,0.0,Everyone,Business,"May 23, 2018",2.0.5,4.1 and up
6283,Power BI Ultimate Orientation,FAMILY,4.3,12,8.1,5000,Free,0.0,Everyone,Education,"February 6, 2017",1.0.1,4.0 and up
6284,Pool Billiards Classic - bi a,SPORTS,3.9,5644,14.0,1000000,Free,0.0,Everyone,Sports,"November 1, 2017",1.7,4.0.3 and up
6285,Lesbian Chat & Dating - SPICY,SOCIAL,4.5,63765,11.0,1000000,Free,0.0,Mature 17+,Social,"July 31, 2018",4.17.2,4.1 and up
6287,Bi-Tank,GAME,4.6,12,18.0,50,Free,0.0,Everyone,Arcade,"July 31, 2017",Varies with device,4.1 and up
6291,MinT BI,PRODUCTIVITY,,0,2.9,10,Free,0.0,Everyone,Productivity,"January 13, 2018",3.1,4.2 and up
6306,BJ's Wholesale Club,SHOPPING,4.2,4099,17.0,100000,Free,0.0,Everyone,Shopping,"July 27, 2018",2.0.10,4.1 and up
6307,BJ’s Mobile App,SHOPPING,4.0,4722,35.0,500000,Free,0.0,Everyone,Shopping,"July 9, 2018",3.6.5,4.1 and up
6308,BJ's Express Scan,SHOPPING,2.3,69,11.0,10000,Free,0.0,Everyone,Shopping,"March 19, 2018",1.0.16,4.4 and up
6310,BJ-UFO,FAMILY,3.6,226,25.0,50000,Free,0.0,Everyone,Casual,"May 10, 2018",2.5_20,4.0 and up
6312,BJ Bridge Free (2018),GAME,3.9,20,4.8,10000,Free,0.0,Everyone,Card,"May 21, 2018",6.2-lite,4.0 and up
6313,BJ & Jamie,FAMILY,3.9,13,17.0,100,Free,0.0,Everyone,Entertainment,"July 6, 2015",1.1,2.3.3 and up
6314,The Daily BJ,HEALTH_AND_FITNESS,4.8,38,24.0,500,Free,0.0,Everyone,Health & Fitness,"July 10, 2018",1.1,5.0 and up
6315,BJ-FPV,FAMILY,4.2,16,26.0,1000,Free,0.0,Everyone,Casual,"July 31, 2018",2.0.2,4.4 and up
6316,BJ Bridge Acol Beginner 2018,GAME,3.7,11,4.8,5000,Free,0.0,Everyone,Card,"May 21, 2018",6.2-begina,4.0 and up
6317,BJ Memo Widget,PRODUCTIVITY,4.0,616,0.2,50000,Free,0.0,Everyone,Productivity,"September 22, 2014",1.3,3.0 and up
6318,BJ Grand Salon Mobile App,BEAUTY,,1,15.0,100,Free,0.0,Everyone,Beauty,"June 14, 2018",1.0.7,5.0 and up
6319,BJ Bridge Standard American 2018,GAME,1.0,1,4.9,1000,Free,0.0,Everyone,Card,"May 21, 2018",6.2-sayc,4.0 and up
6320,BJ Strategy Tester,GAME,,1,8.8,100,Free,0.0,Everyone,Casino,"May 19, 2015",1,2.3 and up
6321,Eating Show - Food BJ,FAMILY,4.4,103,36.0,10000,Free,0.0,Everyone,Simulation,"October 30, 2017",1.29,4.1 and up
6322,Virtual DJ Sound Mixer,TOOLS,4.2,4010,8.7,500000,Free,0.0,Everyone,Tools,"May 10, 2017",,4.0 and up
6323,Cards Casino:Video Poker & BJ,GAME,4.7,325,23.0,10000,Free,0.0,Teen,Casino,"May 8, 2015",7,2.3.3 and up
6325,BJ-DRONE,FAMILY,,1,23.0,100,Free,0.0,Everyone,Entertainment,"March 27, 2018",1,4.0.3 and up
6326,"Real Casino:Slot,Keno,BJ,Poker",GAME,4.1,341,26.0,50000,Free,0.0,Teen,Casino,"August 12, 2016",1.18,4.0 and up
6328,BJ - Confidential,COMMUNICATION,,0,3.2,10,Free,0.0,Teen,Communication,"April 23, 2018",1.7,4.1 and up
6329,Basic Strategy Training BJ 21,GAME,,0,23.0,500,Free,0.0,Teen,Casino,"March 7, 2016",1.1,2.3 and up
6330,HON. B.J. ACS COLLEGE ALE,FAMILY,5.0,3,1.8,100,Free,0.0,Mature 17+,Education,"December 26, 2016",3.1,4.3 and up
6331,One Launcher,PERSONALIZATION,4.3,26601,5.4,1000000,Free,0.0,Everyone,Personalization,"July 16, 2018",26.1.0.20180713,2.3.3 and up
6332,BJ Toys,SHOPPING,4.7,55,8.0,500,Free,0.0,Everyone,Shopping,"April 11, 2018",1.0.3,4.0.3 and up
6333,Alumni BJ,SOCIAL,,2,5.4,100,Free,0.0,Everyone,Social,"November 8, 2017",1,4.1 and up
6335,BJ card game blackjack,GAME,,3,21.0,500,Free,0.0,Teen,Card,"December 2, 2016",1,2.3 and up
6336,BMH-BJ Congregation,LIFESTYLE,,0,5.1,10,Free,0.0,Everyone,Lifestyle,"June 29, 2018",1.22,4.0.3 and up
6339,BJ TIKET,BUSINESS,,3,3.4,10,Free,0.0,Everyone,Business,"February 9, 2018",8,4.0.3 and up
6342,BJ Foods,BUSINESS,5.0,3,1.5,10,Free,0.0,Everyone,Business,"February 7, 2018",2.7,4.1 and up
6344,3D DJ – DJ Mixer 2018,FAMILY,4.3,6333,30.0,1000000,Free,0.0,Everyone,Entertainment,"May 25, 2018",1.1.12,5.0 and up
6345,BJ Adams,BUSINESS,,1,26.0,5,Free,0.0,Everyone,Business,"November 16, 2016",2.0.0,4.0.3 and up
6347,Spider grinder in screen funny,FAMILY,4.1,956,10.0,100000,Free,0.0,Teen,Entertainment,"May 17, 2016",1.1,2.2 and up
6348,BJJ Roadmap by Stephan Kesting,SPORTS,4.6,969,3.6,10000,Free,0.0,Everyone,Sports,"August 21, 2014",1,4.0 and up
6349,KISW 99.9 FM SEATTLE,FAMILY,4.0,1469,5.2,100000,Free,0.0,Everyone,Entertainment,"January 29, 2018",2.1.10,2.3.3 and up
6350,BlackJack -21 Casino Card Game,GAME,4.7,2066,25.0,100000,Free,0.0,Teen,Casino,"March 14, 2018",1.3,4.0.3 and up
6351,Metal Detector Pro 2015,TOOLS,3.6,1166,0.4,100000,Free,0.0,Everyone,Tools,"March 30, 2015",1.1,4.0 and up
6352,BlackJack 21 Pro,GAME,4.5,26744,51.0,500000,Free,0.0,Teen,Casino,"July 27, 2018",7.4.0,4.0.3 and up
6353,24 megapixel hd camera,PHOTOGRAPHY,4.0,802,5.1,100000,Free,0.0,Everyone,Photography,"May 3, 2017",1.1,2.3 and up
6354,Ultimate BlackJack 3D FREE,GAME,4.1,1686,4.6,100000,Free,0.0,Teen,Casino,"April 20, 2015",3.1.0,2.3 and up
6357,BK Chat,COMMUNICATION,,6,31.0,1000,Free,0.0,Teen,Communication,"July 30, 2018",2.1,4.1 and up
6358,BURGER KING® Puerto Rico,FOOD_AND_DRINK,4.5,2448,19.0,100000,Free,0.0,Everyone,Food & Drink,"September 1, 2017",5.4,4.0.3 and up
6359,Free Coupons for Burger King,LIFESTYLE,2.8,17,3.1,5000,Free,0.0,Everyone,Lifestyle,"July 29, 2018",1.1,4.4 and up
6360,BK Manager,NEWS_AND_MAGAZINES,,19,17.0,5000,Free,0.0,Everyone,News & Magazines,"December 19, 2017",1.0.2,4.4 and up
6362,BK Murli Offline April 2017,LIFESTYLE,4.8,33,2.4,5000,Free,0.0,Everyone,Lifestyle,"May 3, 2017",1,4.0.3 and up
6363,Read it easy for BK,LIFESTYLE,5.0,1,3.2,50,Free,0.0,Everyone,Lifestyle,"July 15, 2018",1.2,4.1 and up
6364,BK Video Status,FAMILY,5.0,13,2.1,100,Free,0.0,Everyone,Entertainment,"July 7, 2018",2.3,4.4 and up
6365,bk Group Mobile,BUSINESS,,1,30.0,50,Free,0.0,Everyone,Business,"February 26, 2018",2,4.4W and up
6367,BK Formula Calculator 2,TOOLS,,4,12.0,100,Free,0.0,Everyone,Tools,"August 7, 2016",0.0.1,4.2 and up
6368,Service Disabler,TOOLS,4.3,534,3.0,100000,Free,0.0,Everyone,Tools,"June 23, 2018",1.0.6,4.0 and up
6369,BK Photography,PHOTOGRAPHY,4.3,20,4.8,1000,Free,0.0,Everyone,Photography,"January 6, 2017",0.1,2.3 and up
6370,Keyboard Theme Dusk BK Purple,PERSONALIZATION,4.5,248,2.8,10000,Free,0.0,Mature 17+,Personalization,"May 23, 2016",9,4.0.3 and up
6371,Coupons for Burger King,FOOD_AND_DRINK,4.5,41,4.0,500,Free,0.0,Teen,Food & Drink,"July 17, 2018",1,5.0 and up
6372,BK Formula Calculator,TOOLS,5.0,6,11.0,100,Free,0.0,Everyone,Tools,"August 8, 2015",0.1.1,4.2 and up
6374,Korean English Translator,FAMILY,4.4,634,1.8,100000,Free,0.0,Everyone,Education,"September 5, 2017",1.6,2.3 and up
6375,Dr Bk Sachin bhai,LIFESTYLE,5.0,19,3.1,1000,Free,0.0,Everyone,Lifestyle,"December 7, 2017",2.2,4.1 and up
6376,Audio Murli Glossary For BK,FAMILY,4.7,39,20.0,1000,Free,0.0,Everyone,Education,"January 25, 2016",1.1,4.0.3 and up
6377,SKIN BK,PRODUCTIVITY,,0,33.0,10,Free,0.0,Everyone,Productivity,"June 25, 2018",1.1.2,4.4W and up
6378,BK Traffic Control cum Chart,SOCIAL,4.7,549,17.0,10000,Free,0.0,Teen,Social,"June 29, 2016",3.0.1,3.0 and up
6379,Hungry Girl Diet Bk. Companion,HEALTH_AND_FITNESS,2.2,4,28.0,1000,Free,0.0,Everyone,Health & Fitness,"February 1, 2018",1.1.3,4.0 and up
6380,Daily Murli Saar Widget,SOCIAL,4.6,308,0.5,10000,Free,0.0,Everyone,Social,"June 10, 2015",1,3.0 and up
6381,BK Suraj bhai,LIFESTYLE,4.6,9,3.1,1000,Free,0.0,Everyone,Lifestyle,"December 8, 2017",2.2,4.1 and up
6382,BK Shivani Videos,LIFESTYLE,4.7,29,3.2,1000,Free,0.0,Everyone,Lifestyle,"July 25, 2018",1.3,4.0.3 and up
6383,BK News Channel,VIDEO_PLAYERS,4.6,277,6.8,10000,Free,0.0,Everyone,Video Players & Editors,"July 16, 2016",1.01,2.3 and up
6385,Make a burger king,FAMILY,3.8,125,17.0,10000,Free,0.0,Everyone,Casual,"February 21, 2017",v1.3,4.0 and up
6386,King Burger Dash,FAMILY,3.6,445,12.0,50000,Free,0.0,Everyone,Casual,"March 22, 2015",1.3,2.2 and up
6387,Official Madhuban Murli,LIFESTYLE,4.9,301,25.0,10000,Free,0.0,Everyone,Lifestyle,"July 21, 2018",1.1.2,4.4 and up
6388,Baba Yaad Hai?(BK's),FAMILY,4.8,160,13.0,10000,Free,0.0,Everyone,Entertainment,"March 5, 2017",1.3,2.3 and up
6390,Burger King Foot Lettuce,FAMILY,4.4,150,5.9,10000,Free,0.0,Everyone,Entertainment,"June 11, 2018",1.07,4.0 and up
6391,BK Arogyam Task Track,BUSINESS,5.0,8,3.7,100,Free,0.0,Everyone,Business,"June 5, 2018",1.1.1,4.1 and up
6392,BK murli today (Mobile Murli) - Gyan,FAMILY,4.8,100,4.5,5000,Free,0.0,Everyone,Education,"August 5, 2018",2,4.4 and up
6393,Capital Bk Mobile Business Dep,FINANCE,,1,4.1,100,Free,0.0,Everyone,Finance,"February 3, 2016",1.4.8,4.1 and up
6394,BK Travel Solutions,EVENTS,,1,11.0,100,Free,0.0,Everyone,Events,"June 14, 2018",1.3.0,4.1 and up
6395,BK Murli Dictionary (H to E),FAMILY,4.6,106,3.9,10000,Free,0.0,Everyone,Education,"November 19, 2016",1.1,2.2 and up
6396,Bk Usha behn,LIFESTYLE,5.0,10,3.0,1000,Free,0.0,Everyone,Lifestyle,"January 14, 2018",1,4.1 and up
6397,BkEmu - BK-0010/11M emulator,FAMILY,4.6,222,1.4,10000,Free,0.0,Everyone,Entertainment,"February 7, 2016",0.4.0,2.1 and up
6398,BK Gold App,FINANCE,5.0,4,11.0,50,Free,0.0,Everyone,Finance,"May 25, 2018",1.0.0,4.4 and up
6399,Of the wall Arapaho bk,COMMUNICATION,,0,12.0,5,Free,0.0,Everyone,Communication,"August 18, 2017",1,4.1 and up
6400,Burger King Italia,LIFESTYLE,4.0,4160,30.0,500000,Free,0.0,Everyone,Lifestyle,"July 6, 2018",2.3.6,4.0.3 and up
6401,Red Embrace (BL/Yaoi Game),FAMILY,4.3,616,25.0,10000,Free,0.0,Teen,Casual,"June 12, 2018",4.5.5,2.3.3 and up
6402,Blood Domination - BL Game,GAME,4.5,415,52.0,10000,Free,0.0,Mature 17+,Adventure,"July 6, 2018",1.0.1,4.1 and up
6403,Yaoi Ooku: Distorted Love,FAMILY,4.0,2614,6.3,100000,Free,0.0,Mature 17+,Simulation,"April 14, 2015",1.0.8,2.2 and up
6404,Yaoi Novels - Shounen ai Book&fiction,FAMILY,3.2,304,4.7,10000,Free,0.0,Teen,Entertainment,"February 14, 2018",1.0.2,4.0.3 and up
6405,Cerulean Heart,FAMILY,4.6,2683,25.0,10000,Free,0.0,Mature 17+,Simulation,"June 15, 2018",1.3.1,4.0 and up
6407,WebComics,COMICS,4.8,33783,6.4,1000000,Free,0.0,Teen,Comics,"July 28, 2018",1.3.34,4.1 and up
6408,Lezhin Comics - Daily Releases,COMICS,3.0,28447,15.0,1000000,Free,0.0,Teen,Comics,"July 31, 2018",Varies with device,Varies with device
6410,BL Driver,MAPS_AND_NAVIGATION,3.9,230,12.0,10000,Free,0.0,Everyone,Maps & Navigation,"July 13, 2018",2.12.1,4.1 and up
6412,Gaydorado,FAMILY,3.9,8419,47.0,100000,Free,0.0,Teen,Role Playing,"August 1, 2018",0.0.42,4.0.3 and up
6414,TappyToon Comics & Webtoons,COMICS,3.5,4205,10.0,100000,Free,0.0,Teen,Comics,"July 13, 2018",1.77,4.0.3 and up
6415,SecondSecret ‐「恋を読む」BLノベルゲーム‐,GAME,4.4,1563,40.0,50000,Free,0.0,Teen,Adventure,"June 29, 2017",1.3.6,4.0 and up
6416,Lust in Terror Manor - The Truth Unveiled | Otome,GAME,4.1,355,53.0,10000,Free,0.0,Teen,Adventure,"July 10, 2018",1.0.6,4.1 and up
6417,BL 女性向け恋愛ゲーム◆ごくメン,FAMILY,4.2,1901,8.2,100000,Free,0.0,Mature 17+,Simulation,"July 7, 2016",1.3.0,2.3.3 and up
6418,あなカレ【BL】無料ゲーム,FAMILY,4.7,6073,8.5,100000,Free,0.0,Mature 17+,Simulation,"February 25, 2018",4.2.2,2.3 and up
6419,K-Rain BL,TOOLS,4.0,9,33.0,1000,Free,0.0,Everyone,Tools,"May 28, 2018",3.0.1,4.0 and up
6420,감성학원 BL 첫사랑,COMICS,4.4,190,34.0,10000,Free,0.0,Everyone,Comics,"November 17, 2017",3.2.1,3.0 and up
6421,Chess of Blades (Demo),FAMILY,4.2,45,23.0,1000,Free,0.0,Teen,Casual,"January 25, 2018",1.5,2.3.3 and up
6422,BL Flowers Digital,SHOPPING,5.0,21,2.5,100,Free,0.0,Everyone,Shopping,"October 31, 2017",1.6,4.2 and up
6423,BL 1-Click Camera - Free,PHOTOGRAPHY,3.5,52,1.8,10000,Free,0.0,Everyone,Photography,"August 18, 2016",2.0.160818,2.3 and up
6426,OTOME of Ikemen cafe,FAMILY,4.5,1318,24.0,50000,Free,0.0,Teen,Simulation,"March 5, 2018",1.0.21,4.1 and up
6427,BL info,TRAVEL_AND_LOCAL,4.1,98,2.0,5000,Free,0.0,Everyone,Travel & Local,"July 17, 2018",2,4.3 and up
6430,BL Carrier,BUSINESS,,0,11.0,10,Free,0.0,Everyone,Business,"July 27, 2018",5,4.0.3 and up
6431,Skill Tree - BL Pre Sequel,FAMILY,4.3,855,7.0,10000,Free,0.0,Teen,Entertainment,"February 22, 2016",5,2.3.3 and up
6433,BL Portfolio,PHOTOGRAPHY,,4,16.0,100,Free,0.0,Everyone,Photography,"June 13, 2017",1.2,4.1 and up
6434,Skywatch BL,WEATHER,,15,10.0,1000,Free,0.0,Everyone,Weather,"February 20, 2017",1.1.6,4.4 and up
6435,B-L Animal Hospital,MEDICAL,,1,28.0,100,Free,0.0,Everyone,Medical,"June 8, 2017",300000.0.84,4.0.3 and up
6436,BL Banking DES,FINANCE,,3,5.5,100,Free,0.0,Everyone,Finance,"July 18, 2018",2.3,4.0 and up
6437,BL ONLINE PERSONAL TRAINING,HEALTH_AND_FITNESS,,0,41.0,5,Free,0.0,Everyone,Health & Fitness,"August 29, 2017",BL ONLINE PERSONAL TRAINING 7.9.0,4.1 and up
6438,BL Community Icon Pack,PERSONALIZATION,4.0,289,2.7,10000,Free,0.0,Everyone,Personalization,"May 6, 2013",1.01,2.1 and up
6441,BL Taxi,MAPS_AND_NAVIGATION,4.9,124,3.4,1000,Free,0.0,Everyone,Maps & Navigation,"March 26, 2018",Varies with device,Varies with device
6442,BL!TZ - Endless,GAME,4.7,21,9.0,100,Free,0.0,Everyone,Arcade,"June 30, 2017",10.05,4.0.3 and up
6443,AC-BL,COMMUNICATION,,0,4.3,50,Free,0.0,Everyone,Communication,"April 20, 2018",1.7,2.1 and up
6444,BL-ED: From BLUE to RED,GAME,,3,2.9,10,Free,0.0,Everyone,Arcade,"April 24, 2016",1.6.5,4.4W and up
6445,B L Enterprises,FINANCE,,2,6.9,10,Free,0.0,Everyone,Finance,"May 11, 2018",1.8,4.0.3 and up
6447,BL Kennedy Theme,PERSONALIZATION,4.2,279,1.1,10000,Free,0.0,Everyone,Personalization,"May 6, 2013",1.0.2,2.1 and up
6448,Teen Patti by BL Games,GAME,4.1,496,39.0,100000,Free,0.0,Teen,Card,"January 31, 2017",1.3.0,2.3.3 and up
6451,bm offers,LIFESTYLE,3.2,320,31.0,50000,Free,0.0,Everyone,Lifestyle,"December 13, 2017",1.4,4.2 and up
6452,B.M.Snowboard Free,SPORTS,3.9,9765,14.0,1000000,Free,0.0,Everyone,Sports,"May 1, 2017",1.38.1,2.3 and up
6453,BM Wallet,FINANCE,4.2,798,29.0,50000,Free,0.0,Everyone,Finance,"January 3, 2018",1.0.46,4.0 and up
6454,BM Online OEC Verification,TOOLS,4.1,783,4.2,100000,Free,0.0,Everyone,Tools,"August 5, 2016",1.0.1,4.0.3 and up
6455,Business Mitra (BM),BUSINESS,4.9,13,5.3,100,Free,0.0,Everyone,Business,"July 12, 2018",1.11.1prod,4.0.3 and up
6456,Bm,FAMILY,,1,1.7,100,Free,0.0,Everyone,Puzzle,"September 21, 2016",1,4.0.3 and up
6458,bm Wallet,FINANCE,3.5,196,27.0,10000,Free,0.0,Everyone,Finance,"August 20, 2017",1.8,4.1 and up
6461,DMR BrandMeister Tool,COMMUNICATION,3.3,78,2.5,10000,Free,0.0,Everyone,Communication,"March 31, 2018",4.5,6.0 and up
6462,"Borneo Bible, BM Bible",BOOKS_AND_REFERENCE,4.9,659,5.0,10000,Free,0.0,Everyone,Books & Reference,"August 28, 2017",4.4.5,4.0 and up
6463,Basket Manager 2018 Free,SPORTS,3.4,1520,6.3,50000,Free,0.0,Everyone,Sports,"April 17, 2018",3.7,4.4 and up
6464,MOD Black for BM,BOOKS_AND_REFERENCE,,2,7.8,100,Free,0.0,Everyone,Books & Reference,"July 31, 2017",1,4.0 and up
6465,Basket Manager 2017 Free,SPORTS,4.5,2710,4.8,100000,Free,0.0,Everyone,Sports,"November 27, 2017",4,4.1 and up
6467,BM SPM Practice,FAMILY,5.0,6,9.2,1000,Free,0.0,Everyone,Education,"January 24, 2018",1,4.1 and up
6468,BM FlexCheck,AUTO_AND_VEHICLES,3.5,2,34.0,100,Free,0.0,Everyone,Auto & Vehicles,"June 8, 2018",1.10.1,5.0 and up
6469,TuenMun BM,TOOLS,,6,47.0,1000,Free,0.0,Everyone,Tools,"May 17, 2017",1.2,4.0.3 and up
6470,bm-Events,SOCIAL,,0,8.1,10,Free,0.0,Teen,Social,"November 1, 2016",1.1.1,4.4 and up
6471,Poop Tracker - Toilet Log,HEALTH_AND_FITNESS,4.4,622,2.5,10000,Free,0.0,Everyone,Health & Fitness,"May 9, 2018",1.3.3,4.4 and up
6472,B&M Stores,SHOPPING,3.7,192,36.0,100000,Free,0.0,Everyone,Shopping,"August 3, 2018",0.8.129,4.1 and up
6473,BM CRM,SHOPPING,,0,10.0,5,Free,0.0,Everyone,Shopping,"October 31, 2017",1,4.1 and up
6474,Mobilight-BM,FINANCE,4.8,6,6.2,500,Free,0.0,Everyone,Finance,"August 3, 2018",2.0.10,4.0.3 and up
6475,iFORA BM,MEDICAL,,3,10.0,100,Free,0.0,Everyone,Medical,"April 9, 2018",1.0.8,4.3 and up
6476,Basket Manager 2016 Free,SPORTS,4.3,1879,4.4,100000,Free,0.0,Everyone,Sports,"February 9, 2017",2.9,4.1 and up
6477,BM Pharmacy,HEALTH_AND_FITNESS,4.9,42,18.0,1000,Free,0.0,Everyone,Health & Fitness,"June 11, 2018",1.5.12,4.1 and up
6478,postit.bm,SHOPPING,,1,16.0,500,Free,0.0,Everyone,Shopping,"March 14, 2018",2.53,4.1 and up
6480,BM Assets,FINANCE,,6,9.9,500,Free,0.0,Everyone,Finance,"October 25, 2016",1.1,2.3.3 and up
6481,BM Interventi,PRODUCTIVITY,,2,22.0,10,Free,0.0,Everyone,Productivity,"May 4, 2018",1.4.0,4.3 and up
6482,BM Tahmin: Ücretsiz İddaa Tahminleri,SPORTS,,7,1.9,500,Free,0.0,Everyone,Sports,"December 11, 2017",1.3,4.0.3 and up
6483,RIV-BM FPV,FAMILY,,0,26.0,10,Free,0.0,Everyone,Entertainment,"August 12, 2017",1.0.1,2.2 and up
6484,BM Physiotherapy Clinic,HEALTH_AND_FITNESS,5.0,3,9.3,100,Free,0.0,Everyone,Health & Fitness,"October 9, 2017",0.0.1,4.1 and up
6487,På sporet ABC (BM),FAMILY,,2,28.0,1000,Free,0.0,Everyone,Educational,"December 21, 2016",v1.2,4.0 and up
6488,BAMMS for BM 1Park,PRODUCTIVITY,,7,10.0,50,Free,0.0,Everyone,Productivity,"July 19, 2018",1.3.2,4.1 and up
6489,Bet Master Pro Soccer Predictions,SPORTS,4.4,328,11.0,10000,Free,0.0,Everyone,Sports,"July 31, 2018",2.0.5,4.4 and up
6490,MbH BM,MEDICAL,1.0,1,2.3,100,Free,0.0,Everyone,Medical,"December 14, 2016",1.1.3,4.3 and up
6492,Anime Mod for BM,BOOKS_AND_REFERENCE,,0,8.0,100,Free,0.0,Everyone,Books & Reference,"July 28, 2017",1,4.0 and up
6493,BAMMS for BM SQ,PRODUCTIVITY,4.0,2,10.0,10,Free,0.0,Everyone,Productivity,"July 24, 2018",1.3.3,4.1 and up
6494,BM speed test,TOOLS,5.0,1,3.7,10,Free,0.0,Everyone,Tools,"July 13, 2018",2,4.4 and up
6495,Word Hunt,GAME,4.9,59,21.0,500,Free,0.0,Everyone,Word,"June 22, 2018",1,4.4 and up
6498,BN Más Cerca de Usted,FINANCE,3.9,8185,45.0,500000,Free,0.0,Everyone,Finance,"July 6, 2018",5.1,4.4 and up
6499,Radio BN,FAMILY,,53,4.2,5000,Free,0.0,Everyone,Entertainment,"January 12, 2018",1.0.3,4.4 and up
6500,My College Bookstore,SHOPPING,3.2,661,7.6,100000,Free,0.0,Everyone,Shopping,"March 19, 2018",3.0.2,4.1 and up
6501,NOOK Audiobooks,BOOKS_AND_REFERENCE,3.5,2539,8.6,500000,Free,0.0,Everyone,Books & Reference,"July 26, 2018",v1.1.6,4.1 and up
6502,BN PERKS™,LIFESTYLE,,0,15.0,100,Free,0.0,Everyone,Lifestyle,"June 2, 2018",2.13,4.0.3 and up
6503,BNCR Token Celular,FINANCE,3.7,913,0.1,100000,Free,0.0,Everyone,Finance,"July 20, 2012",1,1.5 and up
6504,BN Mi Banco,BUSINESS,3.0,597,17.0,100000,Free,0.0,Everyone,Business,"July 12, 2018",9,5.0 and up
6505,BN Pro BlueICS-b HD Text,LIBRARIES_AND_DEMO,4.2,78,0.8,10000,Free,0.0,Everyone,Libraries & Demo,"February 5, 2017",2.3.2,1.6 and up
6506,BN Whitening Shoppe Ph,BEAUTY,4.0,2,13.0,100,Free,0.0,Everyone,Beauty,"March 6, 2018",1.0.8,4.0.3 and up
6507,BN Pro ArialXL Legacy Text,LIBRARIES_AND_DEMO,4.1,142,0.4,10000,Free,0.0,Everyone,Libraries & Demo,"February 5, 2017",2.3.2,1.6 and up
6510,BN Pro PercentXL-b Neon HD Txt,LIBRARIES_AND_DEMO,4.0,45,0.8,5000,Free,0.0,Everyone,Libraries & Demo,"February 5, 2017",2.3.2,1.6 and up
6511,BN Bank Mobilbank,FINANCE,3.1,72,2.4,10000,Free,0.0,Everyone,Finance,"February 13, 2018",2.0.9,4.0 and up
6512,BN Pro Play-b HD Text,LIBRARIES_AND_DEMO,4.4,34,0.4,1000,Free,0.0,Everyone,Libraries & Demo,"February 5, 2017",2.3.2,1.6 and up
6513,[BN] Blitz,SPORTS,3.2,4,5.6,100,Free,0.0,Everyone,Sports,"May 17, 2018",4.6,4.3 and up
6514,BN Pro LcdD Legacy Text,LIBRARIES_AND_DEMO,3.9,71,0.4,10000,Free,0.0,Everyone,Libraries & Demo,"February 5, 2017",2.3.2,1.6 and up
6515,BN Pro RobotoXL-b HD Text,LIBRARIES_AND_DEMO,4.2,86,0.5,10000,Free,0.0,Everyone,Libraries & Demo,"February 5, 2017",2.3.2,1.6 and up
6516,Browsery by Barnes & Noble,BOOKS_AND_REFERENCE,4.7,146,34.0,5000,Free,0.0,Everyone,Books & Reference,"April 30, 2018",1.1.3,4.4 and up
6517,BN Pro ArialXL-b HD Text,LIBRARIES_AND_DEMO,4.0,24,0.5,1000,Free,0.0,Everyone,Libraries & Demo,"February 5, 2017",2.3.2,1.6 and up
6518,2017 BN SM Sales Conference,BUSINESS,,2,10.0,100,Free,0.0,Teen,Business,"September 28, 2017",v2.7.11.6,4.1 and up
6519,BN Inscript Improved Input keyboard,PRODUCTIVITY,,0,6.2,10,Free,0.0,Everyone,Productivity,"December 7, 2017",1,2.3 and up
6520,BN Pro Percent White HD Text,LIBRARIES_AND_DEMO,4.0,45,0.3,5000,Free,0.0,Everyone,Libraries & Demo,"February 5, 2017",2.3.2,1.6 and up
6521,RTVBN,NEWS_AND_MAGAZINES,3.7,533,3.8,50000,Free,0.0,Everyone,News & Magazines,"August 5, 2018",4.4,4.0.3 and up
6522,BN Pro White HD Text,LIBRARIES_AND_DEMO,4.1,120,0.8,10000,Free,0.0,Everyone,Libraries & Demo,"February 5, 2017",2.3.2,1.6 and up
6523,BN Pro Roboto-b Neon HD Text,LIBRARIES_AND_DEMO,4.4,30,0.7,5000,Free,0.0,Everyone,Libraries & Demo,"February 5, 2017",2.3.2,1.6 and up
6524,BN Pro LcdD HD Text,LIBRARIES_AND_DEMO,4.0,50,0.4,5000,Free,0.0,Everyone,Libraries & Demo,"February 5, 2017",2.3.2,1.6 and up
6525,BN Pro LcdD-b HD Text,LIBRARIES_AND_DEMO,3.9,131,0.4,10000,Free,0.0,Everyone,Libraries & Demo,"February 5, 2017",2.3.2,1.6 and up
6526,BN Pro Solid Battery-White,LIBRARIES_AND_DEMO,3.6,7,0.2,1000,Free,0.0,Everyone,Libraries & Demo,"February 5, 2017",2.3.2,1.6 and up
6527,BN Pro Battery Level-White,LIBRARIES_AND_DEMO,,21,0.2,5000,Free,0.0,Everyone,Libraries & Demo,"February 5, 2017",2.3.2,1.6 and up
6528,BN MALLORCA Radio,COMMUNICATION,,23,13.0,1000,Free,0.0,Everyone,Communication,"November 29, 2017",2.0.14.4,2.3 and up
6529,"Calendars (En, Bn, Ar)",PRODUCTIVITY,4.6,27,2.5,1000,Free,0.0,Everyone,Productivity,"June 5, 2017",1.2.3,4.0 and up
6530,BN Habitat - Property Experts - Buy | Sell | Rent,BUSINESS,,0,8.9,50,Free,0.0,Everyone,Business,"October 4, 2017",1.8,4.1 and up
6531,BN Pro Play HD Text,LIBRARIES_AND_DEMO,4.4,63,0.4,5000,Free,0.0,Everyone,Libraries & Demo,"February 5, 2017",2.3.2,1.6 and up
6533,BN Pro RobotoXL HD Text,LIBRARIES_AND_DEMO,4.3,15,0.5,1000,Free,0.0,Everyone,Libraries & Demo,"February 5, 2017",2.3.2,1.6 and up
6535,BN Pro ArialXL-b Neon HD Text,LIBRARIES_AND_DEMO,4.1,66,0.7,10000,Free,0.0,Everyone,Libraries & Demo,"February 5, 2017",2.3.2,1.6 and up
6536,BN Pro Black Text,LIBRARIES_AND_DEMO,3.8,18,0.5,1000,Free,0.0,Everyone,Libraries & Demo,"February 5, 2017",2.3.2,1.6 and up
6537,BN Pro BlueICS HD Text,LIBRARIES_AND_DEMO,4.1,174,0.8,10000,Free,0.0,Everyone,Libraries & Demo,"February 5, 2017",2.3.2,1.6 and up
6539,BN Pro Arial Legacy Text,LIBRARIES_AND_DEMO,3.7,83,0.4,10000,Free,0.0,Everyone,Libraries & Demo,"February 5, 2017",2.3.2,1.6 and up
6540,BN Pro Black Text on White,LIBRARIES_AND_DEMO,3.9,53,0.3,10000,Free,0.0,Everyone,Libraries & Demo,"February 5, 2017",2.3.2,1.6 and up
6541,BN Pro White Text,LIBRARIES_AND_DEMO,4.4,50,0.5,5000,Free,0.0,Everyone,Libraries & Demo,"February 5, 2017",2.3.2,1.6 and up
6542,Sam.BN,TOOLS,,83,2.0,1000,Free,0.0,Everyone,Tools,"March 27, 2015",1.0.0,4.0.3 and up
6543,Bangla Calendar 1425: (EN-BN-AR) Holiday,LIFESTYLE,4.5,31,2.3,1000,Free,0.0,Everyone,Lifestyle,"April 21, 2018",2.1.0,4.1 and up
6544,BN DB1 App,PRODUCTIVITY,,2,34.0,50,Free,0.0,Everyone,Productivity,"December 4, 2017",1.2,4.0.3 and up
6545,BN Inscript Improved Keyboard,PRODUCTIVITY,,0,7.5,10,Free,0.0,Everyone,Productivity,"November 6, 2017",1,2.3 and up
6550,Bubble Bo-Bo,FAMILY,4.5,65,24.0,10000,Free,0.0,Everyone,Casual,"July 5, 2018",6,4.0 and up
6556,FX LITE BO,FINANCE,3.6,73,14.0,10000,Free,0.0,Everyone,Finance,"October 18, 2016",1.5.0,4.1 and up
6557,Casual Sic Bo (骰寶),FAMILY,4.0,3,2.2,500,Free,0.0,Teen,Casual,"July 22, 2018",1.1.1,5.0 and up
6558,Sic Bo Online! Free Casino,GAME,3.8,488,30.0,100000,Free,0.0,Teen,Casino,"June 10, 2016",1.3,2.3 and up
6563,Sic Bo Rave,GAME,3.9,164,33.0,10000,Free,0.0,Teen,Card,"September 23, 2013",1.0.1,2.3.3 and up
6564,Thai Sic Bo,GAME,4.1,14283,4.2,1000000,Free,0.0,Teen,Casino,"October 1, 2017",1.1.2,4.0 and up
6568,Wishbone - Compare Anything,SOCIAL,4.3,51569,26.0,1000000,Free,0.0,Teen,Social,"July 30, 2018",5.4.7,4.1 and up
6569,Bee.Bo,LIFESTYLE,,11,23.0,1000,Free,0.0,Everyone,Lifestyle,"April 13, 2017",1.2.9,4.1 and up
6574,Sic Bo (Tai Xiu) - Multiplayer Casino,GAME,4.2,152,16.0,10000,Free,0.0,Teen,Casino,"July 8, 2018",2.1.2,4.1 and up
6576,Bo Aung Din,EVENTS,4.1,110,2.6,5000,Free,0.0,Teen,Events,"June 5, 2018",Version 1.3.1,4.0.3 and up
6580,Go-Go-Goat! Free Game,FAMILY,4.5,66740,23.0,1000000,Free,0.0,Everyone,Arcade;Action & Adventure,"July 8, 2016",2.4.4,2.3 and up
6581,BPme - Mobile Fuel Payment & BP Driver Rewards app,TRAVEL_AND_LOCAL,3.0,69,31.0,10000,Free,0.0,Everyone,Travel & Local,"June 11, 2018",3.4.1,5.0 and up
6582,My BP Lab,HEALTH_AND_FITNESS,2.6,186,25.0,10000,Free,0.0,Everyone,Health & Fitness,"May 19, 2018",1.1.0,8.0 and up
6583,BP World Energy,BUSINESS,3.4,25,16.0,10000,Free,0.0,Everyone,Business,"July 27, 2018",1.1.2,4.1 and up
6586,BP and Sugar Test Prank,LIFESTYLE,4.0,7808,5.0,1000000,Free,0.0,Everyone,Lifestyle,"November 5, 2015",1.2.1,2.2 and up
6588,iFORA BP,MEDICAL,3.4,18,45.0,1000,Free,0.0,Everyone,Medical,"June 5, 2018",1.2.4,2.3.3 and up
6589,MbH BP,MEDICAL,3.7,9,23.0,1000,Free,0.0,Everyone,Medical,"October 3, 2017",1.1.3,2.3.3 and up
6591,Cardio Journal — Blood Pressure Log,MEDICAL,4.5,3320,8.3,100000,Free,0.0,Everyone,Medical,"February 12, 2018",3.1.1,4.1 and up
6597,MedM Blood Pressure,MEDICAL,4.0,255,16.0,10000,Free,0.0,Everyone,Medical,"May 25, 2018",2.5.80,4.2 and up
6599,"Diabetes, Blood Pressure, Health Tracker App",MEDICAL,4.5,309,5.9,10000,Free,0.0,Everyone,Medical,"March 15, 2017",2.21,4.4 and up
6600,Blood Pressure(BP) Report Lite,MEDICAL,4.0,91,0.3,10000,Free,0.0,Everyone,Medical,"February 8, 2012",1.6,2.1 and up
6601,bp e-store,BOOKS_AND_REFERENCE,4.4,52,2.2,1000,Free,0.0,Everyone,Books & Reference,"January 15, 2016",2.0.7,4.0 and up
6602,Wireless BP,MEDICAL,1.8,30,0.9,500,Free,0.0,Everyone,Medical,"May 27, 2016",1.1,4.3 and up
6603,BP Tracker,HEALTH_AND_FITNESS,4.3,12,0.6,1000,Free,0.0,Everyone,Health & Fitness,"February 20, 2016",1.0.0,5.0 and up
6604,BP Log lite,LIFESTYLE,5.0,3,1.5,100,Free,0.0,Everyone,Lifestyle,"November 15, 2014",1.1,2.2 and up
6605,MI-BP,HEALTH_AND_FITNESS,5.0,1,12.0,50,Free,0.0,Everyone,Health & Fitness,"April 9, 2018",1.0.8.506,5.0 and up
6606,BP Service,BUSINESS,,0,26.0,100,Free,0.0,Everyone,Business,"January 17, 2018",Rocksteady 1.3,4.1 and up
6607,BP-Tech,FAMILY,3.2,12,13.0,1000,Free,0.0,Everyone,Casual,"February 3, 2018",1.3_4,4.0 and up
6609,Blood Pressure Diary,FAMILY,4.6,47,3.3,5000,Free,0.0,Everyone,Simulation,"August 1, 2018",1.1,4.0.3 and up
6610,High Blood Pressure,MEDICAL,3.8,4,2.9,1000,Free,0.0,Everyone,Medical,"June 1, 2016",1,3.0 and up
6611,Simple Blood Pressure log,MEDICAL,3.9,31,10.0,1000,Free,0.0,Everyone,Medical,"January 15, 2016",1.0.1,4.4 and up
6612,BP Tracker-Symptoms & Solution,MEDICAL,4.2,34,3.2,1000,Free,0.0,Everyone,Medical,"October 12, 2016",1.2016,3.0 and up
6613,Compas BP Store,SHOPPING,,0,2.5,10,Free,0.0,Everyone,Shopping,"December 21, 2017",1.0.3,4.4 and up
6614,Blood Pressure Tracker,MEDICAL,4.0,11,1.8,1000,Free,0.0,Everyone,Medical,"November 8, 2017",1.1.1,4.0 and up
6615,Hypertension Hi blood pressure,MEDICAL,3.8,292,2.7,100000,Free,0.0,Everyone,Medical,"April 16, 2018",43,4.0.3 and up
6616,BP Scanner Prank,FAMILY,4.1,157,7.0,50000,Free,0.0,Everyone,Entertainment,"September 20, 2016",1.2,4.0.3 and up
6617,Deep Breathe BP,HEALTH_AND_FITNESS,3.9,26,12.0,1000,Free,0.0,Everyone,Health & Fitness,"June 9, 2018",1,4.1 and up
6619,BP Toolbox,HEALTH_AND_FITNESS,2.1,32,9.6,1000,Free,0.0,Everyone,Health & Fitness,"May 22, 2018",5.9,4.3 and up
6620,bp Magazine for Bipolar,LIFESTYLE,1.8,5,18.0,1000,Free,0.0,Everyone 10+,Lifestyle,"February 12, 2018",26,4.1 and up
6621,Blood Pressure - Heartcare,MEDICAL,4.2,70,1.9,10000,Free,0.0,Everyone,Medical,"May 27, 2016",2.46 Saber,4.4 and up
6622,UM BP Track,MEDICAL,2.0,1,29.0,50,Free,0.0,Everyone,Medical,"June 27, 2017",7.9.0 (5192),5.0 and up
6623,BP Assist,TOOLS,,0,9.4,100,Free,0.0,Everyone,Tools,"July 3, 2018",4.4.14.4487,4.0.3 and up
6625,Blood pressure,HEALTH_AND_FITNESS,3.4,2256,1.6,500000,Free,0.0,Everyone,Health & Fitness,"July 31, 2014",1.1.0,4.0 and up
6628,BQ Services,TOOLS,3.7,5004,2.5,1000000,Free,0.0,Everyone,Tools,"July 9, 2018",8.3.6-e04ac87,Varies with device
6629,BQ-መጽሐፍ ቅዱሳዊ ጥያቄዎች,GAME,4.7,191,7.2,5000,Free,0.0,Everyone,Trivia,"July 31, 2018",4.1.2,4.1 and up
6630,"Brilliant Quotes: Life, Love, Family & Motivation",BOOKS_AND_REFERENCE,4.5,67186,6.3,1000000,Free,0.0,Everyone 10+,Books & Reference,"May 18, 2018",4.4.10,2.3.3 and up
6631,BQ Scan,TOOLS,4.6,18,4.0,100,Free,0.0,Everyone,Tools,"April 1, 2018",3.4.5,4.0 and up
6632,Add-On: bq (a),PRODUCTIVITY,3.6,26,1.2,5000,Free,0.0,Everyone,Productivity,"May 19, 2015",10.0.3086,4.0 and up
6634,gardening ideas flower diy,HOUSE_AND_HOME,,0,5.6,100,Free,0.0,Everyone,House & Home,"May 29, 2017",1,2.3 and up
6635,Software Update,TOOLS,4.4,8259,3.5,1000000,Free,0.0,Everyone,Tools,"July 18, 2018",13.3,4.0 and up
6636,RoboPad,FAMILY,4.6,41,9.2,1000,Free,0.0,Everyone,Education,"July 7, 2017",5.1,2.3 and up
6637,Add-On: bq (c),PRODUCTIVITY,,17,1.2,1000,Free,0.0,Everyone,Productivity,"May 19, 2015",10.0.3086,4.0 and up
6639,Wherever BQ,TRAVEL_AND_LOCAL,,7,18.0,50,Free,0.0,Teen,Travel & Local,"September 5, 2017",5.63.0,4.0.3 and up
6640,Bono’s Pit Bar-B-Q,FAMILY,2.3,3,36.0,1000,Free,0.0,Everyone 10+,Entertainment,"January 23, 2018",2.4,2.3.3 and up
6641,Add-On: bq (b),PRODUCTIVITY,,9,1.2,1000,Free,0.0,Everyone,Productivity,"May 19, 2015",10.0.3086,4.0 and up
6642,bq magazine,NEWS_AND_MAGAZINES,,2,8.8,50,Free,0.0,Everyone,News & Magazines,"July 19, 2018",7.2.2,4.1 and up
6644,Bill Miller Bar-B-Q Store Ops,BUSINESS,,0,2.5,100,Free,0.0,Everyone,Business,"June 19, 2018",1.3,4.4 and up
6645,BQ Scanner,TOOLS,3.0,2,2.7,100,Free,0.0,Everyone,Tools,"October 10, 2017",1.0.1,4.4 and up
6646,Bar-B-Q Rib House,FOOD_AND_DRINK,5.0,2,33.0,50,Free,0.0,Everyone,Food & Drink,"March 8, 2018",0.8,2.3.3 and up
6647,Gold Wallpapers,PERSONALIZATION,4.5,43,28.0,10000,Free,0.0,Everyone,Personalization,"March 26, 2018",1.1,4.0 and up
6648,[Substratum] M5 Theme,PERSONALIZATION,4.4,16,6.7,5000,Free,0.0,Everyone,Personalization,"March 10, 2018",1.3.4,7.0 and up
6649,Zowi App,FAMILY,4.5,516,21.0,50000,Free,0.0,Everyone,Education;Education,"December 21, 2016",1.4.1,4.0.3 and up
6650,Bar-B-Q Recipes,FOOD_AND_DRINK,4.8,18,3.5,5000,Free,0.0,Everyone,Food & Drink,"August 15, 2016",1,4.0 and up
6651,System Update Free,TOOLS,4.3,3068,6.0,100000,Free,0.0,Everyone,Tools,"July 20, 2018",11.1,4.0 and up
6653,Bar BQ Tonight Dublin,LIFESTYLE,,0,22.0,50,Free,0.0,Everyone,Lifestyle,"May 20, 2018",1.1.9371,4.0.3 and up
6655,Woody's Bar-B-Q,FOOD_AND_DRINK,3.7,3,27.0,1000,Free,0.0,Everyone,Food & Drink,"March 5, 2018",1.01.03,4.1 and up
6656,Launcher Oreo 8.1,PERSONALIZATION,4.5,13466,3.4,500000,Free,0.0,Everyone,Personalization,"June 19, 2018",1.9,5.0 and up
6658,Free antivirus and VPN,TOOLS,4.3,27749,16.0,1000000,Free,0.0,Everyone,Tools,"July 19, 2018",3.3.6,4.0.3 and up
6659,Jimbo's Pit Bar B-Q,FOOD_AND_DRINK,,3,12.0,100,Free,0.0,Everyone,Food & Drink,"November 28, 2016",2.6.003,4.0 and up
6660,RoboPad++,FAMILY,4.4,77,10.0,10000,Free,0.0,Everyone,Education,"July 7, 2017",1.6,2.3 and up
6662,Simple Gallery,TOOLS,4.5,28030,9.0,1000000,Free,0.0,Everyone,Tools,"August 2, 2018",4.4.4,4.1 and up
6663,Pick-a-Paint,LIFESTYLE,1.6,242,36.0,50000,Free,0.0,Everyone,Lifestyle,"May 14, 2018",1.2.1,3.0 and up
6664,Miller's Bar B-Q,FOOD_AND_DRINK,,0,12.0,50,Free,0.0,Everyone,Food & Drink,"November 30, 2016",2.6.003,4.0 and up
6665,BAR-B-Q Recipes,FOOD_AND_DRINK,,0,3.6,100,Free,0.0,Everyone,Food & Drink,"January 30, 2018",1,4.0 and up
6667,Bar BQ Night Middlesbrough,SHOPPING,,0,19.0,100,Free,0.0,Teen,Shopping,"July 2, 2018",5.13.1,4.1 and up
6668,BQ Wings,FOOD_AND_DRINK,,1,13.0,50,Free,0.0,Everyone,Food & Drink,"July 17, 2018",2.7.0,4.1 and up
6669,Bible Quizzer - The App for Bible Quizzers,FAMILY,,0,33.0,100,Free,0.0,Everyone,Education,"August 2, 2018",30,4.2 and up
6670,Texas Bar-B-Q Rewards,FOOD_AND_DRINK,,0,14.0,5,Free,0.0,Everyone,Food & Drink,"March 28, 2018",2.0.24,4.1 and up
6671,4-T's Bar-BQ & Catering,SHOPPING,,0,0.2,10,Free,0.0,Everyone,Shopping,"January 16, 2017",1.0.1,4.1 and up
6672,"Zetup, print in one click",TOOLS,,40,24.0,1000,Free,0.0,Everyone,Tools,"January 26, 2018",1.11.6,5.0 and up
6674,Baskin-Robbins,FOOD_AND_DRINK,3.8,1103,6.6,100000,Free,0.0,Everyone,Food & Drink,"June 8, 2018",1.4.0-2,4.1 and up
6677,BR,LIFESTYLE,3.0,859,3.5,100000,Free,0.0,Everyone,Lifestyle,"July 19, 2018",1.7.7,2.2 and up
6678,Bleacher Report Live,SPORTS,4.0,232,32.0,50000,Free,0.0,Everyone,Sports,"August 1, 2018",2.1.2,5.0 and up
6681,BR Video Player,VIDEO_PLAYERS,4.0,46,3.1,5000,Free,0.0,Everyone,Video Players & Editors,"April 20, 2015",1.0.6,3.0 and up
6682,Br. Parking - Busy road Parking 3D 2018,FAMILY,4.5,41,30.0,5000,Free,0.0,Everyone,Simulation,"January 13, 2018",1.01,4.1 and up
6683,Br video editing,FAMILY,,1,34.0,100,Free,0.0,Everyone,Entertainment,"September 1, 2017",1,4.1 and up
6684,B R Telco FCU Mobile Banking,FINANCE,4.7,413,13.0,10000,Free,0.0,Everyone,Finance,"May 30, 2018",5.9.1.0,5.0 and up
6685,BR Chat Bot,SOCIAL,1.9,16,2.6,1000,Free,0.0,Everyone,Social,"June 30, 2016",1,4.0 and up
6686,Br Browser,SOCIAL,4.9,29,2.5,500,Free,0.0,Everyone,Social,"March 20, 2018",5,5.0 and up
6688,Dr B R Ambedkar (Jai Bhim),SOCIAL,4.7,2068,7.5,100000,Free,0.0,Everyone,Social,"April 13, 2014",1,2.2 and up
6689,Tv Br News,FAMILY,,4,0.6,100,Free,0.0,Everyone,Entertainment,"January 10, 2018",1.4,2.3 and up
6690,Br Shafi,FAMILY,4.9,1288,26.0,10000,Free,0.0,Everyone,Education,"July 11, 2018",1,4.1 and up
6691,Dr. B.R.Ambedkar,SOCIAL,4.8,1902,5.2,100000,Free,0.0,Everyone,Social,"June 5, 2014",1.3,2.1 and up
6693,Táxi Nacional BR,MAPS_AND_NAVIGATION,,88,9.1,5000,Free,0.0,Everyone,Maps & Navigation,"August 2, 2018",3.46.5,4.0.3 and up
6694,Texas HoldEm Poker Deluxe (BR),GAME,4.5,1418,26.0,10000,Free,0.0,Teen,Casino,"May 30, 2018",1.2.1,4.0.3 and up
6695,BR Classified,BUSINESS,,0,28.0,50,Free,0.0,Everyone,Business,"August 30, 2017",1,4.2 and up
6696,Top BR Chaya Songs,FAMILY,,0,3.8,10,Free,0.0,Everyone,Entertainment,"May 18, 2018",1,4.0.3 and up
6699,Cube BR LWP simple,PERSONALIZATION,,19,0.2,1000,Free,0.0,Everyone,Personalization,"November 25, 2016",1.5.2,2.1 and up
6700,Brick Breaker BR,GAME,5.0,7,19.0,5,Free,0.0,Everyone,Arcade,"July 23, 2018",1,4.1 and up
6702,BR Series,VIDEO_PLAYERS,3.9,1016,13.0,50000,Free,0.0,Teen,Video Players & Editors,"May 28, 2018",6,4.1 and up
6703,Loteria BR,FAMILY,,0,1.8,50,Free,0.0,Everyone,Entertainment,"May 17, 2017",1.0.6,4.0 and up
6704,Vidroid.com.br,NEWS_AND_MAGAZINES,,49,10.0,5000,Free,0.0,Everyone,News & Magazines,"November 25, 2017",8,4.0 and up
6705,CJ - BR MEMES,COMICS,4.3,109,3.5,10000,Free,0.0,Everyone,Comics,"January 18, 2018",1,4.0.3 and up
6706,CINE BR,VIDEO_PLAYERS,,23,7.5,1000,Free,0.0,Everyone,Video Players & Editors,"March 29, 2018",1,4.2 and up
6708,Next Portuguese(BR) Langpack,TOOLS,4.3,1320,0.8,100000,Free,0.0,Everyone,Tools,"September 13, 2013",1,2.0 and up
6709,BR Ambedkar Biography & Quotes,BOOKS_AND_REFERENCE,4.6,156,2.1,10000,Free,0.0,Everyone,Books & Reference,"June 11, 2018",2,2.3 and up
6710,B R COACHINGS,FAMILY,,1,9.2,10,Free,0.0,Everyone,Education,"July 12, 2018",1,4.4 and up
6711,B. R. Ambedkar Jayanti SMS,PERSONALIZATION,,0,3.0,500,Free,0.0,Everyone,Personalization,"March 19, 2018",1.2,4.0.3 and up
6715,True Skateboarding Ride Skateboard Game Freestyle,GAME,3.8,8175,31.0,1000000,Free,0.0,Everyone 10+,Arcade,"January 3, 2018",2.11.7,4.1 and up
6716,Bullshit! (Free),GAME,2.4,45,4.1,10000,Free,0.0,Teen,Card,"August 26, 2016",1.1,4.1 and up
6718,Bullshite!,GAME,2.8,48,13.0,10000,Free,0.0,Teen,Card,"April 10, 2016",1.0.1,4.1 and up
6721,BombSquad Remote,GAME,4.1,13304,1.3,1000000,Free,0.0,Everyone,Arcade,"November 30, 2016",1.2.21,4.0 and up
6723,BS CS IT & SE,FAMILY,4.6,9,6.9,1000,Free,0.0,Everyone,Education,"May 16, 2018",1.2,4.1 and up
6724,BSPlayer ARMv7 VFP CPU support,VIDEO_PLAYERS,4.3,9966,5.5,1000000,Free,0.0,Everyone,Video Players & Editors,"March 31, 2017",1.23,2.1 and up
6727,BS-Mobile,COMMUNICATION,5.0,1,0.7,50,Free,0.0,Everyone,Communication,"September 3, 2015",0.1,2.3 and up
6728,BS Meter (Ad Supported),FAMILY,3.9,14,0.6,1000,Free,0.0,Teen,Entertainment,"August 14, 2013",2,2.2 and up
6730,Simulator Brawl Box for BS,FAMILY,3.9,168,6.4,5000,Free,0.0,Everyone,Simulation,"June 27, 2017",1.1,4.0.3 and up
6731,BS Generator,FAMILY,4.2,5,3.3,100,Free,0.0,Everyone,Entertainment,"July 23, 2016",1.1,4.4 and up
6733,BS Films,FAMILY,,1,24.0,100,Free,0.0,Everyone,Entertainment,"December 12, 2017",2.0.0,4.3 and up
6734,BS Tractor,GAME,,3,36.0,100,Free,0.0,Everyone,Racing,"December 6, 2017",1,4.1 and up
6735,BS player remote,VIDEO_PLAYERS,3.5,54,0.2,10000,Free,0.0,Everyone,Video Players & Editors,"April 22, 2013",1,2.2 and up
6736,BibApp TU BS,FAMILY,,16,3.5,1000,Free,0.0,Everyone,Education,"December 15, 2014",2.0.0,4.0 and up
6737,King of B.S.,FAMILY,4.0,4,0.8,100,Free,0.0,Everyone,Education,"June 9, 2014",1.0.1,4.0.3 and up
6738,BS Chopper,GAME,,0,41.0,100,Free,0.0,Everyone,Racing,"October 5, 2017",1,4.1 and up
6739,BS Play,FAMILY,3.7,56,1.5,5000,Free,0.0,Everyone,Education,"March 4, 2015",1.1.2,4.0 and up
6740,B@dL!bs Lite,GAME,3.8,10,36.0,1000,Free,0.0,Mature 17+,Word,"April 5, 2016",6,4.0.3 and up
6741,BS Battery+,TOOLS,4.3,269,0.6,50000,Free,0.0,Everyone,Tools,"August 18, 2012",4.0.1,2.0 and up
6742,ATC Unico BS,COMMUNICATION,,10,5.3,500,Free,0.0,Everyone,Communication,"October 16, 2015",0.12,4.1 and up
6743,Revista BS,NEWS_AND_MAGAZINES,,10,19.0,100,Free,0.0,Everyone,News & Magazines,"January 13, 2017",0.0.5,4.1 and up
6744,BS MAPS,MAPS_AND_NAVIGATION,4.5,6,2.5,50,Free,0.0,Everyone,Maps & Navigation,"July 28, 2018",2.1,4.0 and up
6746,BS Where Am I,TOOLS,,9,2.8,50,Free,0.0,Everyone,Tools,"July 5, 2018",2.3,2.3 and up
6747,Bsc Agri Notes,FAMILY,4.5,301,5.6,10000,Free,0.0,Everyone,Education,"July 1, 2018",1,4.1 and up
6749,BSC IT,FAMILY,4.4,847,21.0,10000,Free,0.0,Everyone,Education,"July 16, 2018",2.3,4.0.3 and up
6750,BS TRACK CLIENT,TOOLS,,0,0.2,10,Free,0.0,Everyone,Tools,"August 13, 2017",1.1,1.5 and up
6751,Kiosko BS,NEWS_AND_MAGAZINES,,55,22.0,1000,Free,0.0,Everyone,News & Magazines,"May 12, 2017",2,4.0 and up
6754,CABLE SIZE CALCULATOR BS 7671,TOOLS,3.9,333,1.1,100000,Free,0.0,Everyone,Tools,"February 3, 2016",2.4,2.3 and up
6755,Corporate B.S. Generator,BUSINESS,,0,6.9,10,Free,0.0,Everyone,Business,"November 20, 2017",1,3.0 and up
6757,Strætó.is,MAPS_AND_NAVIGATION,3.1,742,15.0,100000,Free,0.0,Everyone,Maps & Navigation,"July 9, 2018",5.7,4.1 and up
6758,VOLT DROP CALCULATOR BS 7671,TOOLS,3.9,71,1.1,10000,Free,0.0,Everyone,Tools,"January 26, 2016",2,2.3 and up
6759,BSc Ag Entrance Preparation,FAMILY,4.4,138,6.2,10000,Free,0.0,Everyone,Education,"May 31, 2018",3.7,4.1 and up
6761,Black Survival,FAMILY,4.4,48451,52.0,1000000,Free,0.0,Teen,Strategy,"August 1, 2018",4.6.00,4.0.3 and up
6762,Black Social,SOCIAL,4.6,22,8.7,1000,Free,0.0,Teen,Social,"August 5, 2018",31.1.4,4.3 and up
6764,Little Magnet BT,TOOLS,4.6,3703,3.8,100000,Free,0.0,Everyone,Tools,"August 5, 2018",4.1.4,4.2 and up
6765,BT Notifier,TOOLS,2.5,2794,3.8,1000000,Free,0.0,Everyone,Tools,"May 28, 2018",2.9,4.3 and up
6767,Bt Notifier -Smartwatch notice,TOOLS,2.8,632,8.2,500000,Free,0.0,Everyone,Tools,"May 23, 2017",1,6.0 and up
6768,BT One Voice mobile access,COMMUNICATION,4.0,32,0.4,5000,Free,0.0,Everyone,Communication,"July 30, 2015",Version 1.6,1.6 and up
6769,BT One Mobile secure access,BUSINESS,3.4,54,5.7,10000,Free,0.0,Everyone,Business,"July 28, 2016",3.61,2.3.3 and up
6770,BT Communicator,SOCIAL,3.8,32,1.6,10000,Free,0.0,Teen,Social,"December 16, 2016",1,1.6 and up
6771,BT One Voice anywhere,BUSINESS,4.5,80,16.0,10000,Free,0.0,Everyone,Business,"December 23, 2016",2.54.3,2.2 and up
6772,BT Find Address for Bluetooth,BUSINESS,4.8,8,2.6,5000,Free,0.0,Everyone,Business,"October 31, 2017",2,3.0 and up
6773,BT Camera,PHOTOGRAPHY,3.3,1307,6.6,500000,Free,0.0,Everyone,Photography,"February 24, 2017",1.8,2.3 and up
6774,BT Messenger,COMMUNICATION,3.9,97,0.6,50000,Free,0.0,Everyone,Communication,"May 15, 2015",1,2.2 and up
6775,BT One Phone Mobile App,COMMUNICATION,3.5,33,2.7,10000,Free,0.0,Everyone,Communication,"September 18, 2017",2.2.6,4.1 and up
6777,SW-100.tch by Callstel,COMMUNICATION,4.0,1926,0.7,1000000,Free,0.0,Everyone,Communication,"December 16, 2015",1.3.20,2.2 and up
6778,BT App,NEWS_AND_MAGAZINES,,24,14.0,1000,Free,0.0,Everyone,News & Magazines,"July 19, 2018",1.0.124,4.2 and up
6779,BT MeetMe with Dolby Voice,COMMUNICATION,3.6,437,12.0,100000,Free,0.0,Everyone,Communication,"July 13, 2018",2.66.5,5.0 and up
6780,ProGrade BT,TOOLS,,0,46.0,500,Free,0.0,Everyone,Tools,"April 27, 2018",1.0.2,4.3 and up
6781,BT Share It,BUSINESS,4.7,12,13.0,500,Free,0.0,Everyone,Business,"May 16, 2018",3.4.2,4.4 and up
6783,Wifi BT Scanner,FAMILY,5.0,2,1.2,500,Free,0.0,Everyone,Education,"November 3, 2016",1,4.0.3 and up
6784,Ultimate Control BT,BUSINESS,4.6,14,4.3,500,Free,0.0,Everyone,Business,"June 6, 2018",3.3.2,4.4 and up
6785,BT Controller,TOOLS,3.9,4374,13.0,1000000,Free,0.0,Everyone,Tools,"June 25, 2018",3.1.3,4.2 and up
6786,BT Church,LIFESTYLE,4.9,26,8.4,1000,Free,0.0,Teen,Lifestyle,"June 25, 2018",3.8.0,4.1 and up
6787,Mediatek SmartDevice,TOOLS,3.6,11187,7.3,1000000,Free,0.0,Everyone,Tools,"March 17, 2017",V1.7.6,4.0 and up
6788,LG BT Reader Plus,TOOLS,3.7,2992,0.6,500000,Free,0.0,Everyone,Tools,"February 25, 2016",2.1.11,4.1 and up
6789,BT Mobile,MAPS_AND_NAVIGATION,3.9,22,3.2,1000,Free,0.0,Everyone,Maps & Navigation,"July 4, 2018",2.2,4.1 and up
6790,MagicLight BT,LIFESTYLE,2.7,135,6.5,10000,Free,0.0,Everyone,Lifestyle,"July 11, 2018",1.2.1,4.3 and up
6791,Bluetooth Control BT->uC FREE,TOOLS,3.8,67,2.7,10000,Free,0.0,Everyone,Tools,"June 6, 2016",1.9.0,3.0 and up
6792,B.T.,NEWS_AND_MAGAZINES,2.8,636,1.4,100000,Free,0.0,Everyone,News & Magazines,"June 8, 2018",1.12.2,4.1 and up
6793,Autool BT-BOX,TOOLS,3.5,4,17.0,500,Free,0.0,Everyone,Tools,"May 12, 2018",1.0.1,4.3 and up
6794,BT Remote (SPP) for Bluetooth,TOOLS,4.1,36,3.1,10000,Free,0.0,Everyone,Tools,"October 24, 2016",1.16,2.3.3 and up
6795,BT Satmeter,TOOLS,,0,2.4,100,Free,0.0,Everyone,Tools,"April 12, 2018",V2.3,4.3 and up
6798,Battery Notifier BT Free,TOOLS,4.5,21979,1.0,1000000,Free,0.0,Everyone,Tools,"June 7, 2017",2.1.15,1.6 and up
6799,"BT Dating -Find your match, help cupid, be social",SOCIAL,4.1,158,26.0,50000,Free,0.0,Mature 17+,Social,"July 19, 2018",2.3,4.1 and up
6800,BT (Usage Interne),LIBRARIES_AND_DEMO,,3,19.0,100,Free,0.0,Everyone,Libraries & Demo,"August 17, 2017",1.1,2.3 and up
6801,BT Position Sender - Bluetooth Position Sender,TOOLS,,0,2.9,10,Free,0.0,Everyone,Tools,"July 3, 2018",1.2.0,4.4 and up
6802,Aegis BT,BUSINESS,4.8,16,4.5,500,Free,0.0,Everyone,Business,"September 6, 2017",1.0.10,4.1 and up
6803,BT Master,FAMILY,,0,0.2,100,Free,0.0,Everyone,Education,"November 6, 2016",,1.6 and up
6804,OSRAM BT Control,TOOLS,,2,42.0,1000,Free,0.0,Everyone,Tools,"December 15, 2017",1.0.5,4.4 and up
6805,Vip视频免费看-BT磁力搜索,TOOLS,,20,7.9,1000,Free,0.0,Everyone,Tools,"June 8, 2018",1.2,4.0 and up
6806,AudioBT: BT audio GPS/SMS/Text,COMMUNICATION,3.4,198,0.2,50000,Free,0.0,Everyone,Communication,"February 21, 2017",3.2.1,4.0 and up
6807,Jabbla BT,TOOLS,5.0,3,0.1,100,Free,0.0,Everyone,Tools,"October 6, 2014",1,4.2 and up
6810,SenseView BT Zephyr Sensor,TOOLS,4.3,37,0.3,5000,Free,0.0,Everyone,Tools,"May 15, 2015",1.1.15205,2.2 and up
6812,Boston University Alumni,FAMILY,1.8,5,5.2,1000,Free,0.0,Everyone,Education,"December 2, 2017",4,4.4 and up
6813,BU Bus Tracker,MAPS_AND_NAVIGATION,4.2,57,15.0,10000,Free,0.0,Everyone,Maps & Navigation,"September 5, 2017",2.02,4.1 and up
6814,kick the buddy,GAME,3.3,294,19.0,10000,Free,0.0,Everyone,Arcade,"July 19, 2018",1,3.0 and up
6815,BU Bookstore,SHOPPING,,2,7.6,1000,Free,0.0,Everyone,Shopping,"March 19, 2018",3.0.2,4.1 and up
6816,BU Study,FAMILY,5.0,7,5.6,10,Free,0.0,Everyone,Education,"December 7, 2017",1,4.0.3 and up
6817,BU Dental GoGoldman,TRAVEL_AND_LOCAL,,0,18.0,100,Free,0.0,Everyone,Travel & Local,"September 1, 2017",1.2,4.4 and up
6818,Bu Hangi Uygulama ?,FAMILY,,1,24.0,10,Free,0.0,Everyone,Puzzle,"March 6, 2018",3.2.6z,4.0.3 and up
6819,BU Questrom Launch,TRAVEL_AND_LOCAL,,3,10.0,100,Free,0.0,Everyone,Travel & Local,"July 17, 2015",1.0.4,3.0 and up
6820,sustainability@BU,LIFESTYLE,4.8,10,11.0,1000,Free,0.0,Everyone,Lifestyle,"January 18, 2018",4.2.7,4.1 and up
6821,BU School of Public Health,TRAVEL_AND_LOCAL,,0,29.0,10,Free,0.0,Everyone,Travel & Local,"May 20, 2018",1.4,4.4 and up
6822,BU Mobile,FAMILY,4.5,472,4.3,10000,Free,0.0,Everyone,Education,"July 6, 2018",2.4.1,2.3.3 and up
6823,Barisal University App-BU Face,FAMILY,5.0,100,10.0,1000,Free,0.0,Everyone,Education,"May 6, 2018",3.1.1,4.0.3 and up
6825,BU Students' Rep. Council,FAMILY,4.7,38,5.3,500,Free,0.0,Everyone,Education,"July 5, 2018",5.45.0_713,4.0 and up
6826,On a Bu Pour Vous OBPV,LIFESTYLE,,0,5.4,10,Free,0.0,Teen,Lifestyle,"February 6, 2018",3,4.1 and up
6827,BU Calculator,FAMILY,4.6,69,3.1,1000,Free,0.0,Everyone,Education,"July 24, 2017",2.4,4.0.3 and up
6828,BU Beauty Rooms,BEAUTY,,1,6.0,50,Free,0.0,Everyone,Beauty,"February 17, 2017",1,4.4 and up
6829,Bu Hangi Firma?,FAMILY,,8,26.0,100,Free,0.0,Everyone,Trivia;Education,"December 10, 2017",3.3.6z,4.0.3 and up
6830,BU Syllabus,FAMILY,4.5,38,6.5,1000,Free,0.0,Everyone,Education,"September 21, 2017",1.0.3,4.0.3 and up
6831,Bu Hangi Ünlü?,GAME,,1,19.0,10,Free,0.0,Everyone,Trivia,"June 9, 2018",3.3.7z,4.0.3 and up
6832,Bu Nedir ?,GAME,,0,33.0,50,Free,0.0,Everyone,Trivia,"April 15, 2018",3.1.6z,4.0.3 and up
6833,BU Bison Nation,SPORTS,3.5,4,40.0,100,Free,0.0,Everyone,Sports,"September 21, 2017",6.0.2,4.4 and up
6834,Kim Bu Youtuber?,FAMILY,,11,9.2,1000,Free,0.0,Everyone,Puzzle,"September 9, 2017",1,4.0 and up
6835,BU HANGİ ŞARKI ? - 2018,GAME,,4,28.0,100,Free,0.0,Everyone,Trivia,"June 2, 2018",3.1.7z,4.0.3 and up
6836,BU Library,FAMILY,3.5,4,21.0,1000,Free,0.0,Everyone,Education,"September 22, 2017",1.1,4.3 and up
6838,BU Alsace,BOOKS_AND_REFERENCE,,3,4.0,100,Free,0.0,Everyone,Books & Reference,"October 3, 2017",3.1.1,2.3 and up
6839,Bu Hangi Oyun ?,GAME,,2,26.0,50,Free,0.0,Everyone,Word,"March 11, 2018",3.1.6z,4.0.3 and up
6841,Bu Hangi Youtuber ?,GAME,,31,26.0,1000,Free,0.0,Everyone,Trivia,"August 31, 2017",3.2.2dk,4.0.3 and up
6842,Nedir Bu ?,GAME,,0,33.0,10,Free,0.0,Everyone,Trivia,"March 18, 2018",3.1.6z,4.0.3 and up
6843,Bu Hangi Film ?,FAMILY,,3,25.0,100,Free,0.0,Everyone,Puzzle,"August 31, 2017",3.2.2dk,4.0.3 and up
6844,Khrifa Hla Bu (Solfa),BOOKS_AND_REFERENCE,,0,44.0,10,Free,0.0,Everyone,Books & Reference,"July 8, 2018",1,2.1 and up
6846,Bu Hangi Dizi ?,GAME,,14,19.0,1000,Free,0.0,Everyone,Trivia,"May 4, 2018",3.1.7z,4.0.3 and up
6847,Kristian Hla Bu,BOOKS_AND_REFERENCE,4.8,238,27.0,10000,Free,0.0,Everyone,Books & Reference,"May 25, 2018",1,4.0 and up
6848,SA HLA BU,BOOKS_AND_REFERENCE,4.7,119,1.5,1000,Free,0.0,Everyone,Books & Reference,"September 21, 2017",1,4.1 and up
6850,Büfe BU,LIFESTYLE,4.1,14,13.0,100,Free,0.0,Everyone,Lifestyle,"October 17, 2015",2,4.0.3 and up
6851,BV Mobile Apps,PRODUCTIVITY,5.0,3,4.8,100,Free,0.0,Everyone,Productivity,"June 5, 2018",2,4.2 and up
6852,BV,COMMUNICATION,5.0,3,1.6,100,Free,0.0,Everyone,Communication,"August 4, 2016","1,01",3.0 and up
6853,Bacterial Vaginosis,HEALTH_AND_FITNESS,,1,4.9,100,Free,0.0,Everyone,Health & Fitness,"February 21, 2018",1.2,4.0 and up
6854,Bacterial Vaginosis 🇺🇸,HEALTH_AND_FITNESS,,1,3.5,500,Free,0.0,Teen,Health & Fitness,"November 1, 2017",1.1,2.3 and up
6855,Bacterial Vaginosis Symptoms & Treatment,MEDICAL,,0,8.7,500,Free,0.0,Everyone,Medical,"January 18, 2018",1.1,4.0.3 and up
6856,Bacteria Vaginosis,HEALTH_AND_FITNESS,4.0,4015,7.7,1000000,Free,0.0,Mature 17+,Health & Fitness,"April 27, 2017",6,3.0 and up
6857,Hilverda De Boer B.V. App,SHOPPING,,5,19.0,500,Free,0.0,Everyone,Shopping,"February 2, 2018",2.5.0,4.0.3 and up
6858,BV Smart,BUSINESS,4.3,28,3.4,1000,Free,0.0,Everyone,Business,"May 1, 2015",1.1,4.0 and up
6859,BV Forest,BUSINESS,,0,2.9,100,Free,0.0,Everyone,Business,"May 9, 2018",2.1.18,4.4 and up
6860,Bacterial Vaginosis Symptoms,MEDICAL,4.1,698,2.4,100000,Free,0.0,Everyone 10+,Medical,"February 3, 2015",1.1,3.0 and up
6861,BV Sridhara Maharaj,FAMILY,5.0,8,2.7,100,Free,0.0,Everyone,Entertainment,"December 3, 2017",1.1,4.1 and up
6862,BV Aventure,TRAVEL_AND_LOCAL,,0,5.0,100,Free,0.0,Everyone,Travel & Local,"July 22, 2016",1.3.6,4.0 and up
6863,Bacterial vaginosis Treatment - Sexual disease,HEALTH_AND_FITNESS,5.0,2,5.9,500,Free,0.0,Everyone,Health & Fitness,"June 25, 2018",2,4.0.3 and up
6864,BV Link,BUSINESS,,10,2.8,100,Free,0.0,Everyone,Business,"April 11, 2018",1.3.0,4.1 and up
6865,Bacterial Vaginosis Treatment,MEDICAL,,0,3.4,50,Free,0.0,Everyone,Medical,"June 25, 2018",1,4.0 and up
6866,BV Bombers,SPORTS,,0,12.0,100,Free,0.0,Everyone,Sports,"January 31, 2017",7.1.5,4.0 and up
6867,Schulman B.V.,SHOPPING,4.0,6,20.0,100,Free,0.0,Everyone,Shopping,"September 14, 2016",1,4.1 and up
6868,BV MAAp,BUSINESS,,9,4.2,100,Free,0.0,Everyone,Business,"December 4, 2015",1.1.3,4.1 and up
6869,BV Taxi - Driver,MAPS_AND_NAVIGATION,,1,10.0,10,Free,0.0,Everyone,Maps & Navigation,"January 17, 2018",2.19.20180117,4.1 and up
6870,BV Taxi Sudan,MAPS_AND_NAVIGATION,3.5,8,26.0,10,Free,0.0,Everyone,Maps & Navigation,"January 17, 2018",1.2.20180117,4.1 and up
6871,van Gennip Textiles BV,LIFESTYLE,,1,4.0,100,Free,0.0,Everyone,Lifestyle,"June 28, 2018",1.1.5,4.1 and up
6872,bacterial vaginosis,MEDICAL,,0,3.6,10,Free,0.0,Teen,Medical,"March 26, 2018",1,4.0 and up
6874,Meu Cartão BV,FINANCE,4.1,15057,5.7,500000,Free,0.0,Everyone,Finance,"August 3, 2018",2.4.0,5.0 and up
6875,BV Rando,TRAVEL_AND_LOCAL,,0,3.6,100,Free,0.0,Everyone,Travel & Local,"July 22, 2016",1.2.4,4.0 and up
6877,StartPage Private Search,LIFESTYLE,4.6,10198,2.2,100000,Free,0.0,Everyone,Lifestyle,"August 21, 2017",1.1,2.1 and up
6878,DHV accountancy BV,BUSINESS,,0,10.0,10,Free,0.0,Everyone,Business,"April 21, 2016",1,4.0 and up
6879,BV Frankfurt inside,SPORTS,,3,4.8,50,Free,0.0,Everyone,Sports,"June 21, 2018",1.5,4.4 and up
6880,BV Teknisk App,BUSINESS,,0,2.0,50,Free,0.0,Everyone,Business,"January 15, 2016",4.1.2099,4.0 and up
6883,OLX Uganda Sell Buy Cellphones,SHOPPING,4.2,4977,9.8,100000,Free,0.0,Everyone,Shopping,"July 25, 2018",11.15.03,4.1 and up
6884,Feel Performer,COMMUNICATION,2.2,62,34.0,10000,Free,0.0,Everyone,Communication,"April 9, 2018",2.0.3,4.1 and up
6888,BV Productions,BUSINESS,,0,2.8,1,Free,0.0,Everyone,Business,"October 25, 2016",1.0.1,4.0 and up
6889,Allsetra B.V.,BUSINESS,4.1,15,24.0,1000,Free,0.0,Everyone,Business,"April 5, 2018",3.1.2,4.3 and up
6891,Philips Hue,LIFESTYLE,3.1,10006,53.0,1000000,Free,0.0,Everyone,Lifestyle,"July 26, 2018",3.2.0,5.0 and up
6892,Evolution: Battle for Utopia,FAMILY,4.2,246705,27.0,1000000,Free,0.0,Teen,Strategy,"May 4, 2018",3.5.2,4.0.3 and up
6893,Home Remedies for Bacterial Infections,HEALTH_AND_FITNESS,,0,4.4,50,Free,0.0,Everyone,Health & Fitness,"April 19, 2018",1,2.2 and up
6894,Best Western To Go,TRAVEL_AND_LOCAL,3.0,2719,17.0,100000,Free,0.0,Teen,Travel & Local,"August 2, 2018",5.14.1,4.2 and up
6896,BW Smart,TOOLS,3.7,50,19.0,5000,Free,0.0,Everyone,Tools,"June 6, 2017",v1.2.2,4.0 and up
6898,BW-Go Free,GAME,4.6,547,1.3,10000,Free,0.0,Everyone,Board,"June 18, 2015",4.8.1,2.3 and up
6899,BlitzWolf Shutter - BW Shutter,PHOTOGRAPHY,2.9,333,1.8,50000,Free,0.0,Everyone,Photography,"November 22, 2017",1.8.0,4.0 and up
6900,Black & White Camera - Lovely BW,PHOTOGRAPHY,4.2,329,4.8,100000,Free,0.0,Everyone,Photography,"November 13, 2017",1.1.0,4.4 and up
6901,BW-Joseki,GAME,4.7,705,1.8,10000,Free,0.0,Everyone,Board,"July 28, 2015",1.2.1,4.0.3 and up
6902,BW-DGS plugin,GAME,4.5,70,0.7,1000,Free,0.0,Everyone,Board,"May 13, 2018",1.6.0,4.0 and up
6903,BW App,LIFESTYLE,2.8,48,12.0,5000,Free,0.0,Everyone,Lifestyle,"September 27, 2017",2.8.216.6-ba,4.0 and up
6904,Learn SAP BW,BOOKS_AND_REFERENCE,,2,20.0,500,Free,0.0,Everyone,Books & Reference,"February 13, 2018",1.1,4.0 and up
6905,Next Launcher 3D Theme Stun-BW,PERSONALIZATION,4.4,2839,5.1,100000,Free,0.0,Everyone,Personalization,"January 11, 2014",1,2.2 and up
6906,Standard Chartered Mobile (BW),FINANCE,4.4,96,7.2,10000,Free,0.0,Everyone,Finance,"August 5, 2018",2.9,4.0 and up
6907,BW Mobilbanking für Smartphone und Tablet,FINANCE,4.1,2048,24.0,100000,Free,0.0,Everyone,Finance,"July 10, 2018",4.2.0,4.4 and up
6908,BW COMPANY FINDER,BUSINESS,4.6,48,7.4,1000,Free,0.0,Everyone,Business,"August 21, 2017",1.5,4.0 and up
6909,BW Taxi,MAPS_AND_NAVIGATION,3.0,67,53.0,5000,Free,0.0,Everyone,Maps & Navigation,"May 1, 2018",3.19.34,5.0 and up
6910,BW-GnuGo,GAME,4.1,64,1.3,5000,Free,0.0,Everyone,Board,"June 2, 2013",2.0.0,2.2 and up
6912,BW SmartLife,TOOLS,,0,8.8,100,Free,0.0,Everyone,Tools,"December 5, 2017",1.1.8,4.1 and up
6913,Bw Events,EVENTS,4.4,16,1.7,100,Free,0.0,Everyone,Events,"August 9, 2016",1,4.0 and up
6915,Learn SAP BW on HANA,BOOKS_AND_REFERENCE,,0,13.0,500,Free,0.0,Everyone,Books & Reference,"February 13, 2018",1.1,4.0 and up
6916,Analog BW - Camera filter effect foto film retouch,PHOTOGRAPHY,,2,17.0,100,Free,0.0,Everyone,Photography,"May 23, 2018",1.1,4.4 and up
6917,BW Ultra,PRODUCTIVITY,,0,24.0,10,Free,0.0,Everyone,Productivity,"July 3, 2018",1,4.0 and up
6918,BW-IVMS,PRODUCTIVITY,,0,17.0,100,Free,0.0,Everyone,Productivity,"July 26, 2018",12.0.18071400,4.1 and up
6920,BW Wallpaper,PERSONALIZATION,4.5,4,0.5,50,Free,0.0,Everyone,Personalization,"December 31, 2016",1.4,4.0 and up
6921,Skull Widget BW,PERSONALIZATION,4.5,4,1.7,10,Free,0.0,Everyone,Personalization,"February 28, 2018",1.1,4.4 and up
6922,BW Map mobile,TRAVEL_AND_LOCAL,3.6,57,32.0,10000,Free,0.0,Everyone,Travel & Local,"May 31, 2018",3.2,4.0 and up
6923,Bell and Wyson Camera BW Pix +,LIFESTYLE,2.0,8,12.0,1000,Free,0.0,Everyone,Lifestyle,"November 14, 2016",2.0.18.23,2.3 and up
6924,Best Western e-Concierge Hotel,TRAVEL_AND_LOCAL,4.0,41,23.0,10000,Free,0.0,Everyone,Travel & Local,"June 4, 2018",2.8.1,5.0 and up
6926,SAP BW Tutorial,FAMILY,4.0,11,9.4,1000,Free,0.0,Everyone,Education,"January 10, 2016",0.0.1,4.1 and up
6927,Kromium BW Theme for NEXT,PERSONALIZATION,4.3,1098,18.0,50000,Free,0.0,Everyone,Personalization,"October 11, 2014",1.0.1,3.0 and up
6928,IP address BW,PRODUCTIVITY,,7,1.8,500,Free,0.0,Everyone,Productivity,"November 20, 2014",1,2.2 and up
6930,Fantasy theme dark bw black building,ART_AND_DESIGN,4.8,41,1.9,5000,Free,0.0,Everyone,Art & Design,"March 20, 2018",1.0.2,4.0 and up
6931,Keyboard Theme Gate Flat BW,PERSONALIZATION,4.5,75,2.6,10000,Free,0.0,Mature 17+,Personalization,"May 26, 2016",2,4.0.3 and up
6932,BW Switch,GAME,,1,13.0,10,Free,0.0,Everyone,Arcade,"April 16, 2018",1.25,4.1 and up
6933,Tutorials for SAP BW Offline,FAMILY,,1,16.0,100,Free,0.0,Everyone,Education,"December 21, 2017",1,4.0 and up
6934,BL Essentials BW Icon Pack,PERSONALIZATION,4.2,17,1.0,1000,Free,0.0,Everyone,Personalization,"May 6, 2013",1.0.1,2.1 and up
6935,Hypocam,PHOTOGRAPHY,4.5,12572,8.5,1000000,Free,0.0,Everyone,Photography,"March 14, 2018",1.31,4.0 and up
6937,BW Fuhlenbrock,SPORTS,,4,8.2,100,Free,0.0,Everyone,Sports,"September 27, 2017",4.2.0,4.1 and up
6938,BW eServices,BUSINESS,,1,3.8,10,Free,0.0,Everyone,Business,"June 5, 2018",1,4.2 and up
6939,B&W Photo Filter Editor,PHOTOGRAPHY,3.9,205,2.4,50000,Free,0.0,Everyone,Photography,"July 29, 2017",1.0.5,4.0 and up
6940,BW t&t,PRODUCTIVITY,,2,1.7,10,Free,0.0,Everyone,Productivity,"December 15, 2016",1,4.1 and up
6941,EBook For SAP BW ON HANA Learning Free,FAMILY,,0,10.0,50,Free,0.0,Everyone,Education,"April 2, 2018",1.0.1,4.0 and up
6942,BX Memo,FAMILY,4.3,131,2.0,5000,Free,0.0,Everyone,Education,"November 17, 2016",3.3.1,2.2 and up
6944,Bixby Button Remapper - bxActions,TOOLS,4.3,13064,4.6,1000000,Free,0.0,Everyone,Tools,"May 23, 2018",4.72,7.0 and up
6945,Bitcoin BX Thailand,FINANCE,3.7,120,31.0,10000,Free,0.0,Everyone,Finance,"October 23, 2017",4.1,4.0.3 and up
6946,Bx Thailand Alert (Bitcoin),FINANCE,4.7,3,8.2,100,Free,0.0,Everyone,Finance,"February 5, 2018",1.0.2,4.2 and up
6947,bX Hot Articles by Ex Libris,FAMILY,4.3,42,0.6,5000,Free,0.0,Everyone,Education,"May 9, 2017",2,2.2 and up
6949,Bitcoin Bx (Thailand),FINANCE,4.5,101,6.9,10000,Free,0.0,Everyone,Finance,"August 4, 2018",1.8.4,5.0 and up
6950,Bx-WiFi-GI,VIDEO_PLAYERS,,0,21.0,100,Free,0.0,Everyone,Video Players & Editors,"August 15, 2017",1.3.6,4.1 and up
6951,BX Mobile TMC for SAP B1,BUSINESS,4.7,3,11.0,100,Free,0.0,Everyone,Business,"January 20, 2015",1.0.16,4.0.3 and up
6952,BX Thailand - Crypto Tracking & Analyse Bitcoin,FINANCE,,2,34.0,100,Free,0.0,Everyone,Finance,"March 10, 2018",1.7,4.0.3 and up
6953,BxPort - Bitcoin Bx (Thailand),FINANCE,5.0,4,4.1,50,Free,0.0,Everyone,Finance,"July 14, 2018",1.0.4,4.2 and up
6954,Bx Access 4d,TOOLS,,1,1.9,100,Free,0.0,Everyone,Tools,"April 29, 2016",2.2.1,4.0 and up
6955,bX Thailand Simple Market Price and Alert,FINANCE,,8,3.5,1000,Free,0.0,Everyone,Finance,"July 29, 2018",2.5.2,4.4 and up
6956,QR & Barcode Scanner BX PRO,TOOLS,,4,3.0,1000,Free,0.0,Everyone,Tools,"October 30, 2017",1,4.2 and up
6957,BX Diff - Crypto Coins Checker,FINANCE,4.6,83,4.0,5000,Free,0.0,Everyone,Finance,"July 16, 2018",1.0.21,4.4 and up
6958,bitcoin exchange bx thailand,FINANCE,2.9,19,2.2,5000,Free,0.0,Everyone,Finance,"June 26, 2017",1.6,4.4 and up
6959,CSHS BX,FAMILY,,0,18.0,100,Free,0.0,Everyone,Education,"April 17, 2018",1.0.5.170418-cardspl,4.4 and up
6960,Bitcoin & Cryptocurrency - Bx,FINANCE,4.8,11,3.7,1000,Free,0.0,Everyone,Finance,"November 28, 2017",0.1.6,4.1 and up
6961,Benefit Extras Mobile App,HEALTH_AND_FITNESS,2.3,3,2.4,1000,Free,0.0,Everyone,Health & Fitness,"July 18, 2018",6,5.0 and up
6962,Kick Axe Bx,HEALTH_AND_FITNESS,,0,9.3,1,Free,0.0,Everyone,Health & Fitness,"June 7, 2017",1.0.1,4.0 and up
6963,Car Driving Simulator Citroen,FAMILY,3.8,174,44.0,10000,Free,0.0,Everyone,Simulation,"July 18, 2017",1,2.3 and up
6964,LEDSHOWTW,TOOLS,4.2,5,31.0,500,Free,0.0,Everyone,Tools,"April 23, 2018",1.3.3,4.0.3 and up
6965,C3-C4-PİCASSO-ELYSEE RACİNG,GAME,,12,48.0,1000,Free,0.0,Everyone,Arcade,"February 12, 2017","1,01",4.0 and up
6966,Water Surfer Floating BMX Bicycle Rider Racing,FAMILY,4.4,551,38.0,100000,Free,0.0,Everyone,Simulation,"July 3, 2017",1,2.3 and up
6967,Driving Cars Simulator Citroen,GAME,,3,49.0,100,Free,0.0,Everyone,Racing,"April 5, 2018",1,4.4 and up
6969,Tiny Call Confirm,COMMUNICATION,4.1,22782,0.4,1000000,Free,0.0,Everyone,Communication,"March 25, 2015",4.2.0,2.2 and up
6970,Casa de Bolsa Bx+ Móvil,FINANCE,3.4,5,8.8,500,Free,0.0,Everyone,Finance,"July 18, 2017",1.0.7,4.0 and up
6973,Limbo PC Emulator QEMU ARM x86,TOOLS,4.2,13005,9.7,1000000,Free,0.0,Everyone,Tools,"January 21, 2018",no_update_signal.2_9_1_arm-x86_64-alpha,4.2 and up
6975,Crypto Tracker by BitScreener,FINANCE,4.7,396,12.0,10000,Free,0.0,Everyone,Finance,"August 5, 2018",3.1.5,5.0 and up
6979,Roulette Advisor LITE,GAME,4.1,41,1.4,5000,Free,0.0,Everyone,Casino,"August 21, 2014",2.2,3.0 and up
6981,BMX Boy Bike Stunt Rider Game,GAME,3.8,299,25.0,10000,Free,0.0,Everyone,Racing,"November 10, 2017",1.1,4.1 and up
6983,Best Friends Dress Up & Makeup,FAMILY,3.7,7664,44.0,500000,Free,0.0,Everyone,Casual;Pretend Play,"September 9, 2015",1.0.3,4.0.3 and up
6984,World of Warriors: Duel,GAME,4.3,25952,36.0,500000,Free,0.0,Everyone 10+,Action,"September 7, 2015",1.1.2,2.3 and up
6988,Quadratic Equation Solver with Steps and Graphs,FAMILY,4.7,513,9.8,50000,Free,0.0,Everyone,Education,"December 14, 2017",1.4.1,4.0 and up
6990,Car Race by Fun Games For Free,GAME,4.3,54221,47.0,1000000,Free,0.0,Everyone,Racing,"June 15, 2013",1.2,2.3 and up
6991,Adult Color By Number Book: Number Coloring Pages,FAMILY,4.2,2231,37.0,500000,Free,0.0,Everyone,Entertainment,"July 23, 2018",2.9,4.4 and up
6992,Glitter Color By Number - Glitter Number Coloring,FAMILY,3.5,1380,6.9,500000,Free,0.0,Everyone,Entertainment,"July 18, 2018",1.6,4.0 and up
6994,Sandbox Art-Sandbox Color by Number Coloring Pages,FAMILY,4.7,12784,15.0,1000000,Free,0.0,Everyone,Entertainment,"August 4, 2018",1.3.3,4.1 and up
6995,One Today by Google,LIFESTYLE,4.5,2586,9.4,100000,Free,0.0,Everyone,Lifestyle,"December 17, 2015",1.9.0.110162364,4.0.3 and up
6996,Art Pixel Coloring. Color by Number.,FAMILY,4.5,992,49.0,100000,Free,0.0,Teen,Entertainment,"August 2, 2018",1.2.0.200,4.2 and up
6997,Color By Number - Sandbox Pixel Coloring Book,FAMILY,4.7,24557,24.0,1000000,Free,0.0,Everyone,Casual;Creativity,"August 3, 2018",1.3.6,4.4 and up
6998,PixelDot - Color by Number Sandbox Pixel Art,FAMILY,4.6,16041,7.3,1000000,Free,0.0,Everyone,Entertainment,"July 5, 2018",1.3.3.1,4.3 and up
7000,PixPanda - Color by Number Pixel Art Coloring Book,FAMILY,4.9,55723,14.0,1000000,Free,0.0,Everyone,Entertainment,"June 4, 2018",3.3,4.0.3 and up
7005,PixBox Coloring - Color by number Sandbox,FAMILY,4.5,12293,4.0,1000000,Free,0.0,Everyone,Entertainment,"May 6, 2018",1.2.6,4.0.3 and up
7007,Pixelmania - Color by number & create pixel art,FAMILY,4.4,3588,18.0,500000,Free,0.0,Everyone,Entertainment,"February 25, 2018",1.18,4.3 and up
7008,Valentines love color by number-Pixel art coloring,FAMILY,4.4,767,18.0,100000,Free,0.0,Everyone,Entertainment,"February 23, 2018",1.1,4.1 and up
7009,Rized ‼️ Color By Number & Pixel Coloring Book,FAMILY,3.0,1279,13.0,100000,Free,0.0,Everyone,Casual,"June 13, 2018",1.1.7,4.3 and up
7010,Pixyfy: coloring by number coloring book,FAMILY,4.8,22290,13.0,500000,Free,0.0,Everyone,Puzzle,"August 5, 2018",18.08.05,4.0 and up
7011,Draw Color by Number - Sandbox Pixel Art,FAMILY,4.7,34279,24.0,1000000,Free,0.0,Everyone,Casual;Creativity,"August 2, 2018",1.2.3,4.4 and up
7013,Tattoo Color By Number Draw Book Page Pixel Art,FAMILY,4.0,309,25.0,100000,Free,0.0,Everyone,Entertainment,"May 2, 2018",1.4,4.1 and up
7014,SegPlay Mobile Paint by Number,FAMILY,3.7,1478,43.0,100000,Free,0.0,Everyone,Casual,"April 22, 2017",4.0.15,2.3 and up
7015,Paint By Number,FAMILY,3.5,807,4.6,500000,Free,0.0,Everyone,Casual,"May 1, 2018",1.4.0,3.0 and up
7016,Color by Disney,FAMILY,2.7,5706,47.0,500000,Free,0.0,Everyone,Entertainment,"July 13, 2017",1.7,4.4 and up
7018,Painting By Numbers,FAMILY,4.1,213,26.0,50000,Free,0.0,Everyone,Puzzle;Brain Games,"June 8, 2018",1.2.100,4.1 and up
7020,Butterfly Pixel Art - coloring by number,FAMILY,4.6,769,13.0,100000,Free,0.0,Everyone,Entertainment,"April 4, 2018",1.06,4.1 and up
7022,Halloween Sandbox Number Coloring- Color By Number,FAMILY,4.4,289,19.0,100000,Free,0.0,Everyone,Entertainment,"February 17, 2018",1.2,4.1 and up
7023,"Fiesta by Tango - Find, Meet and Make New Friends",SOCIAL,4.3,112223,34.0,1000000,Free,0.0,Mature 17+,Social,"July 5, 2018",5.68.1,5.0 and up
7025,"Pixel art pro-Sand box,paint by number,number draw",FAMILY,4.5,2442,13.0,100000,Free,0.0,Everyone,Casual;Brain Games,"July 6, 2018",2.5.111,4.0.3 and up
7026,Color by Number: Pixel Art,FAMILY,4.6,12034,34.0,1000000,Free,0.0,Everyone,Entertainment,"May 26, 2018",4.8,4.1 and up
7028,FunnyPixels - Color by number Sandbox,FAMILY,4.6,1977,3.8,100000,Free,0.0,Everyone,Entertainment,"February 21, 2018",1.0.4,4.0.3 and up
7029,Color By Numbers - Art Game for Kids and Adults,FAMILY,3.1,305,8.3,100000,Free,0.0,Everyone,Educational;Brain Games,"July 7, 2016",3,2.3.3 and up
7031,Voxel - 3D Color by Number & Pixel Coloring Book,GAME,4.7,62561,53.0,1000000,Free,0.0,Everyone,Board,"July 31, 2018",2.4.11,4.1 and up
7032,No.Diamond – Colors by Number,FAMILY,4.6,9016,24.0,1000000,Free,0.0,Everyone,Entertainment;Creativity,"August 6, 2018",0.9.34,4.1 and up
7033,BZ Reminder,BUSINESS,4.7,41625,5.4,1000000,Free,0.0,Everyone,Business,"December 21, 2017",2.3.4,4.1 and up
7034,B.Z. Live-Ticker,NEWS_AND_MAGAZINES,,114,7.7,10000,Free,0.0,Everyone,News & Magazines,"May 25, 2018",1.6,4.2 and up
7036,Weather BZ,WEATHER,4.4,8433,5.6,100000,Free,0.0,Everyone,Weather,"June 6, 2018",5.0.1 build 1,4.0 and up
7038,BZ Bingo,FAMILY,,1,17.0,100,Free,0.0,Everyone,Entertainment,"April 3, 2018",1.3,4.0.3 and up
7039,Evasion.bz,SOCIAL,4.1,8,4.4,100,Free,0.0,Teen,Social,"July 14, 2017",0.0.9,4.1 and up
7041,BZ-Smart,NEWS_AND_MAGAZINES,4.3,828,8.2,10000,Free,0.0,Everyone,News & Magazines,"October 10, 2017",1.98,2.3.3 and up
7043,BZ Conferencing,TOOLS,4.7,7,29.0,1000,Free,0.0,Everyone,Tools,"June 27, 2018",3.8.3,4.1 and up
7044,GITZ.bz,SHOPPING,4.0,4,2.4,10,Free,0.0,Everyone,Shopping,"August 4, 2017",1,4.1 and up
7045,Berner Zeitung,NEWS_AND_MAGAZINES,3.4,736,8.5,50000,Free,0.0,Teen,News & Magazines,"August 3, 2018",7.5.9.1,4.1 and up
7046,BZ Fingers,GAME,4.6,15,3.2,50,Free,0.0,Everyone,Arcade,"July 5, 2017",1.3,4.0.3 and up
7047,Dragon B.Z Wallpapers,PERSONALIZATION,,0,3.8,10,Free,0.0,Everyone,Personalization,"May 6, 2018",2.1,4.0.3 and up
7048,bz Basellandschaftliche News,NEWS_AND_MAGAZINES,2.8,33,33.0,1000,Free,0.0,Everyone,News & Magazines,"June 6, 2018",1.4.0,5.0 and up
7050,24/7 BZ Reis,TRAVEL_AND_LOCAL,3.1,421,53.0,100000,Free,0.0,Everyone,Travel & Local,"March 9, 2018",4.4.15,4.1 and up
7051,BZ Delivery,SHOPPING,,1,6.2,500,Free,0.0,Everyone,Shopping,"January 15, 2018",1.1.0,4.0.3 and up
7052,Badische Zeitung,NEWS_AND_MAGAZINES,3.9,262,22.0,10000,Free,0.0,Everyone,News & Magazines,"June 26, 2018",5.3,4.1 and up
7053,Dragon BZ Wallpapers HD,PERSONALIZATION,,5,17.0,1000,Free,0.0,Everyone,Personalization,"April 4, 2018",1.11,4.0 and up
7054,bz Baselland E-Paper,NEWS_AND_MAGAZINES,4.2,69,25.0,5000,Free,0.0,Everyone,News & Magazines,"August 24, 2017",5.1.4,4.4 and up
7056,BZ Dealer,PRODUCTIVITY,,5,4.6,500,Free,0.0,Everyone,Productivity,"October 31, 2017",1.0.3,4.0.3 and up
7057,BZ Vesper-App,TRAVEL_AND_LOCAL,4.1,60,13.0,1000,Free,0.0,Everyone,Travel & Local,"August 6, 2015",1.0.2,2.3.3 and up
7058,BZ-Digital,NEWS_AND_MAGAZINES,,4,36.0,100,Free,0.0,Everyone,News & Magazines,"March 5, 2018",2.4.1,4.4 and up
7059,Dragon BZ Super Wallpapers,FAMILY,4.2,12,13.0,1000,Free,0.0,Everyone,Entertainment,"January 16, 2018",1,4.0.3 and up
7060,BZ Berner Oberländer,NEWS_AND_MAGAZINES,,64,8.5,1000,Free,0.0,Everyone,News & Magazines,"August 3, 2018",7.5.9.1,4.1 and up
7061,bz Basel E-Paper,NEWS_AND_MAGAZINES,,72,25.0,5000,Free,0.0,Everyone,News & Magazines,"August 24, 2017",5.1.4,4.4 and up
7062,Südtirol2Go,MAPS_AND_NAVIGATION,3.3,555,31.0,50000,Free,0.0,Everyone,Maps & Navigation,"December 20, 2017",2.1.2,4.0 and up
7063,TFO BZ Lessons,FAMILY,4.4,75,3.7,500,Free,0.0,Everyone,Education,"April 28, 2017",2.1.1,4.1 and up
7064,BZ Langenthaler Tagblatt,VIDEO_PLAYERS,,22,8.5,1000,Free,0.0,Everyone,Video Players & Editors,"August 3, 2018",7.5.9.1,4.1 and up
7065,City Driving Jeep Mania: Parking Passion 2018,FAMILY,4.4,36,24.0,10000,Free,0.0,Everyone,Simulation,"June 14, 2018",1,4.0 and up
7066,Sniper Gun Shot 3D: Impossible Missions,GAME,4.6,20,34.0,100,Free,0.0,Mature 17+,Action,"May 4, 2018",1,4.0 and up
7067,ePN Cashback AliExpress,SHOPPING,4.4,19212,6.9,500000,Free,0.0,Everyone,Shopping,"August 3, 2018",0.2.9.17,4.1 and up
7068,Elite Commando Shooting War,GAME,4.5,14,45.0,100,Free,0.0,Teen,Action,"June 29, 2018",1,4.0 and up
7069,Restaurantführer Südbaden,TRAVEL_AND_LOCAL,4.1,46,12.0,1000,Free,0.0,Everyone,Travel & Local,"January 11, 2017",2.0.0,4.0 and up
7070,bz Basel News,NEWS_AND_MAGAZINES,2.2,23,33.0,1000,Free,0.0,Everyone,News & Magazines,"June 6, 2018",1.4.0,5.0 and up
7071,Contractor City Construction - Heavy Logistics,FAMILY,4.2,31,35.0,5000,Free,0.0,Everyone,Simulation,"June 12, 2018",1.01,4.0 and up
7072,Park Limousine: Realistic Limo Parking Simulator,FAMILY,4.8,4,25.0,1000,Free,0.0,Everyone,Simulation,"July 20, 2018",1,4.0 and up
7073,Animal Hunting: Sniper Shooting,GAME,,0,48.0,50,Free,0.0,Teen,Action,"July 6, 2018",1,4.0 and up
7074,WISE- MOBILE PORTAL,TOOLS,,3,1.0,500,Free,0.0,Everyone,Tools,"July 30, 2015",1.0.0.4,2.2 and up
7075,Inwestor mobile,FINANCE,3.2,124,7.2,10000,Free,0.0,Everyone,Finance,"January 3, 2018",1.2.3,4.1 and up
7076,BZ Straußenführer,TRAVEL_AND_LOCAL,4.3,291,14.0,10000,Free,0.0,Everyone,Travel & Local,"March 17, 2016",1.2.3,4.0 and up
7078,Putzmeister Experts,TOOLS,4.6,21,8.9,1000,Free,0.0,Everyone,Tools,"May 8, 2018",1.3,4.1 and up
7081,iBiznes24 mobile,FINANCE,,38,9.4,5000,Free,0.0,Everyone,Finance,"June 30, 2018",1.8.1,4.4 and up
7082,CA Service Management,BUSINESS,3.4,91,8.3,10000,Free,0.0,Everyone,Business,"March 20, 2018",3.1.13,5.0 and up
7083,CA Mobile Authenticator,BUSINESS,,9,6.9,1000,Free,0.0,Everyone,Business,"December 15, 2016",1.0.0,4.2 and up
7084,CA Latam Partners,BUSINESS,,0,12.0,10,Free,0.0,Everyone,Business,"August 3, 2018",1.1.2,4.3 and up
7085,CA Mobile OTP,TOOLS,3.3,688,5.5,100000,Free,0.0,Everyone,Tools,"September 5, 2017",2.3.5,2.3.3 and up
7086,CA Lottery Official App,FAMILY,4.2,7000,26.0,1000000,Free,0.0,Teen,Entertainment,"August 2, 2018",3.0.2,4.4 and up
7088,CA Case Management,BUSINESS,2.4,16,5.2,500,Free,0.0,Everyone,Business,"May 4, 2016",1.0.1,4.0 and up
7089,CA UIM Mobile,BUSINESS,3.2,54,7.7,1000,Free,0.0,Everyone,Business,"February 29, 2016",8.4.1,4.0 and up
7090,CA Clarity Mobile Time Manager,BUSINESS,3.1,104,5.3,10000,Free,0.0,Everyone,Business,"May 14, 2015",2,2.2 and up
7091,CA Auth ID,TOOLS,3.8,39,0.4,10000,Free,0.0,Teen,Tools,"October 17, 2014",2.2.1,1.6 and up
7092,Patchcord.ca Inc. App Launcher,BUSINESS,,0,3.7,10,Free,0.0,Everyone,Business,"December 23, 2016",1.21,4.0 and up
7093,CA Speakers Free,LIFESTYLE,4.8,74,2.9,5000,Free,0.0,Teen,Lifestyle,"September 30, 2015",1.6,2.3.3 and up
7094,CA World '17,PRODUCTIVITY,3.7,7,18.0,1000,Free,0.0,Teen,Productivity,"June 10, 2018",7.17.2.0,5.0 and up
7095,CA DMV,TOOLS,4.2,5463,6.0,1000000,Free,0.0,Everyone,Tools,"August 25, 2017",4,4.1 and up
7096,Save.ca,SHOPPING,3.7,2094,34.0,100000,Free,0.0,Everyone,Shopping,"July 2, 2018",4.8.18.12,4.1 and up
7098,CA Laws 2018 (California Laws and Codes),BOOKS_AND_REFERENCE,3.9,56,38.0,5000,Free,0.0,Everyone,Books & Reference,"March 24, 2018",1.17,4.4 and up
7099,California Cameras - Traffic,TRAVEL_AND_LOCAL,4.0,305,5.4,10000,Free,0.0,Everyone,Travel & Local,"June 20, 2018",6.3.4,4.0.3 and up
7101,Register.ca Mobile,PRODUCTIVITY,,0,1.2,100,Free,0.0,Everyone,Productivity,"August 19, 2016",2,5.0 and up
7102,CB Radio Chat - for friends!,COMMUNICATION,4.0,17998,7.9,1000000,Free,0.0,Teen,Communication,"March 27, 2018",2.6.3,4.0 and up
7103,Truck Chat & CB for Truckers,MAPS_AND_NAVIGATION,2.7,89,2.3,10000,Free,0.0,Mature 17+,Maps & Navigation,"July 31, 2018",1.0.10.5,4.0.3 and up
7104,CB Frequencies FREE!,TOOLS,3.1,364,2.3,100000,Free,0.0,Everyone,Tools,"March 2, 2018",2,4.0.3 and up
7105,CB On Mobile,COMMUNICATION,4.1,901,0.3,100000,Free,0.0,Teen,Communication,"April 26, 2017",1.0.5,4.0 and up
7108,Virtual Walkie Talkie,COMMUNICATION,3.8,21785,2.5,1000000,Free,0.0,Everyone,Communication,"August 13, 2015",1.41,2.3 and up
7109,CB Outdoors,FAMILY,3.8,5,12.0,1000,Free,0.0,Everyone,Education,"May 30, 2017",1.2,4.0.3 and up
7110,Viking CB Radios,BUSINESS,4.3,6,15.0,1000,Free,0.0,Everyone,Business,"May 24, 2017",1.0.1,4.1 and up
7111,Frequencies Free,TOOLS,3.5,382,3.1,100000,Free,0.0,Everyone,Tools,"February 4, 2018",1.9,4.0.3 and up
7112,CB-Mobile Banking,FINANCE,4.5,96,12.0,10000,Free,0.0,Everyone,Finance,"June 22, 2018",4.17.38,4.4 and up
7113,CBRadioTab,TOOLS,3.9,127,1.5,50000,Free,0.0,Everyone,Tools,"April 1, 2017",1,3.0 and up
7114,CB SMART LIFE,TOOLS,,30,9.0,500,Free,0.0,Everyone,Tools,"July 3, 2018",2.4.0,4.1 and up
7115,CB Bank Mobile Banking,FINANCE,4.5,1308,3.7,100000,Free,0.0,Everyone,Finance,"June 8, 2015",13,2.2 and up
7116,CB Martial Arts,HEALTH_AND_FITNESS,,0,8.7,10,Free,0.0,Everyone,Health & Fitness,"May 15, 2018",1.1.7,4.1 and up
7117,C.B. Shop,SHOPPING,,19,19.0,100,Free,0.0,Everyone,Shopping,"May 9, 2017",1.0.1,4.0.3 and up
7118,CB Underground,LIFESTYLE,3.3,3,7.4,500,Free,0.0,Everyone,Lifestyle,"September 15, 2015",1.2,3.2 and up
7119,CB Background - Free HD Wallpaper Images,PERSONALIZATION,4.1,4538,3.3,1000000,Free,0.0,Everyone,Personalization,"March 24, 2018",3.1.0,4.0 and up
7120,CB NFC Pendant,HEALTH_AND_FITNESS,,0,0.9,50,Free,0.0,Everyone,Health & Fitness,"October 4, 2017",1.0.2,4.1 and up
7121,WRLP CB Repeater,FAMILY,,14,4.9,1000,Free,0.0,Teen,Entertainment,"July 21, 2018",1.1.11,2.1 and up
7122,CB Fit,HEALTH_AND_FITNESS,5.0,1,7.8,10,Free,0.0,Everyone,Health & Fitness,"July 9, 2018",4.2.2,4.1 and up
7123,Minwa HA ( C.B ),HOUSE_AND_HOME,,0,5.0,50,Free,0.0,Everyone,House & Home,"September 15, 2017",1.0.0,4.1 and up
7124,Channel 19,COMMUNICATION,3.7,916,12.0,100000,Free,0.0,Mature 17+,Communication,"July 13, 2018",2.2.6,4.1 and up
7125,Citizens Bank - CB Mobile,FINANCE,4.8,6,11.0,1000,Free,0.0,Everyone,Finance,"August 2, 2018",4.19.62,4.4 and up
7126,CB Mobile Access,FINANCE,1.5,57,25.0,1000,Free,0.0,Everyone,Finance,"February 26, 2018",4.3.6,4.2 and up
7127,CB VIDEO VISION,PHOTOGRAPHY,5.0,13,2.6,100,Free,0.0,Everyone,Photography,"September 12, 2017",0.0.2,4.1 and up
7128,CB Hair Png - New Hair Png For CB Editing,PHOTOGRAPHY,4.6,26,7.2,500,Free,0.0,Everyone,Photography,"July 29, 2018",2,4.0 and up
7129,CB STARS,FAMILY,,1,1.8,10,Free,0.0,Everyone,Education,"December 30, 2017",1,1.6 and up
7130,CB Mobile,BUSINESS,,3,2.6,100,Free,0.0,Everyone,Business,"April 26, 2018",10,4.0 and up
7131,C B Patel Health Club,HEALTH_AND_FITNESS,5.0,5,14.0,100,Free,0.0,Everyone,Health & Fitness,"July 2, 2018",1.0.1,4.4 and up
7132,CB Trader,FINANCE,4.7,11,2.2,1000,Free,0.0,Everyone,Finance,"April 11, 2018",1.6.1,4.0 and up
7133,CB TV,FAMILY,,2,1.9,100,Free,0.0,Teen,Strategy,"September 13, 2016",1.0.0,4.0.3 and up
7134,Football-CB GO Clock Theme,PERSONALIZATION,4.7,26,5.6,1000,Free,0.0,Everyone,Personalization,"March 3, 2017",1.0.3,4.0.3 and up
7135,CB SmartCAR Monitor,TOOLS,,1,0.5,10,Free,0.0,Everyone,Tools,"July 20, 2017",4,4.3 and up
7136,CB News,FAMILY,5.0,7,20.0,50,Free,0.0,Everyone,Education,"September 10, 2016",1.2.0,4.1 and up
7137,CB Pay,FINANCE,4.5,198,11.0,10000,Free,0.0,Everyone,Finance,"July 9, 2018",1.8.0,4.4 and up
7138,CB Mobile GA,FINANCE,,1,12.0,100,Free,0.0,Everyone,Finance,"November 21, 2017",1.9.1,4.1 and up
7139,CB Register,FAMILY,5.0,1,5.6,10,Free,0.0,Everyone,Entertainment,"June 27, 2018",1,4.1 and up
7140,Cádiz CB Gades,SPORTS,,1,3.8,10,Free,0.0,Everyone,Sports,"August 5, 2018",opciÃ³n de cerrar,4.1 and up
7141,CB Land,BUSINESS,,0,6.4,100,Free,0.0,Everyone,Business,"March 13, 2018",6.3.5,4.1 and up
7142,Cb browser,COMMUNICATION,5.0,5,3.7,50,Free,0.0,Everyone,Communication,"April 2, 2018",1,4.0 and up
7143,CB Edits PNG & CB Backgrounds,PHOTOGRAPHY,4.2,17,3.4,5000,Free,0.0,Everyone,Photography,"July 20, 2018",1.0.0,4.1 and up
7144,CB Mobile Biz,FINANCE,1.0,3,8.4,500,Free,0.0,Everyone,Finance,"February 22, 2016",4.4.1255,4.0 and up
7146,Antenna Tool,TOOLS,4.2,522,2.9,50000,Free,0.0,Everyone,Tools,"October 26, 2017",2.2 Free,4.0.3 and up
7147,CB Heroes,SOCIAL,5.0,5,1.8,5,Free,0.0,Everyone,Social,"August 4, 2018",1.2.4,5.0 and up
7150,CD Library,PRODUCTIVITY,3.9,44,3.3,10000,Free,0.0,Everyone,Productivity,"February 18, 2017",5.7.2,2.1 and up
7151,Sonic CD Classic,GAME,4.6,26138,15.0,1000000,Free,0.0,Everyone,Action,"February 14, 2018",1.0.2,4.2 and up
7152,ARK: Survival Evolved,GAME,3.8,51523,36.0,500000,Free,0.0,Teen,Adventure,"August 2, 2018",1.0.90,7.0 and up
7154,Design innovation CD Cassette,LIFESTYLE,,5,8.3,500,Free,0.0,Everyone,Lifestyle,"February 6, 2017",1,2.3 and up
7155,DIY Crafts Cds,LIFESTYLE,4.0,209,3.1,50000,Free,0.0,Everyone,Lifestyle,"January 24, 2017",3,3.0 and up
7156,CD Events,BUSINESS,,1,9.5,100,Free,0.0,Everyone,Business,"March 27, 2015",0.9.0,2.3.3 and up
7157,PRIMATURE.CD,NEWS_AND_MAGAZINES,,6,4.8,100,Free,0.0,Everyone,News & Magazines,"October 30, 2017",6.3.7.1,4.1 and up
7158,CD Roma's,BUSINESS,,2,6.7,100,Free,0.0,Everyone,Business,"June 4, 2015",2.00.0.3,4.0.3 and up
7160,INTERKINOIS.CD,NEWS_AND_MAGAZINES,,1,1.5,5,Free,0.0,Everyone,News & Magazines,"June 9, 2018",1,4.0.3 and up
7161,CD Live - Club del Deportista,LIFESTYLE,,8,9.2,500,Free,0.0,Everyone,Lifestyle,"June 12, 2018",4.1,4.1 and up
7162,Bootable Methods(USB-CD-DVD),BOOKS_AND_REFERENCE,3.4,37,3.4,10000,Free,0.0,Everyone,Books & Reference,"May 31, 2018",1.5,4.0 and up
7163,Creative CD Letter Holder,LIFESTYLE,,0,13.0,10,Free,0.0,Everyone,Lifestyle,"November 15, 2017",7.1,4.0 and up
7164,CD CHOICE TUBE,FAMILY,5.0,10,5.8,500,Free,0.0,Everyone,Entertainment,"July 23, 2017",0.0.4,4.1 and up
7166,CD View Lite,TOOLS,,2,20.0,100,Free,0.0,Everyone,Tools,"February 2, 2018",1.0.180202,4.1 and up
7168,Best Design CD Ideas,LIFESTYLE,,0,13.0,10,Free,0.0,Everyone,Lifestyle,"April 18, 2018",1.0.0,4.0.3 and up
7169,CD Carpe Diem App,FAMILY,,17,27.0,100,Free,0.0,Everyone,Education,"July 18, 2018",2,4.1 and up
7170,Yazdani Cd Center EllahAbad Official App,FAMILY,5.0,8,3.8,500,Free,0.0,Everyone,Entertainment,"January 12, 2018",2,4.0 and up
7171,CD JUANITO,SPORTS,,6,16.0,500,Free,0.0,Everyone,Sports,"October 26, 2017",6,4.1 and up
7172,CD Music,LIBRARIES_AND_DEMO,,1,2.3,100,Free,0.0,Everyone,Libraries & Demo,"March 30, 2018",1,4.4 and up
7173,DIY cd rom ideas,LIFESTYLE,,5,12.0,500,Free,0.0,Everyone,Lifestyle,"October 17, 2016",1,2.3.3 and up
7174,Easy DIY CD Craft Ideas,ART_AND_DESIGN,,7,5.6,5000,Free,0.0,Everyone,Art & Design,"May 30, 2018",1,2.3 and up
7175,Disc Label Print,TOOLS,3.0,262,37.0,10000,Free,0.0,Everyone,Tools,"September 20, 2016",1.0.0,4.0 and up
7176,Kiosque CD,TRAVEL_AND_LOCAL,,0,22.0,5,Free,0.0,Everyone,Travel & Local,"June 18, 2018",4.6.2201,4.3 and up
7178,Nero AirBurn,VIDEO_PLAYERS,4.2,1008,1.7,100000,Free,0.0,Everyone,Video Players & Editors,"June 26, 2015",1.0.9,4.0 and up
7179,CD COMET,MAPS_AND_NAVIGATION,4.3,12,2.6,100,Free,0.0,Everyone,Maps & Navigation,"August 4, 2018",4,4.1 and up
7180,DIY Recycled CD Wall Art,LIFESTYLE,,3,7.9,1000,Free,0.0,Everyone,Lifestyle,"December 14, 2016",1,2.3 and up
7181,CD View,TOOLS,,0,20.0,500,Free,0.0,Everyone,Tools,"February 6, 2018",1.0.180206,4.1 and up
7182,US 115th CD,TRAVEL_AND_LOCAL,,0,5.7,5,Free,0.0,Everyone,Travel & Local,"November 3, 2017",106,4.0.3 and up
7184,STADE.CD,NEWS_AND_MAGAZINES,,0,1.7,5,Free,0.0,Everyone,News & Magazines,"June 9, 2018",1,4.0.3 and up
7185,OBJECTIFINFOS.CD,NEWS_AND_MAGAZINES,,2,4.2,50,Free,0.0,Everyone,News & Magazines,"May 23, 2018",1.1,4.1 and up
7186,DIY CD Craft Ideas,LIFESTYLE,4.4,5,4.6,1000,Free,0.0,Everyone,Lifestyle,"January 14, 2017",1,2.3 and up
7187,РееI Smart Remote MP3 CD Player,TOOLS,3.2,27,2.7,5000,Free,0.0,Everyone,Tools,"January 22, 2018",1.2,4.0 and up
7188,CD Padel Mora,SPORTS,,1,7.2,50,Free,0.0,Everyone,Sports,"June 14, 2018",7.3,4.0 and up
7189,Diligan CD VR,MEDICAL,,1,46.0,50,Free,0.0,Everyone,Medical,"May 21, 2018",1,4.4 and up
7190,CD Supply,BUSINESS,,0,14.0,5,Free,0.0,Mature 17+,Business,"May 28, 2018",2.3.2,5.0 and up
7191,Music Collector Inventory Organizer UPC Discogs,LIFESTYLE,3.5,155,12.0,10000,Free,0.0,Everyone,Lifestyle,"October 13, 2017",3.1,4.1 and up
7192,CE on the go,TOOLS,4.4,79,3.7,10000,Free,0.0,Everyone,Tools,"February 15, 2018",1.283.0037,2.3.3 and up
7194,CE Broker,FAMILY,3.7,190,12.0,10000,Free,0.0,Everyone,Education,"March 22, 2017",2.2.0,4.4 and up
7195,CE Smart,TOOLS,5.0,3,29.0,100,Free,0.0,Everyone,Tools,"May 28, 2018",2.2.0,4.1 and up
7197,CEHQ - CE Credits for Nurses,FAMILY,4.5,12,4.0,1000,Free,0.0,Everyone,Education,"May 25, 2018",3.0.18,5.0 and up
7199,CE SmartApp.com,BUSINESS,,0,42.0,100,Free,0.0,Everyone,Business,"March 16, 2018",102.0.875,4.2 and up
7200,OE TRACKER CE Attendance App,MEDICAL,3.4,16,7.8,5000,Free,0.0,Everyone,Medical,"March 20, 2018",1.3.0,4.4 and up
7201,Professor Online SEDUC-CE,FAMILY,4.1,188,4.6,10000,Free,0.0,Everyone,Education,"July 6, 2018",1.3,4.1 and up
7202,ABAI CE Scanner,FAMILY,,0,4.3,1000,Free,0.0,Everyone,Education,"January 23, 2018",1.3,4.1 and up
7203,C-E Federal Credit Union,FINANCE,,1,2.8,500,Free,0.0,Everyone,Finance,"March 23, 2018",3.0.6,4.1 and up
7205,Ultra CE calculator,SPORTS,4.2,28,7.3,1000,Free,0.0,Everyone,Sports,"June 17, 2018",1.52,4.0.3 and up
7206,Shiver: Moonlit Grove CE,FAMILY,4.1,3433,23.0,50000,Free,0.0,Everyone 10+,Casual,"March 14, 2016",1.1.0,2.3.3 and up
7207,Beast of Lycan Isle CE,FAMILY,4.1,2683,20.0,50000,Free,0.0,Everyone 10+,Casual,"January 23, 2014",1,2.3 and up
7208,QUI EST CE ?,FAMILY,,7,5.4,1000,Free,0.0,Everyone,Puzzle,"October 11, 2015",1,2.2 and up
7209,Volvo CE Insider,BUSINESS,4.2,45,24.0,1000,Free,0.0,Everyone,Business,"March 16, 2018",1.15.5,4.0.3 and up
7210,Grim Tales: The Wishes CE,GAME,4.3,4923,20.0,100000,Free,0.0,Everyone 10+,Adventure,"August 26, 2015",1.0.0,2.3.3 and up
7212,MCQ CE IT,FAMILY,5.0,22,3.6,1000,Free,0.0,Everyone,Education,"November 7, 2017",2,4.4 and up
7213,Placement Tips for BE (CE/IT),FAMILY,4.4,7,6.3,500,Free,0.0,Everyone,Education,"June 24, 2016",1.4,4.0 and up
7214,NetApp CE,BUSINESS,,0,21.0,100,Free,0.0,Everyone,Business,"February 27, 2018",v6.6.0,5.0 and up
7216,Merck CE,BUSINESS,4.5,2,25.0,100,Free,0.0,Everyone,Business,"February 13, 2017",1,4.1 and up
7217,CE-STRONG,FAMILY,,0,16.0,100,Free,0.0,Everyone,Education,"June 17, 2016",1.0.4,4.0 and up
7218,Magana Jari ce Littafi Na Uku : Part 3 of 3,FAMILY,4.8,65,55.0,5000,Free,0.0,Everyone,Education,"November 19, 2017",1,4.0 and up
7220,Qu'est ce qui est jaune et qui attend ?,FAMILY,,10,3.0,500,Free,0.0,Everyone,Entertainment,"July 13, 2017",1.1 (j'sais pas),4.4 and up
7221,CE-SETRAM l’Appli,LIBRARIES_AND_DEMO,,0,2.6,100,Free,0.0,Everyone,Libraries & Demo,"December 5, 2017",1.1.8,4.0.3 and up
7222,CE KISIO,LIFESTYLE,,1,24.0,100,Free,0.0,Everyone,Lifestyle,"February 5, 2018",1.0.1,4.1 and up
7224,Ceasa CE,TOOLS,,0,4.0,50,Free,0.0,Everyone,Tools,"June 13, 2018",1,4.0 and up
7226,CE HPJM 69,NEWS_AND_MAGAZINES,,2,22.0,50,Free,0.0,Everyone,News & Magazines,"November 9, 2017",1,4.1 and up
7227,CE SODEXO PASS FRANCE,PRODUCTIVITY,,0,21.0,50,Free,0.0,Everyone,Productivity,"June 6, 2018",2.3,4.1 and up
7228,CE AH VLJ,TRAVEL_AND_LOCAL,,1,18.0,1000,Free,0.0,Everyone,Travel & Local,"November 9, 2017",1.4,4.1 and up
7230,ACCEPT CE MARKING,PRODUCTIVITY,,0,30.0,10,Free,0.0,Everyone,Productivity,"June 28, 2018",1,4.1 and up
7231,CE AR LOG,LIFESTYLE,,0,23.0,1,Free,0.0,Everyone,Lifestyle,"July 11, 2018",1.0.1,4.1 and up
7234,CE Intelligence,BUSINESS,,0,10.0,5,Free,0.0,Everyone,Business,"November 15, 2016",1.1,4.0 and up
7236,CF.lumen,TOOLS,4.4,4901,1.9,100000,Free,0.0,Everyone,Tools,"February 9, 2017",3.7,5.0 and up
7238,CF SHOP!,LIFESTYLE,2.8,88,43.0,10000,Free,0.0,Everyone,Lifestyle,"June 30, 2018",1.8.1,4.4 and up
7239,CF Life,FAMILY,5.0,4,8.3,100,Free,0.0,Everyone,Education,"June 27, 2018",3.8.0,4.1 and up
7241,CF-Bench,TOOLS,4.4,2132,0.1,100000,Free,0.0,Everyone,Tools,"July 3, 2013",1.3,2.1 and up
7242,CF Appreciation,LIFESTYLE,2.0,11,6.2,1000,Free,0.0,Everyone,Lifestyle,"June 12, 2018",2.4.78-s,4.1 and up
7243,Unity CF,LIFESTYLE,5.0,5,8.3,100,Free,0.0,Everyone,Lifestyle,"April 12, 2016",1,4.0.3 and up
7245,Overcomers CF - GA,LIFESTYLE,5.0,7,11.0,100,Free,0.0,Everyone,Lifestyle,"March 20, 2017",1.1,4.1 and up
7246,Themes DAF CF 85 Trucks,PERSONALIZATION,,2,17.0,100,Free,0.0,Teen,Personalization,"June 9, 2016",1,2.3.3 and up
7247,CF Chat: Connecting Friends,COMMUNICATION,3.4,5,2.4,100,Free,0.0,Teen,Communication,"April 27, 2016",1.4,2.3 and up
7248,CF Invest,FINANCE,4.4,11,4.6,500,Free,0.0,Everyone,Finance,"February 2, 2018",1.2,4.1 and up
7249,Team CF,LIFESTYLE,,0,3.0,100,Free,0.0,Everyone,Lifestyle,"June 7, 2018",3.9.9.2,2.3 and up
7250,iOBD2-CF,TOOLS,3.4,5,21.0,500,Free,0.0,Everyone,Tools,"December 26, 2016",1,2.3.3 and up
7251,CF PD,FINANCE,,4,2.7,100,Free,0.0,Everyone,Finance,"March 28, 2018",1.1,4.1 and up
7252,Themes DAF CF Trucks,PERSONALIZATION,,2,15.0,100,Free,0.0,Teen,Personalization,"June 9, 2016",1,2.3.3 and up
7253,CF Calculator,LIFESTYLE,3.3,25,4.7,1000,Free,0.0,Everyone,Lifestyle,"March 10, 2015",1.0.2,4.0 and up
7254,CF Climb,LIFESTYLE,1.5,2,3.0,100,Free,0.0,Everyone,Lifestyle,"June 7, 2018",3.9.9.2,2.3 and up
7256,Wallpapers DAF CF Trucks,PERSONALIZATION,,1,13.0,100,Free,0.0,Teen,Personalization,"June 13, 2016",1,2.3.3 and up
7257,Wallpapers DAF CF 85 Trucks,PERSONALIZATION,,0,16.0,10,Free,0.0,Teen,Personalization,"April 29, 2017",1,4.1 and up
7258,CF,FINANCE,5.0,2,2.0,100,Free,0.0,Everyone,Finance,"March 30, 2016",1.1,4.0 and up
7259,Wallpapers Truck DAF CF,PERSONALIZATION,,19,11.0,1000,Free,0.0,Everyone,Personalization,"June 27, 2016",1,2.3.3 and up
7260,CF cal,TOOLS,4.3,123,2.9,10000,Free,0.0,Everyone,Tools,"February 9, 2016",1.0.6,4.0 and up
7261,CF GeneE,MEDICAL,4.3,16,40.0,1000,Free,0.0,Everyone,Medical,"May 31, 2018",5.0.0,4.0 and up
7262,Themes DAF CF 85,PERSONALIZATION,,3,14.0,100,Free,0.0,Teen,Personalization,"May 13, 2016",1,2.3.3 and up
7263,CF SPOT,HEALTH_AND_FITNESS,,0,9.7,100,Free,0.0,Everyone,Health & Fitness,"July 9, 2018",4.2.2,4.1 and up
7264,CF Talenti,HEALTH_AND_FITNESS,,4,7.8,100,Free,0.0,Everyone,Health & Fitness,"July 9, 2018",4.2.2,4.1 and up
7265,Villarreal CF Wallpapers 4 Fans,LIFESTYLE,,2,3.2,50,Free,0.0,Everyone,Lifestyle,"May 22, 2018",1,4.0 and up
7266,Thrive CF,HEALTH_AND_FITNESS,2.2,6,8.0,100,Free,0.0,Everyone,Health & Fitness,"January 5, 2018",1.0.1,4.3 and up
7268,Valencia CF Wallpapers 4 Fans,LIFESTYLE,,4,3.1,100,Free,0.0,Everyone,Lifestyle,"May 22, 2018",1,4.0 and up
7269,Cacique CF,SPORTS,,19,3.5,100,Free,0.0,Everyone,Sports,"October 10, 2016",01e,4.0.3 and up
7270,CF Townsville,HEALTH_AND_FITNESS,5.0,4,14.0,100,Free,0.0,Everyone,Health & Fitness,"July 9, 2018",4.2.2,4.1 and up
7271,CF Church,FAMILY,,1,8.7,50,Free,0.0,Teen,Education,"June 26, 2018",3.8.0,4.1 and up
7272,CF Etowah,HEALTH_AND_FITNESS,,0,8.8,100,Free,0.0,Everyone,Health & Fitness,"July 9, 2018",4.2.2,4.1 and up
7273,"Cystic Fibrosis Symptoms, Doctors & Treatments",HEALTH_AND_FITNESS,4.7,6,9.7,100,Free,0.0,Teen,Health & Fitness,"April 24, 2018",1.0.7,5.0 and up
7274,Málaga CF Wallpapers 4 Fans,LIFESTYLE,,2,3.1,10,Free,0.0,Everyone,Lifestyle,"May 22, 2018",1,4.0 and up
7275,Cluster CF,SPORTS,,10,3.2,100,Free,0.0,Everyone,Sports,"July 15, 2018",4.11,4.1 and up
7276,CF Themis,HEALTH_AND_FITNESS,,0,8.5,100,Free,0.0,Everyone,Health & Fitness,"July 12, 2018",3.1.2,4.1 and up
7277,Imperium CF,SPORTS,,9,3.5,500,Free,0.0,Everyone,Sports,"March 22, 2017",01e,4.0.3 and up
7278,Azulones Getafe CF Fans,SPORTS,,4,7.8,100,Free,0.0,Teen,Sports,"March 25, 2017",2.3.11,2.3.3 and up
7279,CF Riga,HEALTH_AND_FITNESS,,12,11.0,100,Free,0.0,Everyone,Health & Fitness,"July 9, 2018",4.2.2,4.1 and up
7280,Casa CF,HEALTH_AND_FITNESS,4.7,12,6.3,500,Free,0.0,Everyone,Health & Fitness,"July 12, 2018",3.1.2,4.1 and up
7281,CampGladiator,HEALTH_AND_FITNESS,3.5,293,19.0,50000,Free,0.0,Everyone,Health & Fitness,"July 20, 2018",2.4.43,4.1 and up
7282,CG Creative Sets: 2D/3D Artist,NEWS_AND_MAGAZINES,4.3,117,5.0,10000,Free,0.0,Everyone,News & Magazines,"June 22, 2016",3.1,4.0.3 and up
7284,CG Daily News,NEWS_AND_MAGAZINES,4.3,65,3.5,10000,Free,0.0,Everyone,News & Magazines,"April 29, 2018",8.2,4.0.3 and up
7285,CG - Calendars Add-On,PRODUCTIVITY,3.6,49,2.3,5000,Free,0.0,Everyone 10+,Productivity,"July 29, 2015",1.0.1,4.0 and up
7286,CG Fit Scale,HEALTH_AND_FITNESS,2.6,13,3.3,1000,Free,0.0,Everyone,Health & Fitness,"October 13, 2015",1.1.4,4.0 and up
7287,All Info about Cg,FAMILY,4.7,15,4.1,1000,Free,0.0,Teen,Education,"November 10, 2017",7.4,2.3 and up
7288,cg guruji,FAMILY,4.5,170,4.1,10000,Free,0.0,Everyone,Education,"November 14, 2017",7.2,2.3 and up
7289,CG Yojna & Jansampark,FAMILY,4.0,54,4.1,5000,Free,0.0,Teen,Education,"September 12, 2017",7.2,2.3 and up
7290,Offline Jízdní řády CG Transit,MAPS_AND_NAVIGATION,4.6,7314,7.0,100000,Free,0.0,Everyone,Maps & Navigation,"September 7, 2017",3.1.4,4.0 and up
7291,CG Prints,PHOTOGRAPHY,5.0,1,2.3,100,Free,0.0,Everyone,Photography,"January 24, 2017",1.0.5,4.3 and up
7292,CG Job Alerts,FAMILY,4.2,116,4.1,10000,Free,0.0,Everyone,Education,"September 11, 2017",7.2,2.3 and up
7293,CG - Conference Call Add-On,PRODUCTIVITY,,6,1.1,1000,Free,0.0,Everyone,Productivity,"August 2, 2018",1.2,4.0 and up
7294,Somos CG,PRODUCTIVITY,,2,18.0,100,Free,0.0,Everyone,Productivity,"April 26, 2018",1.2.0,4.1 and up
7295,CG Samanya Gyan,FAMILY,4.2,145,4.1,10000,Free,0.0,Teen,Education,"September 12, 2017",7.2,2.3 and up
7296,CG Smart,SPORTS,,2,1.5,100,Free,0.0,Everyone,Sports,"August 12, 2016",1.4,4.0.3 and up
7297,CG Freelancer,NEWS_AND_MAGAZINES,4.7,10,2.3,1000,Free,0.0,Everyone,News & Magazines,"July 30, 2014",2.0.1,4.1 and up
7298,CG Wallpapers,FAMILY,4.5,11,3.5,500,Free,0.0,Mature 17+,Entertainment,"June 19, 2018",12.1,4.0.3 and up
7299,Best CG Backgrounds,FAMILY,3.6,8,3.7,500,Free,0.0,Everyone,Entertainment,"May 20, 2018",8,4.0.3 and up
7301,Amazing CG Backgrounds,FAMILY,4.2,34,4.0,1000,Free,0.0,Everyone,Entertainment,"May 17, 2018",9,4.0.3 and up
7302,CG BILASPUR CARNIVAL,EVENTS,3.8,59,1.8,5000,Free,0.0,Everyone,Events,"April 11, 2018",1.5,4.0 and up
7303,Chat Anónimo Gratis Español CG,DATING,3.5,69,4.0,5000,Free,0.0,Everyone,Dating,"July 10, 2017",1.0.2,2.3 and up
7304,CG Shikshak Mitan,TOOLS,4.1,295,3.8,50000,Free,0.0,Everyone,Tools,"March 5, 2018",1.1,5.0 and up
7305,CG 3D Model Viewer: view 3D models interactively,TOOLS,,0,10.0,100,Free,0.0,Everyone,Tools,"July 26, 2018",1.0.4.91,4.4 and up
7306,CG Wizard,TOOLS,,6,1.3,100,Free,0.0,Everyone,Tools,"May 22, 2018",1.6d,5.0 and up
7307,CG FM,FAMILY,5.0,2,6.6,500,Free,0.0,Everyone,Entertainment,"January 31, 2018",1.0.9,4.1 and up
7308,ASCP® CG Exam Flashcards 2018,FAMILY,,0,4.1,100,Free,0.0,Everyone,Education,"June 13, 2017",1,4.3 and up
7309,Best CG views,FAMILY,4.2,4,2.5,100,Free,0.0,Teen,Entertainment,"June 24, 2015",5.1,3.0 and up
7310,Bhunaksha CG,TOOLS,4.1,67,4.1,10000,Free,0.0,Everyone,Tools,"May 7, 2018",1.0.0,4.1 and up
7312,Best CG Photography,FAMILY,,1,2.5,500,Free,0.0,Unrated,Entertainment,"June 24, 2015",5.2,3.0 and up
7313,BF CG View Wallpapers,FAMILY,3.6,13,2.5,1000,Free,0.0,Teen,Entertainment,"June 19, 2015",3,3.0 and up
7314,CG Sanyukt Bharti Pariksha 2018,FAMILY,4.3,14,4.3,1000,Free,0.0,Teen,Education,"January 10, 2018",7.4,2.3 and up
7315,Betting Tips / Sports Tips by CG Tipster,SPORTS,4.1,315,7.7,10000,Free,0.0,Everyone,Sports,"July 18, 2018",6.95,4.4 and up
7316,CG Shikshak,FAMILY,4.4,211,6.8,10000,Free,0.0,Everyone,Education,"July 5, 2016",2,4.0.3 and up
7317,CG Vidhansabha Chunav 2018,NEWS_AND_MAGAZINES,,0,3.4,100,Free,0.0,Teen,News & Magazines,"April 12, 2018",8.1,4.0.3 and up
7318,gps tracker cg,TOOLS,,0,1.4,50,Free,0.0,Everyone,Tools,"May 27, 2017",1,4.1 and up
7319,CG Backgrounds,FAMILY,4.0,8,3.6,500,Free,0.0,Everyone,Entertainment,"June 19, 2018",8.1,4.0.3 and up
7320,CG - Chemistry free,FAMILY,5.0,7,2.3,1000,Free,0.0,Everyone,Education,"May 25, 2018",1,4.0.3 and up
7321,CG Jobs,FAMILY,5.0,8,14.0,10,Free,0.0,Everyone,Education,"August 1, 2018",1.1,4.2 and up
7323,CG Patwari Exam,FAMILY,3.8,28,4.1,1000,Free,0.0,Teen,Education,"October 23, 2017",7.2,2.3 and up
7324,Naidunia: MP News & CG News,NEWS_AND_MAGAZINES,4.3,2746,8.7,100000,Free,0.0,Everyone,News & Magazines,"April 9, 2018",3.2,4.1 and up
7325,BF CG Abstract Pictures,FAMILY,4.7,6,2.5,1000,Free,0.0,Teen,Entertainment,"June 19, 2015",2.7,3.0 and up
7326,Bhuiyan Land Records Chhattisgarh (CG),NEWS_AND_MAGAZINES,4.5,12,2.9,5000,Free,0.0,Everyone,News & Magazines,"February 3, 2018",1.1,4.1 and up
7327,CG JOKES - Copy & Share,FAMILY,4.4,31,4.3,1000,Free,0.0,Everyone,Entertainment,"June 3, 2018",1.1,4.0 and up
7334,CH info,NEWS_AND_MAGAZINES,3.9,45,15.0,5000,Free,0.0,Everyone,News & Magazines,"February 20, 2018",6.0.0.12,4.4 and up
7337,Flo's CH Boss Timer,FAMILY,3.5,163,3.4,1000,Free,0.0,Everyone,Role Playing,"March 27, 2017",1.2,4.0.3 and up
7340,Calvary.ch App,LIFESTYLE,4.4,10,7.7,500,Free,0.0,Teen,Lifestyle,"June 25, 2018",3.8.0,4.1 and up
7341,autolina.ch has over 120'000 cars on offer.,AUTO_AND_VEHICLES,4.2,25,6.5,10000,Free,0.0,Everyone,Auto & Vehicles,"August 2, 2017",1.02,4.2 and up
7343,Digi-TV.ch,SOCIAL,,62,25.0,10000,Free,0.0,Teen,Social,"May 3, 2018",7.1.29,4.2 and up
7348,waut.ch!,FAMILY,4.5,10,2.5,100,Free,0.0,Everyone,Educational,"June 30, 2018",fcbd82b2-dd5b-41d2-af62-432271c42921,2.0 and up
7349,search.ch,TRAVEL_AND_LOCAL,4.4,11514,2.2,500000,Free,0.0,Everyone,Travel & Local,"March 29, 2018",5.5,4.0 and up
7350,homegate.ch,HOUSE_AND_HOME,4.2,2543,4.6,100000,Free,0.0,Everyone,House & Home,"July 27, 2018",8.4.2,5.0 and up
7351,tutti.ch - Free Classifieds,SHOPPING,4.4,9950,15.0,500000,Free,0.0,Everyone,Shopping,"July 18, 2018",3.7.1,4.1 and up
7352,autoricardo.ch – vehicles,LIFESTYLE,3.3,1045,13.0,100000,Free,0.0,Everyone,Lifestyle,"March 13, 2018",5.1,4.0 and up
7354,Legit Check App by Ch Daniel,LIFESTYLE,4.9,66,8.1,1000,Free,0.0,Everyone,Lifestyle,"July 18, 2018",1,4.1 and up
7358,swissinfo.ch,NEWS_AND_MAGAZINES,3.9,271,9.6,50000,Free,0.0,Everyone 10+,News & Magazines,"July 18, 2018",3.3.0,4.4 and up
7362,CH Kadels,BUSINESS,4.4,36,10.0,1000,Free,0.0,Everyone,Business,"March 26, 2018",1.0.2,4.1 and up
7363,Sermon on Proverbs CH Spurgeon,GAME,4.8,35,3.1,10000,Free,0.0,Everyone,Trivia,"July 29, 2016",1.0.0,4.0 and up
7365,ricardo.ch,SHOPPING,4.0,13232,27.0,500000,Free,0.0,Everyone,Shopping,"July 21, 2018",7.5.1,4.1 and up
7367,"Startupticker.ch News, Events",NEWS_AND_MAGAZINES,5.0,4,10.0,100,Free,0.0,Everyone,News & Magazines,"July 23, 2018",2.0.0,4.4 and up
7368,ci,FAMILY,3.0,1691,5.8,500000,Free,0.0,Everyone,Strategy,"June 8, 2016",1.0.3,4.0 and up
7369,Green Build - An unofficial Travis CI client,TOOLS,3.9,7,3.2,100,Free,0.0,Everyone,Tools,"June 6, 2018",1.2.1,5.0 and up
7370,mySharpBranded CI Test,TOOLS,,0,0.9,1,Free,0.0,Everyone,Tools,"October 4, 2017",1.0.7,4.2 and up
7371,Valmet CI Tool,BUSINESS,,1,3.7,500,Free,0.0,Everyone,Business,"March 13, 2018",0.0.6,4.0 and up
7374,CI MOBI,FAMILY,4.3,108,42.0,5000,Free,0.0,Everyone,Education,"October 7, 2017",1.2.1,4.0 and up
7376,Supply Travis-CI POC,LIBRARIES_AND_DEMO,,0,1.2,10,Free,0.0,Everyone,Libraries & Demo,"July 20, 2016",1.0.7,4.0.3 and up
7378,CI Crew,FAMILY,,1,30.0,100,Free,0.0,Everyone,Entertainment,"March 8, 2018",0.7,2.3.3 and up
7379,Pharmacy CI - Pharmacies de garde Côte d'Ivoire,HEALTH_AND_FITNESS,4.5,5509,3.2,100000,Free,0.0,Everyone,Health & Fitness,"July 3, 2018",4.7.0 Phoenix,4.0.3 and up
7380,CI Staff App,LIFESTYLE,,0,10.0,10,Free,0.0,Everyone,Lifestyle,"October 4, 2017",1.0.7,4.1 and up
7381,IQ Test,PRODUCTIVITY,4.2,1623,1.8,100000,Free,0.0,Everyone,Productivity,"March 6, 2018",1.8,2.3 and up
7382,1st Fed CI Mobile Banking,FINANCE,,0,31.0,500,Free,0.0,Everyone,Finance,"September 29, 2016",6.0.0.1775,4.1 and up
7383,Thistletown CI,PRODUCTIVITY,1.0,1,6.6,100,Free,0.0,Everyone,Productivity,"March 15, 2018",41.9,4.1 and up
7385,CI Dictionary,FAMILY,4.6,31,3.2,1000,Free,0.0,Everyone,Education,"September 1, 2015",1,4.0.3 and up
7386,RGN CI-Control,BUSINESS,,0,6.0,50,Free,0.0,Everyone,Business,"May 28, 2018",1.2,4.1 and up
7387,CI Time,PRODUCTIVITY,,4,2.5,100,Free,0.0,Everyone,Productivity,"March 17, 2017",1.2.392,4.0 and up
7388,CI View,BUSINESS,,2,9.9,100,Free,0.0,Everyone,Business,"April 19, 2017",2.9,4.1 and up
7389,Ci - Logistics Group,BUSINESS,,1,10.0,50,Free,0.0,Everyone,Business,"March 4, 2015",1.0.0,4.0 and up
7391,Annonces.ci,SHOPPING,,14,5.2,1000,Free,0.0,Everyone,Shopping,"April 5, 2016",1.0.3,3.0 and up
7392,C I Patel School,FAMILY,4.1,101,5.1,1000,Free,0.0,Everyone,Education,"March 10, 2017",1.3,4.0 and up
7393,CI Screwed - Icon Pack,PERSONALIZATION,4.7,19,6.4,1000,Free,0.0,Everyone,Personalization,"June 30, 2016",1.5,4.0.3 and up
7394,CI Stream,VIDEO_PLAYERS,,0,14.0,10,Free,0.0,Everyone,Video Players & Editors,"July 12, 2018",1,4.4 and up
7395,Majestic Cinema CI,BUSINESS,,45,15.0,5000,Free,0.0,Everyone,Business,"November 23, 2017",1.2.0,4.0 and up
7396,Bonjour 2017 Abidjan CI ❤❤❤❤❤,FAMILY,,235,3.3,10000,Free,0.0,Everyone,Entertainment,"February 16, 2017",1.0.2.0,2.0 and up
7397,Pharmacie de Garde CI et Prix,HEALTH_AND_FITNESS,4.4,2599,6.9,100000,Free,0.0,Mature 17+,Health & Fitness,"January 9, 2018",3.0.5.0,2.0 and up
7398,CI Capital - Dynamic,FINANCE,4.8,4,5.1,50,Free,0.0,Everyone,Finance,"May 23, 2018",1.0.17.0423,5.0 and up
7400,CI SA,BUSINESS,,0,10.0,10,Free,0.0,Everyone,Business,"June 11, 2018",1.0.2,4.1 and up
7401,Mesure CI,TOOLS,,9,6.6,500,Free,0.0,Everyone,Tools,"October 4, 2016",1.0.1,4.0 and up
7402,Trovami se ci riesci,GAME,5.0,11,6.1,10,Free,0.0,Everyone,Arcade,"March 11, 2017",0.1,2.3 and up
7403,CircleCI Viewer,PRODUCTIVITY,4.6,16,3.2,1000,Free,0.0,Everyone,Productivity,"August 23, 2017",1.3.2,4.4 and up
7405,Nur təfsiri 1-ci cild,LIBRARIES_AND_DEMO,5.0,15,1.4,1000,Free,0.0,Everyone,Libraries & Demo,"April 27, 2017",1,1.6 and up
7406,Test de Inteligencia CI,FAMILY,2.9,21,2.1,5000,Free,0.0,Everyone,Education,"May 11, 2015",1.05,2.3 and up
7407,Calculate My IQ,FAMILY,,44,7.2,10000,Free,0.0,Everyone,Entertainment,"April 3, 2017",,2.3 and up
7409,CI CAFETERIAS UBER,PRODUCTIVITY,,0,2.8,100,Free,0.0,Everyone,Productivity,"June 11, 2018",18.6.5,4.4 and up
7410,Mizanul-Hikmət 2-ci cild,LIBRARIES_AND_DEMO,,16,0.7,1000,Free,0.0,Everyone,Libraries & Demo,"January 4, 2017",1,1.6 and up
7411,CI On The Go,NEWS_AND_MAGAZINES,3.0,2,14.0,100,Free,0.0,Everyone,News & Magazines,"July 18, 2018",v4.30.0.8,5.0 and up
7412,CJ SO COOL,FAMILY,4.5,145,14.0,10000,Free,0.0,Everyone,Entertainment,"July 11, 2018",1,4.2 and up
7413,CJ Fitness,HEALTH_AND_FITNESS,2.4,221,43.0,10000,Free,0.0,Everyone,Health & Fitness,"February 14, 2018",4.3.0,4.1 and up
7414,CJ: Strike Back,GAME,4.3,29330,6.9,1000000,Free,0.0,Everyone,Action,"August 17, 2012",1.0.9,2.0.1 and up
7416,CJ Fallon eBook Reader,FAMILY,1.9,76,14.0,5000,Free,0.0,Everyone,Education,"February 13, 2014",2.2.1,3.0 and up
7418,CJ Gospel Hour,SOCIAL,5.0,7,18.0,100,Free,0.0,Everyone,Social,"July 25, 2018",1,4.4 and up
7419,CJ's Tire & Automotive,AUTO_AND_VEHICLES,4.0,5,34.0,1000,Free,0.0,Everyone,Auto & Vehicles,"July 30, 2018",2.8,2.3.3 and up
7420,CJ Camcorder,VIDEO_PLAYERS,4.7,3,2.8,500,Free,0.0,Everyone,Video Players & Editors,"November 26, 2017",1,4.0 and up
7422,CJ'S TIRE AND AUTO INC.,PRODUCTIVITY,5.0,5,11.0,100,Free,0.0,Everyone,Productivity,"May 30, 2018",1.0.1,4.1 and up
7423,CJ Browser - Fast & Private,COMMUNICATION,4.2,5,15.0,100,Free,0.0,Everyone,Communication,"November 7, 2017",1,4.0 and up
7424,CJ WOW SHOP,SHOPPING,4.2,2099,4.0,100000,Free,0.0,Everyone,Shopping,"December 23, 2017",1.1.1,4.0.3 and up
7425,Gold Teeth Photo Editor,PHOTOGRAPHY,2.8,1022,3.8,100000,Free,0.0,Everyone,Photography,"August 24, 2016",2,2.3 and up
7426,CJ VLC HD Remote (+ Stream),VIDEO_PLAYERS,4.2,4074,1.3,500000,Free,0.0,Everyone,Video Players & Editors,"November 13, 2013",1.2.4,2.1 and up
7427,CJ DVD Rentals,COMMUNICATION,1.0,5,13.0,100,Free,0.0,Everyone,Communication,"October 6, 2017",1,4.1 and up
7430,CJ Poker Odds Calculator,GAME,4.1,207,0.1,50000,Free,0.0,Everyone,Card,"January 30, 2011",1.2,1.6 and up
7431,Commission Manager,PRODUCTIVITY,3.2,12,2.2,1000,Free,0.0,Everyone,Productivity,"March 26, 2015",1.0.0.0,2.3.3 and up
7432,CJ Apps,BUSINESS,,0,24.0,10,Free,0.0,Everyone,Business,"April 10, 2018",2.1,4.1 and up
7433,The CJ Rubric,HEALTH_AND_FITNESS,5.0,5,43.0,100,Free,0.0,Everyone,Health & Fitness,"December 5, 2017",The CJ Rubric 7.12.0,4.1 and up
7434,Pekalongan CJ,SOCIAL,,0,5.9,0,Free,0.0,Teen,Social,"July 21, 2018",0.0.1,4.4 and up
7435,CJ's Coffee Cafe,TRAVEL_AND_LOCAL,5.0,6,2.4,500,Free,0.0,Everyone,Travel & Local,"August 21, 2017",7.5.0,4.0.3 and up
7438,Codes for GTA San Andreas,FAMILY,3.8,12414,13.0,1000000,Free,0.0,Everyone,Entertainment,"August 4, 2017",1.0.0,4.1 and up
7439,CJ Wilson's ZoomZoomnation,PRODUCTIVITY,4.0,4,8.2,500,Free,0.0,Everyone,Productivity,"July 11, 2018",3.5.3,4.0.3 and up
7440,C J Academy,FAMILY,,0,5.2,10,Free,0.0,Everyone,Education,"April 2, 2018",1,4.4 and up
7442,Sir C J New Primary School,FAMILY,5.0,3,9.2,100,Free,0.0,Everyone,Education,"July 25, 2018",1.0.10,4.0 and up
7444,CJ the REALTOR,BUSINESS,5.0,1,4.2,10,Free,0.0,Everyone,Business,"May 31, 2017",1.0.8,4.0.3 and up
7445,CJ Infinity,FOOD_AND_DRINK,,0,16.0,10,Free,0.0,Everyone,Food & Drink,"January 5, 2018",1.1,4.1 and up
7447,CJ IT ApS,BUSINESS,,0,18.0,10,Free,0.0,Everyone,Business,"July 2, 2015",1.31.62.109,4.0 and up
7448,CJ Auto école,FAMILY,,0,12.0,50,Free,0.0,Everyone,Education,"June 24, 2014",1,2.2 and up
7450,Courier Journal,NEWS_AND_MAGAZINES,3.5,254,38.0,10000,Free,0.0,Everyone 10+,News & Magazines,"June 20, 2018",5.9.5,5.0 and up
7453,Zombie Death Shooter,GAME,3.8,17372,45.0,1000000,Free,0.0,Mature 17+,Arcade,"August 8, 2015",1.3,2.3 and up
7454,Project Grand Auto Town Sandbox Beta,GAME,3.7,7885,28.0,500000,Free,0.0,Mature 17+,Racing,"February 9, 2018",1.07,4.0 and up
7456,Company Kitchen,LIFESTYLE,2.8,81,7.7,10000,Free,0.0,Everyone,Lifestyle,"March 6, 2018",2.0.0 (18.03.01),2.3.3 and up
7457,Calvin Klein – US Store,SHOPPING,4.7,221,9.5,50000,Free,0.0,Teen,Shopping,"August 1, 2017",3.6.0,4.1 and up
7458,CK FFXIV Companion,FAMILY,4.3,1364,5.2,100000,Free,0.0,Everyone,Entertainment,"July 12, 2018",4.3.5,2.3 and up
7460,Calvin Klein Petite Dresses,BEAUTY,,0,3.7,500,Free,0.0,Everyone,Beauty,"March 23, 2018",1,4.1 and up
7461,Louis CK,FAMILY,4.7,244,25.0,10000,Free,0.0,Mature 17+,Entertainment,"October 11, 2017",1.2.0,4.1 and up
7462,CK-12: Practice Math & Science,FAMILY,4.2,562,20.0,50000,Free,0.0,Everyone,Education;Education,"December 21, 2017",3.8.0.251918,4.1 and up
7463,CK 初一 十五,LIFESTYLE,4.0,294,0.2,10000,Free,0.0,Everyone,Lifestyle,"July 3, 2013",1.0.12,2.1 and up
7464,CK Eorzea Timepiece,PERSONALIZATION,3.2,8,5.3,100,Free,0.0,Everyone,Personalization,"June 5, 2015",1.1,4.3 and up
7468,ck-modelcars Shop,SHOPPING,4.5,118,6.4,5000,Free,0.0,Everyone,Shopping,"June 15, 2018",5.29.0,5.0 and up
7469,Brainf*ck Interpreter,FAMILY,4.0,24,1.9,1000,Free,0.0,Mature 17+,Entertainment,"September 3, 2016",1.0.6,2.3 and up
7470,ck-modelcars-UK Shop,SHOPPING,4.6,69,6.4,5000,Free,0.0,Everyone,Shopping,"June 15, 2018",5.29.0,5.0 and up
7471,CK Multimedia - Gaming Accessories,SHOPPING,4.7,10,2.0,500,Free,0.0,Everyone,Shopping,"February 3, 2017",1.5,3.0 and up
7472,CK SKILLZ,HEALTH_AND_FITNESS,,0,8.6,50,Free,0.0,Everyone,Health & Fitness,"May 15, 2018",1.1.7,4.1 and up
7473,CK-12 Physics Simulations,FAMILY,4.1,30,24.0,5000,Free,0.0,Everyone,Education;Education,"April 18, 2018",1.0.7,4.1 and up
7474,CKZ ORIGINS,GAME,4.5,219821,10.0,1000000,Free,0.0,Mature 17+,Action,"October 28, 2013",2.0.1,2.1 and up
7475,211:CK Lite,GAME,4.3,3,39.0,10,Free,0.0,Mature 17+,Action,"September 22, 2017",1,4.1 and up
7478,CK Employee Portal,BUSINESS,5.0,7,15.0,1000,Free,0.0,Everyone,Business,"January 5, 2017",1.0.1,4.1 and up
7479,FML F*ck my life + widget,FAMILY,4.2,1415,0.2,100000,Free,0.0,Everyone,Entertainment,"May 21, 2010",3.1,1.5 and up
7480,USMLE Step 2 CK Cards Lite,FAMILY,4.0,28,1.5,5000,Free,0.0,Everyone,Education,"May 20, 2014",2.46,2.2 and up
7481,Company Kitchen Inventory,BUSINESS,,3,2.3,1000,Free,0.0,Everyone,Business,"July 16, 2015",2.38,4.0 and up
7482,Tic Tac CK,FAMILY,5.0,3,13.0,10,Free,0.0,Everyone,Puzzle,"July 3, 2018",1,4.0.3 and up
7483,CK Pharmacies,HEALTH_AND_FITNESS,2.7,3,9.4,100,Free,0.0,Everyone 10+,Health & Fitness,"June 28, 2018",7.4.8,4.0.3 and up
7484,INFAMY RO,FAMILY,4.1,2167,3.7,50000,Free,0.0,Everyone,Role Playing,"December 14, 2017",202,4.3 and up
7485,CK Call NEW,COMMUNICATION,,0,4.2,10,Free,0.0,Everyone,Communication,"April 26, 2017",3.8.8,2.2 and up
7486,Ck Coif,LIFESTYLE,,0,22.0,10,Free,0.0,Everyone,Lifestyle,"April 30, 2016",1,2.3 and up
7488,CK Shop,TOOLS,,13,8.1,1000,Free,0.0,Everyone,Tools,"May 9, 2018",1.1,5.0 and up
7489,FlexBook,FAMILY,4.3,104,12.0,10000,Free,0.0,Everyone,Education;Education,"May 21, 2018",1.0.6,4.1 and up
7492,OB-GYN USMLE Stp2 CK 300 Q & A,MEDICAL,4.4,34,4.9,10000,Free,0.0,Everyone,Medical,"May 16, 2015",1.2,2.0 and up
7493,CK Active,HEALTH_AND_FITNESS,,0,9.7,10,Free,0.0,Everyone,Health & Fitness,"February 27, 2018",3.0.6,4.0 and up
7494,USMLE CK Clinical Knowledge Flashcards 2018 Ed,FAMILY,,0,3.6,5,Free,0.0,Everyone,Education,"June 21, 2018",1,4.0.3 and up
7495,Night Camera Blur Effect,PHOTOGRAPHY,3.6,100,2.5,10000,Free,0.0,Everyone,Photography,"August 5, 2018",4.2,4.2 and up
7496,Camera V7 24 Megapixel,PHOTOGRAPHY,4.0,2480,2.5,100000,Free,0.0,Everyone,Photography,"August 1, 2018",4,4.1 and up
7497,CL Mobile Pro - Classifieds for Craigslist,SHOPPING,4.1,1288,18.0,100000,Free,0.0,Mature 17+,Shopping,"July 9, 2018",48,4.1 and up
7498,cloudLibrary,BOOKS_AND_REFERENCE,4.0,10774,35.0,100000,Free,0.0,Everyone,Books & Reference,"June 28, 2018",3.8.10,4.1 and up
7499,"CL Reader for Craigslist(For sale, jobs, rental..)",TOOLS,4.1,61,6.3,1000,Free,0.0,Everyone,Tools,"September 14, 2017",1.9,4.1 and up
7500,CL Pro App for Craigslist,SHOPPING,4.0,119,1.3,10000,Free,0.0,Everyone,Shopping,"July 1, 2017",CL Pro for Craigslist - Canada 150,4.0 and up
7502,CL 2NE1 Wallpaper KPOP Fans HD,PERSONALIZATION,,7,3.4,100,Free,0.0,Everyone,Personalization,"May 19, 2018",1.1.1,4.0 and up
7503,CL 2ne1 Wallpaper KPOP HD Best,PERSONALIZATION,,3,3.4,10,Free,0.0,Everyone,Personalization,"July 9, 2018",1.1.1,4.0 and up
7505,CL 2ne1 Wallpaper KPOP UHD Fans,PERSONALIZATION,,1,3.4,10,Free,0.0,Everyone,Personalization,"July 15, 2018",1.1.1,4.0 and up
7506,CL REPL,TOOLS,5.0,47,17.0,1000,Free,0.0,Everyone,Tools,"April 10, 2018",1.0.19,4.1 and up
7507,CL Pro Client for Craigslist,SHOPPING,3.6,48,2.2,5000,Free,0.0,Everyone,Shopping,"September 10, 2016",Bowser4Craigslist,4.0 and up
7509,App for Craigslist Pro - Buy & Sell Postings,LIFESTYLE,4.3,707,5.0,100000,Free,0.0,Everyone,Lifestyle,"May 9, 2018",App copyright,4.1 and up
7510,Pro App for Craigslist,SHOPPING,4.1,5618,4.6,500000,Free,0.0,Teen,Shopping,"May 9, 2018",Copyright,4.1 and up
7511,Car Search For Craigslist CL Free,AUTO_AND_VEHICLES,2.6,5,9.0,1000,Free,0.0,Everyone,Auto & Vehicles,"May 8, 2018",1.0.0,2.3.3 and up
7512,CL Clock,BUSINESS,2.7,7,1.3,1000,Free,0.0,Everyone,Business,"July 22, 2016",1,5.0 and up
7513,Old: CL-150,FAMILY,3.8,120,24.0,10000,Free,0.0,Everyone,Education,"May 21, 2018",1.1.7,4.0.3 and up
7514,CL Keyboard - Myanmar Keyboard (No Ads),TOOLS,5.0,24,3.2,5000,Free,0.0,Everyone,Tools,"June 13, 2018",1.1.3,4.3 and up
7516,Cl-app!,SPORTS,,41,0.4,10000,Free,0.0,Everyone,Sports,"May 2, 2013",1.1.11,2.0 and up
7517,CL Notifier,TOOLS,5.0,36,3.2,100,Free,0.0,Teen,Tools,"August 2, 2017",1,4.0 and up
7518,Leica CL,PHOTOGRAPHY,2.6,8,2.4,1000,Free,0.0,Everyone,Photography,"November 21, 2017",1,4.1 and up
7521,New CL 2ne1 Wallpaper KPOP live,PERSONALIZATION,,0,3.4,1,Free,0.0,Everyone,Personalization,"August 1, 2018",1.1.1,4.0 and up
7522,CL 2ne1 Wallpaper KPOP Fans All,PERSONALIZATION,,0,3.4,1,Free,0.0,Everyone,Personalization,"July 29, 2018",1.1.1,4.0 and up
7523,CL-Phlebotomist,MEDICAL,4.7,19,7.3,100,Free,0.0,Everyone,Medical,"June 16, 2018",1.0.23,4.1 and up
7524,New: CL-150,FAMILY,2.8,4,4.2,500,Free,0.0,Everyone,Education,"July 25, 2018",1.2.0,5.0 and up
7526,CL-Customer Care,HEALTH_AND_FITNESS,,2,6.8,5,Free,0.0,Everyone,Health & Fitness,"June 14, 2018",1.3,4.0.3 and up
7527,CL Pebble Apps,LIFESTYLE,3.6,67,0.5,5000,Free,0.0,Everyone,Lifestyle,"December 23, 2015",3.5,4.0 and up
7528,MPS CL,TOOLS,,1,3.2,10,Free,0.0,Everyone,Tools,"May 24, 2018",1.0.3,4.0.3 and up
7529,Turnotronik CL,TOOLS,,1,3.3,10,Free,0.0,Everyone,Tools,"May 24, 2018",1.0.3,4.0.3 and up
7530,CL e-bank,FINANCE,4.0,210,3.7,10000,Free,0.0,Everyone,Finance,"July 30, 2018",1.5.5,4.2 and up
7531,E2CR CL,LIFESTYLE,,0,25.0,10,Free,0.0,Everyone,Lifestyle,"June 30, 2017",1,4.1 and up
7532,Wallpapers Mercedes Benz CL,PERSONALIZATION,,2,12.0,100,Free,0.0,Teen,Personalization,"March 5, 2017",1,4.1 and up
7533,Color CL,LIFESTYLE,5.0,2,1.3,100,Free,0.0,Everyone,Lifestyle,"February 2, 2017",1.01,4.0.3 and up
7534,CL Strength,HEALTH_AND_FITNESS,5.0,3,40.0,50,Free,0.0,Everyone,Health & Fitness,"June 27, 2018",CL Strength 7.12.1,4.1 and up
7535,CL-App,MEDICAL,4.7,6,5.2,100,Free,0.0,Everyone,Medical,"February 17, 2017",1.1,4.0 and up
7541,"CM Security Open VPN - Free, fast unlimited proxy",TOOLS,4.6,85496,5.8,1000000,Free,0.0,Everyone,Tools,"February 14, 2018",1.6.2,4.0.3 and up
7545,CM Apps,TOOLS,3.8,3341,1.9,100000,Free,0.0,Everyone,Tools,"April 17, 2016",4.5,4.2 and up
7546,CM AppLock,TOOLS,4.1,843,3.6,100000,Free,0.0,Everyone,Tools,"February 25, 2016",2.0.0,4.0 and up
7547,"Ruler(cm, inch)",TOOLS,3.4,2889,2.5,500000,Free,0.0,Everyone,Tools,"July 27, 2016",1.1.0,2.3 and up
7549,CM Launcher Default Theme,PERSONALIZATION,4.5,3989,1.1,100000,Free,0.0,Everyone,Personalization,"September 11, 2015",1.1.1,4.0 and up
7551,Inch/cm/Foot Conversion,PRODUCTIVITY,4.0,319,2.1,100000,Free,0.0,Everyone,Productivity,"August 20, 2017",2.0.1,2.3.3 and up
7552,"Speed Booster - Ram, Battery & Game Speed Booster",TOOLS,4.7,85079,2.8,1000000,Free,0.0,Everyone,Tools,"July 17, 2018",1.0.4,2.3 and up
7554,Technology CM Locker Theme,PERSONALIZATION,4.4,10093,5.5,1000000,Free,0.0,Everyone,Personalization,"February 26, 2016",1.0.0,4.0 and up
7556,Melior NUI - Material CM Theme,PERSONALIZATION,4.7,1873,14.0,100000,Free,0.0,Everyone,Personalization,"November 7, 2016",Varies with device,Varies with device
7557,Height Converter feet-inch cm,TOOLS,4.2,498,0.6,100000,Free,0.0,Everyone,Tools,"October 22, 2013",1,2.2 and up
7558,CM Secure Browser (Authorized),TOOLS,4.2,1147,2.7,100000,Free,0.0,Everyone,Tools,"October 2, 2017",1.1.6,4.0 and up
7559,📏 Smart Ruler ↔️ cm/inch measuring for homework!,TOOLS,4.0,19,3.2,10000,Free,0.0,Everyone,Tools,"October 21, 2017",1,4.2 and up
7560,Ruler cm,TOOLS,3.6,661,0.8,100000,Free,0.0,Everyone,Tools,"September 10, 2014",2.1,2.2 and up
7561,"Length Converter: convert mm,cm,m, feet,yard,mile",TOOLS,4.7,76,2.2,50000,Free,0.0,Everyone,Tools,"April 5, 2018",1.4,4.0.3 and up
7562,CM AppLock Fingerprint 2018,TOOLS,4.4,1264,8.2,100000,Free,0.0,Everyone,Tools,"August 6, 2018",4.0.4,4.3 and up
7563,"m, cm, mm to yard, feet, inch converter tool",TOOLS,4.3,246,2.8,100000,Free,0.0,Everyone,Tools,"February 6, 2018",1.1,4.0 and up
7564,Speed Car CM Locker Theme,PERSONALIZATION,4.4,7519,4.0,500000,Free,0.0,Everyone,Personalization,"January 26, 2016",1.0.1,4.0 and up
7565,Calculator CM,TOOLS,4.4,8,1.8,500,Free,0.0,Everyone,Tools,"March 9, 2015",1,2.3 and up
7566,Inches to cm conversion,TOOLS,4.4,29,0.1,10000,Free,0.0,Everyone,Tools,"January 14, 2015",1.4,4.0 and up
7567,Vintage Flower CM Locker Theme,PERSONALIZATION,4.3,2910,2.3,500000,Free,0.0,Everyone,Personalization,"January 24, 2016",1.0.0,4.0 and up
7568,Centimeter Ruler,TOOLS,3.3,16,1.3,10000,Free,0.0,Everyone,Tools,"November 5, 2016",2,4.0 and up
7569,CM S Pen Add-on(ROOT),TOOLS,3.6,373,0.1,10000,Free,0.0,Everyone,Tools,"February 24, 2017",1.0.9,4.1 and up
7571,My Style CM 13 Theme,PERSONALIZATION,4.5,314,11.0,10000,Free,0.0,Everyone,Personalization,"September 8, 2016",1.9,5.0 - 6.0
7573,"Ruler & Area Measurement (cm, inch)",TOOLS,4.3,10,8.2,10000,Free,0.0,Everyone,Tools,"July 28, 2017",1.2,4.1 and up
7574,Inches to Centimeters,TOOLS,3.6,949,0.4,100000,Free,0.0,Everyone,Tools,"April 13, 2018",3,1.6 and up
7575,"cm, mm to inch, feet converter tool",PRODUCTIVITY,4.3,176,2.3,100000,Free,0.0,Everyone,Productivity,"September 27, 2016",1.1,2.3.3 and up
7576,City light CM Locker Theme,PERSONALIZATION,4.4,6271,5.7,500000,Free,0.0,Everyone,Personalization,"February 24, 2016",1.0.0,4.0 and up
7579,cm to inches | centimeters to inches conversion,TOOLS,4.8,52,1.9,5000,Free,0.0,Everyone,Tools,"May 7, 2018",1.3.2,4.0 and up
7581,In to cm,TOOLS,,0,2.3,10,Free,0.0,Everyone,Tools,"April 5, 2018",1.1,4.0.3 and up
7583,CN Summer Challenge,FAMILY,3.7,985,49.0,100000,Free,0.0,Everyone,Entertainment;Brain Games,"May 24, 2018",1.1,4.4 and up
7587,CN Sayin' - Cartoon Network,FAMILY,4.5,85,25.0,10000,Free,0.0,Everyone,Entertainment,"March 27, 2018",1.22,4.4 and up
7588,Cartoon Network Match Land,FAMILY,4.7,21979,38.0,1000000,Free,0.0,Everyone,Puzzle,"July 9, 2018",1.1.3,5.1 and up
7590,Wrecker's Revenge - Gumball,FAMILY,4.3,2263,55.0,100000,Free,0.0,Everyone,Puzzle;Action & Adventure,"September 21, 2017",14.15,4.3 and up
7592,Blamburger - Clarence,FAMILY,4.1,30444,27.0,1000000,Free,0.0,Everyone 10+,Arcade;Action & Adventure,"October 26, 2015",1.0.5,4.3 and up
7597,[adult swim],FAMILY,3.6,21433,21.0,1000000,Free,0.0,Mature 17+,Entertainment,"May 29, 2018",3.0.1805181047,5.0 and up
7600,Dreamland Arcade - Steven Universe,GAME,4.0,6386,24.0,500000,Free,0.0,Everyone,Arcade,"November 19, 2017",0.99,5.1 and up
7605,Burrito Bash – We Bare Bears,FAMILY,4.3,10776,21.0,1000000,Free,0.0,Everyone,Arcade;Action & Adventure,"October 26, 2017",3.4,4.1 and up
7607,Boomerang,FAMILY,4.2,13519,51.0,1000000,Free,0.0,Everyone,Entertainment;Music & Video,"July 27, 2018",2.18,5.0 and up
7609,Champions and Challengers - Adventure Time,FAMILY,4.6,51973,27.0,1000000,Free,0.0,Everyone,Role Playing,"August 2, 2018",1.2.5,4.4 and up
7612,"What's Up, Snoopy? - Peanuts",FAMILY,4.5,773,55.0,100000,Free,0.0,Everyone,Arcade;Action & Adventure,"August 22, 2017",1.0.1,5.1 and up
7622,CN TV Canal 3 - Cable Netword,FAMILY,,5,16.0,1000,Free,0.0,Everyone,Entertainment,"February 10, 2018",2,4.0.3 and up
7624,Little Lovely Dentist,FAMILY,4.2,17786,16.0,1000000,Free,0.0,Everyone,Casual,"May 14, 2018",1.1.8,4.0 and up
7625,Foods Co,SHOPPING,4.3,199,25.0,10000,Free,0.0,Everyone,Shopping,"August 2, 2018",14.2.1,5.0 and up
7626,AND CO,FINANCE,4.5,175,12.0,10000,Free,0.0,Everyone,Finance,"August 3, 2018",2.2.0,5.0 and up
7632,Co-op CRS,LIFESTYLE,3.6,581,26.0,100000,Free,0.0,Everyone,Lifestyle,"March 4, 2018",2.4.3,4.4 and up
7633,Co Checker,TOOLS,1.9,12,2.0,1000,Free,0.0,Everyone,Tools,"October 20, 2017",1.8.6,4.3 and up
7634,VCalendar - VenkatRama and Co,LIFESTYLE,4.3,87,3.9,10000,Free,0.0,Everyone,Lifestyle,"March 16, 2018",1.2,4.1 and up
7635,Feeder.co,NEWS_AND_MAGAZINES,3.2,77,11.0,5000,Free,0.0,Everyone,News & Magazines,"March 12, 2018",2.2.7,4.2 and up
7636,Co-op Connections,SHOPPING,1.6,8,18.0,1000,Free,0.0,Everyone,Shopping,"May 3, 2018",1.5,4.1 and up
7637,mail.co.uk Mail,COMMUNICATION,4.2,21,8.7,5000,Free,0.0,Everyone,Communication,"July 24, 2018",1.1.0,4.0.3 and up
7638,Aquarium Co-Op Podcast,LIFESTYLE,4.9,206,3.9,1000,Free,0.0,Everyone,Lifestyle,"June 20, 2017",2.3.13,4.2 and up
7639,MobileBiz Co - Cloud Invoice,BUSINESS,4.4,373,4.0,10000,Free,0.0,Everyone,Business,"February 16, 2018",1.3.4,2.0 and up
7641,Co-op Taxi,MAPS_AND_NAVIGATION,3.4,168,53.0,10000,Free,0.0,Everyone,Maps & Navigation,"May 1, 2018",3.19.34,5.0 and up
7642,Alex & Co Quiz,GAME,,9,4.9,1000,Free,0.0,Everyone,Trivia,"April 15, 2018",1.2,4.1 and up
7643,Them Bombs: co-op board game play with 2-4 friends,GAME,4.7,8038,52.0,100000,Free,0.0,Teen,Board,"July 12, 2018",1.4.1,4.1 and up
7644,REI Co-op Mastercard,FINANCE,2.9,320,23.0,10000,Free,0.0,Everyone,Finance,"June 14, 2018",2.13.11,4.4 and up
7645,Websites.co.in Instant Website,BUSINESS,4.3,327,13.0,10000,Free,0.0,Everyone,Business,"June 25, 2018",1.48,4.1 and up
7646,Co-op Credit Union on the Go,FINANCE,4.4,5,30.0,1000,Free,0.0,Everyone,Finance,"April 25, 2018",18.1.79,5.0 and up
7647,Hashtags For Likes.co,SOCIAL,4.3,420,18.0,50000,Free,0.0,Everyone,Social,"December 19, 2016",1.1,4.0.3 and up
7648,Chinese Chess ( Xiangqi Free ),GAME,4.6,963,4.1,50000,Free,0.0,Everyone,Board,"April 18, 2017",1.1.1,2.3 and up
7649,Krypton by krypt.co,PRODUCTIVITY,4.6,38,13.0,1000,Free,0.0,Everyone,Productivity,"July 17, 2018",2.4.0,6.0 and up
7650,Chinese Chess / Co Tuong,GAME,4.2,6947,20.0,500000,Free,0.0,Everyone,Board,"October 25, 2017",2.7.7,2.3 and up
7651,Fayr - Co-Parenting Simplified,PRODUCTIVITY,3.5,16,21.0,1000,Free,0.0,Everyone,Productivity,"July 20, 2018",1.5.1,5.0 and up
7652,Co-Dependents Anonymous,LIFESTYLE,,0,12.0,500,Free,0.0,Everyone,Lifestyle,"February 28, 2018",1.0.1,4.1 and up
7653,Sprig by CO-OP,FINANCE,2.9,252,18.0,10000,Free,0.0,Everyone,Finance,"October 11, 2017",1.4.1033,4.1 and up
7654,Good&Co: Career match tests,BUSINESS,4.4,26572,41.0,1000000,Free,0.0,Everyone,Business,"July 24, 2018",2.9.1,4.1 and up
7655,Central Bank and Trust Co.,FINANCE,4.7,65,12.0,5000,Free,0.0,Everyone,Finance,"June 12, 2018",5.9.1.0,5.0 and up
7656,Soo Co-op Mobile Banking,FINANCE,4.5,159,14.0,1000,Free,0.0,Everyone,Finance,"September 12, 2017",4.2.87,4.0.3 and up
7659,Holl & Co Barbers,LIFESTYLE,4.7,12,6.0,500,Free,0.0,Everyone,Lifestyle,"February 26, 2018",4.9.940,4.0 and up
7661,Grenada Co-operative Bank,FINANCE,4.4,137,0.4,10000,Free,0.0,Everyone,Finance,"June 26, 2013",2.4.3,1.6 and up
7662,Dungeon Legends - PvP Action MMO RPG Co-op Games,FAMILY,4.4,102215,42.0,1000000,Free,0.0,Teen,Role Playing,"June 25, 2018",3.1,4.0.3 and up
7663,CO CASE Events,FAMILY,,0,54.0,100,Free,0.0,Everyone,Education,"January 30, 2018",1.3,4.1 and up
7664,Permit Test CO Colorado DMV,FAMILY,4.5,41,11.0,1000,Free,0.0,Everyone,Education,"June 15, 2017",2.6.5,4.1 and up
7666,2-Player Co-op Zombie Shoot,GAME,4.2,33,13.0,1000,Free,0.0,Teen,Action,"July 1, 2018",1.0.13,2.3 and up
7667,Camping and Co - Camping in Europe,TRAVEL_AND_LOCAL,3.7,19,6.5,1000,Free,0.0,Everyone,Travel & Local,"April 17, 2018",1.2.3,4.1 and up
7668,Remote | Fire TV | Android TV | KODI | CetusPlay,TOOLS,4.4,15911,16.0,1000000,Free,0.0,Everyone,Tools,"June 30, 2018",4.1.8.1,4.1 and up
7669,Comboios de Portugal,MAPS_AND_NAVIGATION,3.4,1147,19.0,100000,Free,0.0,Everyone,Maps & Navigation,"May 28, 2018",1.0.3.8,4.0.3 and up
7670,CP Dialer,SOCIAL,4.3,64,3.3,50000,Free,0.0,Teen,Social,"March 22, 2018",2.9.0,4.1 and up
7671,CP Federal Mobile,FINANCE,3.6,180,35.0,10000,Free,0.0,Everyone,Finance,"October 6, 2017",7.0.7-qa003-prod,4.2 and up
7672,Cestovné poriadky CP,MAPS_AND_NAVIGATION,4.6,2681,6.3,100000,Free,0.0,Everyone,Maps & Navigation,"September 25, 2017",1.2.0,4.0.3 and up
7673,CP Channel,FAMILY,4.6,7,12.0,500,Free,0.0,Everyone 10+,Education,"March 21, 2018",1.1.0,4.1 and up
7674,CP Clicker,LIFESTYLE,4.2,251,5.0,10000,Free,0.0,Everyone,Lifestyle,"March 22, 2018",3.3.003,4.1 and up
7675,Evolution CP & IV Calculator for pokemon,FAMILY,4.3,9465,43.0,500000,Free,0.0,Everyone,Entertainment,"July 8, 2018",0.4.6,4.4 and up
7676,CP Creepypasta,FAMILY,3.8,128,2.9,10000,Free,0.0,Teen,Entertainment,"July 11, 2016",1.0.2,4.0.3 and up
7677,Hercules CP Mobile,TOOLS,1.4,20,4.1,1000,Free,0.0,Everyone,Tools,"July 6, 2018",2.1.5,4.3 and up
7678,Cerebral Palsy,MEDICAL,4.4,38,8.5,1000,Free,0.0,Everyone,Medical,"July 30, 2014",2,3.0 and up
7679,"Speak quietly: Autism, CP",MEDICAL,,6,7.0,1000,Free,0.0,Everyone,Medical,"July 30, 2016",5,3.0 and up
7680,CP RACING 2 FREE,FAMILY,4.0,4607,19.0,100000,Free,0.0,Everyone,Simulation,"March 12, 2018",3,4.0 and up
7681,CP-Care Mobile,FAMILY,,1,16.0,10,Free,0.0,Everyone,Education,"June 20, 2018",1,4.0 and up
7682,CP ToolBox,BUSINESS,4.6,70,14.0,1000,Free,0.0,Everyone,Business,"February 11, 2015",1.9.3,2.3.3 and up
7683,"Talking Pictures: Autism, CP",MEDICAL,3.9,22,0.8,5000,Free,0.0,Everyone,Medical,"March 6, 2017",1.14,3.0 and up
7684,CP HAPPS - Pittsburgh Events,LIFESTYLE,3.8,85,5.6,5000,Free,0.0,Teen,Lifestyle,"March 6, 2015",1.18.10,4.0.3 and up
7685,Poke Genie - Safe IV Calculator,TOOLS,4.7,92958,36.0,1000000,Free,0.0,Everyone,Tools,"July 27, 2018",1.13.0,5.0 and up
7686,IV Calc CP Calculator Toolkit,TOOLS,4.2,242,3.2,10000,Free,0.0,Everyone,Tools,"October 6, 2016",1.3,4.2 and up
7687,CP Plus Showcase,BUSINESS,4.3,236,7.0,50000,Free,0.0,Everyone,Business,"March 9, 2018",1.0.4,4.0 and up
7688,CP Calculator,FAMILY,4.1,187,2.9,10000,Free,0.0,Everyone,Entertainment,"September 13, 2016",3.21,4.1 and up
7689,iTooch Mathématiques CP,FAMILY,4.3,1018,35.0,100000,Free,0.0,Everyone,Education;Education,"June 28, 2017",4.6.2,4.0.3 and up
7690,gCMOB,TOOLS,4.2,7935,21.0,1000000,Free,0.0,Everyone,Tools,"January 8, 2018",2.4.7,3.0 and up
7691,CP Connect 2.0,PRODUCTIVITY,,0,5.8,500,Free,0.0,Everyone,Productivity,"August 17, 2017",3.9.4,4.0.3 and up
7692,Evolution CP,FAMILY,3.6,13,4.7,500,Free,0.0,Everyone,Entertainment,"September 4, 2016",1.0.2,4.0.3 and up
7693,IV Go（get IV for Pokemon）,GAME,4.6,132282,20.0,1000000,Free,0.0,Everyone,Adventure,"July 31, 2018",15,4.1 and up
7694,CP Smart Check List,PERSONALIZATION,,1,3.9,10,Free,0.0,Everyone,Personalization,"August 14, 2017",0.0.1,4.1 and up
7695,Ditto CP Calculator GO,TOOLS,4.3,34,12.0,1000,Free,0.0,Everyone,Tools,"February 25, 2018",1.9,4.0.3 and up
7696,Foothills CP,FAMILY,5.0,4,7.8,100,Free,0.0,Teen,Education,"June 25, 2018",3.8.0,4.1 and up
7697,CP Installer App,BUSINESS,5.0,4,24.0,100,Free,0.0,Everyone,Business,"July 24, 2018",5.1.1,4.1 and up
7698,CP Trivia,GAME,5.0,5,12.0,100,Free,0.0,Everyone,Trivia,"August 6, 2018",0.99,5.0 and up
7700,CP Surprise,LIFESTYLE,3.8,2548,4.9,100000,Free,0.0,Everyone,Lifestyle,"January 30, 2018",4.4.2,4.1 and up
7701,Evolve CP Calc. for PokemonGo,TOOLS,3.9,116,3.3,10000,Free,0.0,Everyone,Tools,"December 18, 2016",2.6,4.4 and up
7702,CP Cloud,BUSINESS,,3,5.4,100,Free,0.0,Everyone,Business,"July 24, 2018",2.5,4.4 and up
7703,GO CP Evolution Calculator,FAMILY,,5,2.4,100,Free,0.0,Everyone,Entertainment,"January 29, 2017",1,4.0.3 and up
7704,ClanPlay: Community and Tools for Gamers,COMMUNICATION,4.8,34443,27.0,1000000,Free,0.0,Teen,Communication,"June 28, 2018",1.14.3,5.0 and up
7705,CP Calculator - Poke Go Calc,FAMILY,4.1,7,22.0,500,Free,0.0,Everyone,Entertainment,"September 17, 2016",1.1,4.2 and up
7706,Contents Provider(C.P.)Explorer,TOOLS,4.0,1,1.2,100,Free,0.0,Everyone,Tools,"June 20, 2018",5,3.0 and up
7707,Cp Calculator for Evolution:GO,FAMILY,4.8,124,2.5,500,Free,0.0,Everyone,Entertainment,"August 23, 2016",1.2,4.2 and up
7708,Calcy IV,TOOLS,4.8,36557,14.0,1000000,Free,0.0,Everyone,Tools,"August 3, 2018",2.51f,5.0 and up
7709,CP Brown English-Telugu Dictionary,FAMILY,4.4,8,6.8,500,Free,0.0,Everyone,Education,"November 10, 2017",3,4.0 and up
7710,CP Parquet,LIFESTYLE,,2,1.2,100,Free,0.0,Everyone,Lifestyle,"May 11, 2016",1.0.2,4.0 and up
7711,CP evolution calculator Pokemo,FAMILY,4.1,78,0.8,10000,Free,0.0,Everyone,Educational,"February 26, 2017",1.3,4.1 and up
7712,C.P. CERVANTES (TOBARRA),SOCIAL,,0,4.9,5,Free,0.0,Everyone,Social,"July 24, 2018",8.2,4.0.3 and up
7713,Sporting CP Keyboard Theme,SPORTS,,45,5.3,5000,Free,0.0,Everyone,Sports,"October 24, 2017",1,4.0 and up
7714,Meu Calendário CP,TOOLS,,37,6.5,100,Free,0.0,Everyone,Tools,"August 5, 2018",1.55.4,4.0.3 and up
7716,CQ Hotels,TRAVEL_AND_LOCAL,4.3,15,14.0,10000,Free,0.0,Everyone,Travel & Local,"July 6, 2018",5.4.13,4.4 and up
7717,CQ,NEWS_AND_MAGAZINES,3.7,7,3.4,1000,Free,0.0,Everyone 10+,News & Magazines,"May 18, 2018",1.0.11,4.0.3 and up
7718,Curio Quest,FAMILY,4.3,59152,50.0,1000000,Free,0.0,Everyone 10+,Role Playing,"March 29, 2018",1.14.00,4.0.3 and up
7719,CQ-Mobile,COMMUNICATION,,10,8.1,1000,Free,0.0,Everyone,Communication,"November 28, 2016",5.5.0,4.0 and up
7720,CQ Key,TOOLS,,0,1.7,100,Free,0.0,Everyone,Tools,"April 26, 2018",1.03,4.0 and up
7721,Sabbath School 4,FAMILY,4.3,2871,18.0,100000,Free,0.0,Everyone,Education,"May 8, 2015",1.6,2.3.3 and up
7722,CQ Mobile,FINANCE,2.7,36,18.0,1000,Free,0.0,Everyone,Finance,"July 10, 2018",Varies with device,Varies with device
7723,Cardinal Quest 2,FAMILY,4.4,19207,36.0,100000,Free,0.0,Everyone,Role Playing,"September 19, 2016",1.19,2.3 and up
7724,CQ-Alert,COMMUNICATION,,3,8.1,500,Free,0.0,Everyone,Communication,"November 28, 2016",5.5.0,4.0 and up
7725,SDA Collegiate Quarterly,BOOKS_AND_REFERENCE,4.5,8,5.1,500,Free,0.0,Everyone,Books & Reference,"July 13, 2018",1.2,4.4 and up
7726,CQ SIGNAL PRO 5,FINANCE,,0,1.6,10,Free,0.0,Everyone,Finance,"April 17, 2017",4,4.1 and up
7728,HR Team CQ Region Ed Qld,BUSINESS,,0,4.1,500,Free,0.0,Everyone,Business,"January 12, 2018",3.8,4.0.3 and up
7729,Roll Call News,NEWS_AND_MAGAZINES,3.7,24,10.0,5000,Free,0.0,Everyone,News & Magazines,"December 24, 2015",1.1,4.1 and up
7731,CQ ESPM,BUSINESS,5.0,2,3.4,5,Free,0.0,Everyone,Business,"June 3, 2017",1.0.1,4.1 and up
7732,SHUTTLLS CQ - Connect Ride Go,TRAVEL_AND_LOCAL,,0,18.0,5,Free,0.0,Everyone,Travel & Local,"April 26, 2018",4.6.2100,4.3 and up
7733,QRZ Assistant,COMMUNICATION,4.2,1044,3.5,100000,Free,0.0,Everyone,Communication,"May 30, 2018",2,4.4 and up
7734,Palavras la cq,GAME,3.9,783,3.4,100000,Free,0.0,Everyone,Trivia,"October 18, 2014",1,2.3.3 and up
7735,CQ Ukraine,PRODUCTIVITY,,0,9.1,10,Free,0.0,Everyone,Productivity,"June 25, 2018",1.17.0,4.1 and up
7736,Pocket Prefix Plus,COMMUNICATION,4.5,192,15.0,10000,Free,0.0,Everyone,Communication,"February 12, 2018",v2.6.0,3.0 and up
7737,CQ Electrical Group,PRODUCTIVITY,,0,14.0,1,Free,0.0,Everyone,Productivity,"July 19, 2018",1.0.0,4.1 and up
7739,Sabbath School,BOOKS_AND_REFERENCE,4.7,28237,10.0,100000,Free,0.0,Everyone,Books & Reference,"April 22, 2018",3.2.994,4.0.3 and up
7740,Gunship Modern Combat 3D,GAME,4.2,3247,26.0,500000,Free,0.0,Teen,Action,"July 25, 2017",1.05,2.3 and up
7742,ClanManagerTT2,FAMILY,4.7,55,3.3,1000,Free,0.0,Everyone,Casual,"July 24, 2018",2.2.9,4.4 and up
7743,Christian Questions Podcast,FAMILY,4.6,222,15.0,10000,Free,0.0,Everyone,Education,"March 28, 2018",2.8,4.0.3 and up
7747,Cypress College Library,BOOKS_AND_REFERENCE,,0,2.1,100,Free,0.0,Everyone,Books & Reference,"December 7, 2015",4.7.2,1.6 and up
7748,Create My App,BUSINESS,,0,11.0,10,Free,0.0,Everyone,Business,"April 24, 2018",1.0.5,4.1 and up
7749,Snowboard Racing Free Fun Game,GAME,3.8,4552,43.0,100000,Free,0.0,Everyone,Racing,"October 26, 2016",1.4.0,2.3.3 and up
7750,theCut,LIFESTYLE,4.7,499,6.9,50000,Free,0.0,Everyone,Lifestyle,"May 10, 2018",1.2.7,4.1 and up
7753,RIDE ZERO,GAME,4.6,8778,36.0,100000,Free,0.0,Teen,Music,"January 2, 2018",1.3.1,4.3 and up
7754,CricQuick,SPORTS,5.0,17,1.5,50,Free,0.0,Everyone,Sports,"December 8, 2017",1,4.0.3 and up
7755,Next Island: Dino Village,FAMILY,3.9,29,37.0,1000,Free,0.0,Everyone 10+,Casual,"May 4, 2018",1,5.0 and up
7756,iReadMe,PRODUCTIVITY,5.0,8,22.0,100,Free,0.0,Everyone,Productivity,"March 6, 2018",1.5,4.4 and up
7757,Global Shop,BUSINESS,,0,3.3,50,Free,0.0,Everyone,Business,"February 23, 2018",1.1.0,4.0 and up
7758,Webmail web mobile app,TOOLS,2.3,395,2.6,100000,Free,0.0,Everyone,Tools,"August 5, 2018",4.2,4.1 and up
7759,QC,FAMILY,,4,34.0,100,Free,0.0,Everyone,Puzzle,"October 5, 2016",1,4.0.3 and up
7760,Traffic Info and Traffic Alert,MAPS_AND_NAVIGATION,3.6,695,2.9,100000,Free,0.0,Everyone,Maps & Navigation,"January 28, 2018",5.3,4.0 and up
7761,Color Quartets,FAMILY,4.0,42,12.0,1000,Free,0.0,Everyone,Casual,"November 15, 2016",1.46,4.0 and up
7762,Ham Radio Prefixes,COMMUNICATION,3.7,218,3.7,10000,Free,0.0,Everyone,Communication,"July 12, 2014",1.12,2.3 and up
7763,Battle Result Predictor for CR,TOOLS,4.2,7063,17.0,1000000,Free,0.0,Everyone,Tools,"February 4, 2017",1.3.0,4.1 and up
7766,CR & CoC Private Server - Clash Barbarians PRO,FAMILY,4.6,167974,5.0,500000,Free,0.0,Everyone,Entertainment,"July 27, 2018",Gratis,4.0.3 and up
7767,Deck Analyzer for CR,TOOLS,4.2,2630,18.0,100000,Free,0.0,Everyone,Tools,"February 2, 2017",1.3.0,4.1 and up
7768,Chest Simulator for Clash Royale,FAMILY,4.4,4756,33.0,100000,Free,0.0,Everyone,Simulation,"July 19, 2018",1.1.9,4.1 and up
7769,Clash Soundboard For CR & COC,FAMILY,4.3,13,26.0,500,Free,0.0,Everyone,Entertainment,"January 3, 2018",1.1,4.0.3 and up
7770,Quiz for Clash Royale™,FAMILY,4.0,3788,32.0,100000,Free,0.0,Everyone,Entertainment,"July 18, 2018",3.0.1,4.1 and up
7771,CR Blue Icon Pack,PERSONALIZATION,4.5,323,38.0,10000,Free,0.0,Everyone,Personalization,"December 4, 2014",1.03,2.3.3 and up
7772,Chest Calculator for CR,FAMILY,3.9,14754,21.0,1000000,Free,0.0,Everyone 10+,Entertainment,"July 22, 2018",1.8.1,4.1 and up
7773,Ultimate Calculator for CR,PRODUCTIVITY,3.7,7389,41.0,500000,Free,0.0,Everyone,Productivity,"March 15, 2017",1.0.4,4.0 and up
7776,Stats CR Clan for Clash Royale,FAMILY,3.8,16,9.9,100,Free,0.0,Everyone,Entertainment,"July 25, 2018",1.2.9,4.1 and up
7777,Ultimate Clash Royale Tracker,FAMILY,4.7,92010,5.9,1000000,Free,0.0,Everyone,Strategy,"July 4, 2018",1.4.8,4.2 and up
7778,Chest Opener for CR - The Circle Game,FAMILY,,68,2.7,5000,Free,0.0,Everyone,Entertainment,"January 7, 2018",1.0.3,5.0 and up
7779,Deck Simulator for CR,TOOLS,3.4,202,12.0,10000,Free,0.0,Everyone,Tools,"June 16, 2017",1,4.0.3 and up
7780,Stats Royale for Clash Royale,BOOKS_AND_REFERENCE,4.5,68226,16.0,1000000,Free,0.0,Everyone,Books & Reference,"August 6, 2018",1.9.1,4.2 and up
7781,Counter Deck Calculator for CR,TOOLS,4.1,3446,19.0,500000,Free,0.0,Everyone,Tools,"February 4, 2017",1.3.0,4.1 and up
7782,CR Calculator,TOOLS,4.3,297,2.8,50000,Free,0.0,Everyone,Tools,"January 27, 2018",2.2,4.0 and up
7783,Servidor Privado de CR y CoC - Light Royale,FAMILY,4.6,3106,3.6,10000,Free,0.0,Everyone,Entertainment,"May 17, 2018",7,4.0.3 and up
7784,Helper for Clash Royale (All-in-1),FAMILY,4.3,6078,37.0,500000,Free,0.0,Everyone,Entertainment,"November 10, 2017",2.0.0,4.1 and up
7785,"CR Fans: Mazos, Clanes y Grupos",FAMILY,4.3,219,4.3,5000,Free,0.0,Everyone,Entertainment,"December 21, 2017",1.0.7,2.3 and up
7786,DCUO|CR Calculator Lite,TOOLS,4.0,182,1.7,10000,Free,0.0,Everyone,Tools,"August 14, 2017",3.3,3.0 and up
7787,CR -Call Recorder,TOOLS,,4,3.1,100,Free,0.0,Everyone,Tools,"September 19, 2017",2,4.1 and up
7788,CR Best Decks,FAMILY,3.5,34,30.0,1000,Free,0.0,Everyone,Strategy,"July 5, 2017",1.03,4.0.3 and up
7789,CR Family,FAMILY,2.3,10,5.2,1000,Free,0.0,Everyone,Education,"February 8, 2017",1.0.0,4.1 and up
7790,CR Monitor,AUTO_AND_VEHICLES,,1,2.8,5,Free,0.0,Everyone,Auto & Vehicles,"April 27, 2018",1,4.0 and up
7791,JavaScript Editor CR,TOOLS,3.9,114,18.0,5000,Free,0.0,Everyone,Tools,"March 16, 2018",1.0.209,4.0 and up
7793,CR-Red,PERSONALIZATION,4.5,561,41.0,10000,Free,0.0,Everyone,Personalization,"December 4, 2014",1.05,2.3.3 and up
7794,Deck Shop for Clash Royale,FAMILY,4.6,2167,13.0,100000,Free,0.0,Everyone,Entertainment,"August 6, 2018",1.1.5,4.4 and up
7795,Royale Tournaments,FAMILY,4.4,2420,6.7,50000,Free,0.0,Teen,Entertainment,"July 28, 2018",5.3.6.0,4.1 and up
7796,Deck Builder & Analyzer for CR,FAMILY,3.1,52,9.8,5000,Free,0.0,Everyone,Entertainment,"May 4, 2017",1,4.0.3 and up
7799,Cr Aviation Academy,FAMILY,5.0,7,22.0,100,Free,0.0,Everyone,Education,"August 9, 2017",1,4.1 and up
7800,The ClubHouse CR,HEALTH_AND_FITNESS,,5,8.7,100,Free,0.0,Everyone,Health & Fitness,"July 9, 2018",4.2.2,4.1 and up
7802,Java Editor CR,TOOLS,3.8,434,18.0,50000,Free,0.0,Everyone,Tools,"March 16, 2018",1.0.209,4.0 and up
7803,XML Editor CR,TOOLS,3.3,47,18.0,5000,Free,0.0,Everyone,Tools,"March 16, 2018",1.0.209,4.0 and up
7804,Evolution Marketing CR,HEALTH_AND_FITNESS,,14,1.3,1000,Free,0.0,Everyone,Health & Fitness,"March 30, 2018",3,4.0.3 and up
7805,CR Tracker for Chests,TOOLS,5.0,6,4.5,50,Free,0.0,Everyone,Tools,"June 5, 2018",1.0.2,4.1 and up
7806,CR Magazine,BUSINESS,1.0,1,7.8,100,Free,0.0,Everyone,Business,"July 23, 2014",2.4.2,2.3.3 and up
7807,Ultimate Chest Tracker,PRODUCTIVITY,4.5,40328,23.0,1000000,Free,0.0,Everyone,Productivity,"October 17, 2016",1.9,2.3 and up
7814,CS Customizer,COMMUNICATION,3.7,25,3.7,1000,Free,0.0,Everyone,Communication,"February 6, 2017",1.2.11,3.0 and up
7815,Combat Strike CS 🔫 Counter Terrorist Attack FPS💣,GAME,4.1,1019,39.0,100000,Free,0.0,Teen,Action,"July 23, 2018",1.0.7,4.1 and up
7816,CS-Touch,FAMILY,3.9,337,22.0,10000,Free,0.0,Everyone,Education,"May 11, 2018",3.6,5.0 and up
7817,Ultimate Quiz for CS:GO - Skins | Cases | Players,GAME,4.5,2526,22.0,100000,Free,0.0,Everyone,Trivia,"February 14, 2018",1.3.0,4.1 and up
7818,Аim Training for CS,GAME,3.6,2328,12.0,100000,Free,0.0,Everyone,Action,"October 25, 2014",1.8,2.3 and up
7819,Sniper Traning for CS GO,GAME,3.2,655,14.0,50000,Free,0.0,Teen,Action,"May 18, 2016",1.0.2,4.0 and up
7820,NetClient CS,BUSINESS,3.5,125,4.3,10000,Free,0.0,Everyone,Business,"January 5, 2018",1.2.2,3.0 and up
7823,CS Interview Questions (TechQ),FAMILY,4.8,33,6.7,5000,Free,0.0,Everyone,Education,"January 27, 2017",1.5,4.1 and up
7824,Your rank CS:GO,GAME,4.1,4946,7.5,100000,Free,0.0,Teen,Trivia,"July 16, 2017",1.82,4.0.3 and up
7826,CS Interview FAQs,FAMILY,4.3,99,1.1,10000,Free,0.0,Everyone,Education,"February 11, 2013",1.13,2.2 and up
7827,CS,BUSINESS,,5,8.3,100,Free,0.0,Everyone,Business,"August 13, 2015",Release 1.0,4.1 and up
7828,Mobile CS,BUSINESS,4.0,13,5.7,1000,Free,0.0,Everyone,Business,"October 6, 2017",1.2.0,4.4 and up
7829,Mobile CS:GO,GAME,3.1,1015,0.6,100000,Free,0.0,Everyone,Action,"November 11, 2015",1.3,2.3.3 and up
7830,Counter Terrorist Gun Strike CS: Special Forces,GAME,4.2,211,44.0,10000,Free,0.0,Teen,Action,"August 18, 2017",1.1,2.3 and up
7831,C.S. Lewis Daily Quotes,LIFESTYLE,4.1,75,11.0,10000,Free,0.0,Everyone,Lifestyle,"January 14, 2018",1.0.1,4.1 and up
7833,Shooter Sniper CS - FPS Games,GAME,3.5,14823,40.0,1000000,Free,0.0,Teen,Action,"February 15, 2017",4,2.3 and up
7834,CS16Client,GAME,4.3,8668,9.1,500000,Free,0.0,Teen,Action,"April 1, 2017",1.33,1.5 and up
7835,CS Browser | #1 & BEST BROWSER,COMMUNICATION,3.8,52,2.1,1000,Free,0.0,Everyone,Communication,"August 28, 2015",2,3.0 and up
7836,Counter Attack - Multiplayer FPS,GAME,4.3,112565,32.0,1000000,Free,0.0,Teen,Action,"July 21, 2018",1.1.97,4.4 and up
7837,DU CS Lectures - Learn to Code for Free,FAMILY,4.8,16,7.8,100,Free,0.0,Everyone,Education,"July 29, 2018",4,4.1 and up
7838,What's Your CS:GO rank?,GAME,2.3,278,2.4,10000,Free,0.0,Teen,Trivia,"February 11, 2017",1,2.3 and up
7839,CS Browser Beta,COMMUNICATION,4.3,125,53.0,5000,Free,0.0,Everyone,Communication,"October 16, 2017",60.0.3112.3046279,4.1 and up
7840,Helper for CS:GO,TOOLS,4.4,208,6.0,10000,Free,0.0,Everyone,Tools,"June 16, 2016",1.2.1,4.1 and up
7841,My Nexus for CS:S & CS:GO,FAMILY,3.6,783,25.0,50000,Free,0.0,Teen,Entertainment,"June 25, 2016",1.3.4,4.0 and up
7842,CS & IT Interview Questions,FAMILY,5.0,43,3.3,1000,Free,0.0,Everyone,Education,"March 27, 2018",1.1,4.2 and up
7843,GATE 21 years CS Papers(2011-2018 Solved),BOOKS_AND_REFERENCE,,1,34.0,50,Free,0.0,Everyone,Books & Reference,"July 24, 2018",3,4.1 and up
7844,Map Callouts for CS:GO,GAME,4.3,211,3.6,50000,Free,0.0,Everyone,Action,"January 26, 2018",2.1,4.0.3 and up
7845,GATE CS Engineering 2019 Exam Prep App,FAMILY,4.2,162,6.2,10000,Free,0.0,Everyone,Education,"February 15, 2018",Y4W-GATE_CS-5.0.0,4.1 and up
7847,CA CS Network,FAMILY,4.7,160,19.0,5000,Free,0.0,Everyone,Education,"July 25, 2018",1,4.4 and up
7848,Smokes for CS:GO,FAMILY,3.9,3253,3.6,100000,Free,0.0,Everyone,Entertainment,"April 10, 2015",1.3,2.2 and up
7849,Grenade Practice for CS:GO,FAMILY,4.4,431,17.0,10000,Free,0.0,Everyone,Entertainment,"June 13, 2016",1.1.1,4.0 and up
7850,Quiz CS:GO players,GAME,4.4,460,31.0,50000,Free,0.0,Everyone,Trivia,"June 23, 2018",4.2,4.0.3 and up
7851,Puzzle for CS:GO,GAME,4.3,247,18.0,10000,Free,0.0,Everyone,Word,"September 16, 2016",1.53,4.0.3 and up
7852,Bomb and Nade Timer for CS:GO,PRODUCTIVITY,2.6,85,6.0,5000,Free,0.0,Everyone,Productivity,"April 21, 2016",1.1.2,4.0 and up
7853,Smokes Guide for CS:GO,FAMILY,4.3,445,29.0,50000,Free,0.0,Everyone,Entertainment,"June 1, 2017",3,4.0 and up
7855,RadRevision: Anatomy on CT,MEDICAL,3.8,568,42.0,50000,Free,0.0,Everyone,Medical,"January 22, 2014",1.2,4.0 and up
7856,Radiology CT Anatomy,MEDICAL,4.2,345,14.0,50000,Free,0.0,Everyone,Medical,"January 20, 2018",1.6,4.0 and up
7857,CT Scan Viewer 3D,MEDICAL,4.2,6,29.0,1000,Free,0.0,Everyone,Medical,"June 20, 2018",1,2.3 and up
7858,Learn CT Scan Of Head,BOOKS_AND_REFERENCE,4.1,10,5.7,5000,Free,0.0,Everyone,Books & Reference,"July 22, 2018",1.5,4.1 and up
7859,CT Abdomen Pelvis,MEDICAL,4.0,36,36.0,10000,Free,0.0,Everyone,Medical,"January 20, 2018",2,4.0 and up
7860,CT Neck,MEDICAL,4.4,7,8.9,1000,Free,0.0,Everyone,Medical,"January 20, 2018",2,4.0 and up
7861,CT Scan Generations,FAMILY,4.7,6,5.1,1000,Free,0.0,Everyone,Education,"April 1, 2018",1,4.0 and up
7863,CT Prepares,NEWS_AND_MAGAZINES,2.6,13,4.3,1000,Free,0.0,Everyone,News & Magazines,"November 1, 2016",1.0.3,4.4 and up
7865,CT Brain Interpretation,FAMILY,5.0,3,29.0,500,Free,0.0,Everyone,Education,"July 4, 2018",5.0.16,4.0 and up
7866,CT-Guide & Positioning,FAMILY,3.7,6,7.8,1000,Free,0.0,Everyone,Education,"June 6, 2018",1.5,4.0 and up
7867,CT Sessions,MEDICAL,4.3,62,20.0,5000,Free,0.0,Everyone,Medical,"December 15, 2014",2.2,2.3 and up
7868,CT - DTC Lookup,TOOLS,4.1,41,1.0,10000,Free,0.0,Everyone,Tools,"July 26, 2013",3,3.0 and up
7869,POCKET ATLAS OF CT HEAD,MEDICAL,4.3,22,18.0,10000,Free,0.0,Everyone,Medical,"March 16, 2018",2,4.0.3 and up
7870,Interactive CT & MRI Anat.Lite,MEDICAL,3.8,534,14.0,100000,Free,0.0,Everyone,Medical,"July 30, 2012",1.2,2.2 and up
7871,CT POSITIONING,MEDICAL,4.5,18,9.3,5000,Free,0.0,Everyone,Medical,"March 10, 2018",2,4.0.3 and up
7872,CT Cervical Spine,MEDICAL,5.0,5,17.0,1000,Free,0.0,Everyone,Medical,"January 20, 2018",2,4.0 and up
7873,Trauma CT Head Rules,MEDICAL,,2,1.4,100,Free,0.0,Everyone,Medical,"April 23, 2017",1.1,4.0.3 and up
7874,CT Head Basic Interpretation,FAMILY,,1,16.0,100,Free,0.0,Everyone,Education,"June 11, 2018",1.0.1,4.0 and up
7875,CT MyChiroTown Mobile,MEDICAL,3.9,40,4.0,5000,Free,0.0,Everyone,Medical,"July 7, 2015",4.1.0,2.3.3 and up
7876,CT Lottery,FAMILY,3.8,271,8.3,50000,Free,0.0,Teen,Entertainment,"June 12, 2017",1.2.0,4.0 and up
7877,Permit Test Connecticut CT DMV,FAMILY,4.6,186,9.6,10000,Free,0.0,Everyone,Education,"October 12, 2017",2.9.0,4.1 and up
7878,POCKET BOOK CT ABDOMEN,MEDICAL,,0,11.0,100,Free,0.0,Everyone,Medical,"March 16, 2018",1,4.1 and up
7879,I AM C.T.,HEALTH_AND_FITNESS,4.6,28,20.0,1000,Free,0.0,Mature 17+,Health & Fitness,"April 27, 2017",1,4.0.3 and up
7880,Solar CT PV System Power,PRODUCTIVITY,4.7,315,14.0,10000,Free,0.0,Everyone,Productivity,"January 22, 2018",SolarCT 1.9 v,4.0 and up
7881,CARDIAC CT TECHNIQUE,MEDICAL,5.0,6,17.0,1000,Free,0.0,Everyone,Medical,"March 10, 2018",2,4.0.3 and up
7882,TUTORIAL CT SCAN CARDIAC,MEDICAL,,1,15.0,1000,Free,0.0,Everyone,Medical,"March 10, 2018",2,4.0.3 and up
7883,HEAD TRAUMA CT EVALUATION,MEDICAL,4.5,18,13.0,10000,Free,0.0,Everyone,Medical,"March 16, 2018",2,4.0.3 and up
7884,Simpli CT,TOOLS,,4,11.0,100,Free,0.0,Everyone,Tools,"November 30, 2017",1.0.2,4.3 and up
7886,Remote CT - Smart Remote,TOOLS,3.5,3988,11.0,1000000,Free,0.0,Everyone,Tools,"December 22, 2015",1.0.5,4.4 and up
7888,CT CONNECT,PRODUCTIVITY,,2,28.0,50,Free,0.0,Everyone,Productivity,"August 8, 2017",8.2.1,4.1 and up
7890,CT-Stream Player,FAMILY,3.9,84,11.0,10000,Free,0.0,Everyone,Entertainment,"November 21, 2016",3.4,3.0 and up
7891,CT Pulmonary Angiography,MEDICAL,,0,4.9,100,Free,0.0,Everyone,Medical,"March 24, 2018",1,4.0 and up
7892,Results for CT Lottery,FAMILY,4.5,86,8.6,5000,Free,0.0,Teen,Entertainment,"March 11, 2017",5.1,4.1 and up
7895,Dine In CT - Food Delivery,SHOPPING,5.0,4,1.6,1000,Free,0.0,Everyone,Shopping,"May 16, 2016",1.3,4.0 and up
7896,CT Checkout,FINANCE,5.0,1,8.4,50,Free,0.0,Everyone,Finance,"April 20, 2017",1.2,4.2 and up
7901,POCKET ATLAS CARDIAC MRI AND CT,MEDICAL,,0,4.8,50,Free,0.0,Everyone,Medical,"July 18, 2018",1,4.0 and up
7902,"CU: UPI Payments, Chat & Call",FINANCE,4.3,693,32.0,100000,Free,0.0,Teen,Finance,"May 3, 2018",1.0.95,4.2 and up
7903,CU of Colorado Mobile Banking,FINANCE,4.0,347,25.0,10000,Free,0.0,Everyone,Finance,"February 6, 2018",4.11.100,4.1 and up
7904,Tech CU Mobile Banking,FINANCE,4.5,853,27.0,10000,Free,0.0,Everyone,Finance,"July 12, 2018",4.13.72,4.1 and up
7905,My CU - Caucasus University,PRODUCTIVITY,4.6,48,7.3,1000,Free,0.0,Everyone,Productivity,"November 22, 2017",1.2.3,4.1 and up
7906,Service CU Mobile Banking,FINANCE,4.7,6208,14.0,100000,Free,0.0,Everyone,Finance,"June 12, 2018",5.9.1.0,5.0 and up
7907,Redwood CU v3.1.0,FINANCE,3.8,480,15.0,50000,Free,0.0,Everyone,Finance,"May 24, 2018",3.1.0,4.0 and up
7909,BayPort CU Mobile Banking,FINANCE,4.7,2374,16.0,10000,Free,0.0,Everyone,Finance,"July 31, 2018",5.10.1.0,5.0 and up
7910,CU SoCal Mobile Banking,FINANCE,4.0,253,25.0,10000,Free,0.0,Everyone,Finance,"May 2, 2018",4.6.68,4.0.3 and up
7911,Tropical Financial CU,FINANCE,4.6,1231,14.0,10000,Free,0.0,Everyone,Finance,"June 12, 2018",5.9.1.0,5.0 and up
7912,Travis CU,FINANCE,2.0,207,2.9,10000,Free,0.0,Everyone,Finance,"February 16, 2018",1.0.0.9,4.4 and up
7913,Commonwealth CU Go Mobile,FINANCE,4.3,231,18.0,10000,Free,0.0,Everyone,Finance,"September 15, 2017",4.4.47,4.0.3 and up
7914,Public Service CU Mobile,FINANCE,2.0,314,35.0,10000,Free,0.0,Everyone,Finance,"March 14, 2017",6.5.32-prod,4.2 and up
7915,Freedom CU,FINANCE,3.6,117,25.0,10000,Free,0.0,Everyone,Finance,"June 22, 2018",6.5.82-prod,4.2 and up
7916,Meritrust CU Mobile Banking,FINANCE,4.7,3661,14.0,50000,Free,0.0,Everyone,Finance,"June 12, 2018",5.9.1.0,5.0 and up
7917,Nusenda CU– Mobile Banking,FINANCE,3.5,805,6.5,50000,Free,0.0,Everyone,Finance,"July 17, 2018",5.4.5,5.0 and up
7918,Lake Michigan CU Mobile,FINANCE,4.0,732,5.5,50000,Free,0.0,Everyone,Finance,"April 2, 2018",3.0.21,4.0 and up
7919,Maps CU,FINANCE,3.5,256,28.0,10000,Free,0.0,Everyone,Finance,"November 2, 2017",200,4.0.3 and up
7920,Family Savings CU Mobile,FINANCE,4.3,323,17.0,10000,Free,0.0,Everyone,Finance,"September 8, 2017",4.4.47,4.0.3 and up
7921,FORUM Credit Union CU Online,FINANCE,4.1,196,7.3,10000,Free,0.0,Everyone,Finance,"June 30, 2018",5.0.0,4.4 and up
7922,Educators CU Mobile Banking,FINANCE,4.6,1992,24.0,50000,Free,0.0,Everyone,Finance,"June 20, 2018",3000.5.3532,5.0 and up
7923,Space Coast CU Mobile,FINANCE,3.8,922,2.1,100000,Free,0.0,Everyone,Finance,"July 13, 2017",2.1.0.1108,2.3 and up
7924,First Tech Federal CU,FINANCE,4.3,4290,24.0,50000,Free,0.0,Everyone,Finance,"July 19, 2018",3000.5.3548,5.0 and up
7925,Southland CU,FINANCE,3.8,109,2.8,10000,Free,0.0,Everyone,Finance,"July 20, 2017",1.1,2.3 and up
7926,Tech CU Card Manager,FINANCE,1.0,2,7.2,1000,Free,0.0,Everyone,Finance,"July 25, 2017",1.0.1,4.0 and up
7927,Numerica CU,FINANCE,3.8,472,8.6,50000,Free,0.0,Everyone,Finance,"February 21, 2018",5.0.0,4.0 and up
7928,Red River CU,FINANCE,3.3,343,2.3,10000,Free,0.0,Everyone,Finance,"June 21, 2017",2.79,2.2 and up
7929,Firefighters First CU,FINANCE,4.8,495,12.0,5000,Free,0.0,Everyone,Finance,"May 1, 2018",5.7.1.0,5.0 and up
7933,My Vodafone (GR),COMMUNICATION,3.8,12667,34.0,1000000,Free,0.0,Everyone,Communication,"August 1, 2018",4.5.5.1-2090AL-REL,4.3 and up
7941,CV Engineer - Free Resume Maker & CV Templates,BUSINESS,4.6,213,3.8,10000,Free,0.0,Everyone,Business,"April 11, 2018",3.5.3,5.0 and up
7942,CV Examples 2018,FAMILY,4.5,625,26.0,100000,Free,0.0,Everyone,Education,"July 30, 2018",4,4.0.3 and up
7943,Curriculum Vitae,BUSINESS,3.7,3757,5.0,1000000,Free,0.0,Everyone,Business,"March 29, 2016",2.8,2.3.3 and up
7944,Free resume builder CV maker templates PDF formats,BUSINESS,4.4,9555,4.7,1000000,Free,0.0,Everyone,Business,"July 19, 2018",7.7,4.1 and up
7945,Resume Builder - Free CV Maker & Premium Templates,BUSINESS,4.6,770,5.6,100000,Free,0.0,Everyone,Business,"August 3, 2018",1.9,4.4 and up
7946,Easy Cv maker 2018,BOOKS_AND_REFERENCE,3.9,88,5.3,10000,Free,0.0,Everyone,Books & Reference,"March 31, 2018",1.1,4.0 and up
7947,Resume PDF Maker / CV Builder,BUSINESS,4.4,2147,2.2,500000,Free,0.0,Everyone,Business,"December 14, 2017",1.8,4.4 and up
7948,Resume & CV Creator by Desygner,PRODUCTIVITY,4.5,48,26.0,5000,Free,0.0,Everyone,Productivity,"July 23, 2018",2.11.1,5.0 and up
7949,CV S ( CV Editor - Resume ),BUSINESS,4.5,3972,5.6,100000,Free,0.0,Teen,Business,"June 25, 2018",5.1.14,4.0 and up
7950,CV Formats 2018,FAMILY,4.3,374,26.0,100000,Free,0.0,Everyone,Education,"October 9, 2017",1,4.0.3 and up
7951,CV Maker Pro,BUSINESS,3.7,113,8.6,10000,Free,0.0,Everyone,Business,"June 9, 2018",3.4.3,4.1 and up
7952,Free CV Creator,TOOLS,3.9,37,21.0,10000,Free,0.0,Everyone,Tools,"July 18, 2018",1.3,4.4 and up
7953,"Job CV Maker-Portfolio Maker , Resume Maker",FAMILY,3.9,139,4.8,50000,Free,0.0,Everyone,Education,"July 16, 2018",2.1,4.0.3 and up
7954,Resume Builder and CV maker app,PRODUCTIVITY,4.3,2303,15.0,100000,Free,0.0,Everyone,Productivity,"August 2, 2018",8.9.2.pro,4.0.3 and up
7955,HOW TO WRITE A CV,BUSINESS,4.1,489,20.0,100000,Free,0.0,Everyone,Business,"June 27, 2018",14,4.0.3 and up
7956,CV EXAMPLES,BUSINESS,4.1,423,20.0,100000,Free,0.0,Everyone,Business,"June 7, 2018",11,4.0.3 and up
7957,Cv maker / Job cv maker,FAMILY,4.4,14,5.5,1000,Free,0.0,Everyone,Education,"March 27, 2018",1,4.0 and up
7958,"Resume Builder Free, CV Maker & Resume Templates",BUSINESS,4.4,20921,5.7,1000000,Free,0.0,Everyone,Business,"January 11, 2018",4.0.3,4.1 and up
7959,"Free Professional Resume Builder, CV, Cover Letter",BUSINESS,4.2,831,11.0,50000,Free,0.0,Everyone,Business,"June 13, 2018",1.3.2.9,4.0 and up
7960,Resume Free,PRODUCTIVITY,4.5,27820,4.7,1000000,Free,0.0,Everyone,Productivity,"July 29, 2018",2.1,2.3.3 and up
7961,How to Write CV,BOOKS_AND_REFERENCE,4.6,244,4.1,100000,Free,0.0,Everyone,Books & Reference,"April 22, 2016",1.0.0,4.0 and up
7963,Free Resume Builder – CV Maker,BUSINESS,4.4,25,12.0,5000,Free,0.0,Everyone,Business,"June 9, 2018",1.5,4.4 and up
7965,CV Builder,BUSINESS,3.8,203,5.9,10000,Free,0.0,Everyone,Business,"September 30, 2016",2.2.1.0,2.3 and up
7966,Curriculum Vitae - Resume CV,PRODUCTIVITY,2.6,80,2.2,10000,Free,0.0,Everyone,Productivity,"May 11, 2017",2.129.12,4.1 and up
7967,"Resume Maker:Free CV Maker,Templates Builder",BUSINESS,4.2,715,7.1,100000,Free,0.0,Everyone,Business,"August 1, 2018",1.8,4.0.3 and up
7968,Resume Builder / CV Maker & Templates,BUSINESS,4.4,25,7.9,5000,Free,0.0,Everyone,Business,"January 19, 2018",1.0.3,4.0.3 and up
7969,CV maker for Job Applications and Resume Maker,TOOLS,4.2,75,25.0,10000,Free,0.0,Everyone,Tools,"January 31, 2018",1.1,4.0 and up
7970,CV Templates 2018,FAMILY,4.0,13,26.0,5000,Free,0.0,Everyone,Education,"October 9, 2017",1.1,4.0.3 and up
7971,Job CV Maker & Portfolio Maker,FAMILY,4.2,593,4.9,100000,Free,0.0,Everyone,Education,"January 1, 2018",1.0.2,3.0 and up
7972,CV Maker for Job Applications:Photo Resume Builder,TOOLS,4.0,114,25.0,10000,Free,0.0,Everyone,Tools,"June 9, 2018",1.5,4.0 and up
7973,CV Creator,FAMILY,4.4,31,8.3,10000,Free,0.0,Everyone,Education,"January 8, 2018",1.2.1,4.2 and up
7974,Resume ( CV Editor ),BUSINESS,4.5,416,6.0,10000,Free,0.0,Everyone,Business,"June 30, 2018",1.2,4.0 and up
7975,CV Maker,PERSONALIZATION,3.2,114,3.0,10000,Free,0.0,Everyone,Personalization,"March 18, 2016",1.02,4.0.3 and up
7976,Resume Maker - Creator,BUSINESS,4.3,740,19.0,50000,Free,0.0,Everyone,Business,"August 4, 2018",1.1.2,4.0.3 and up
7977,CV Builder for Smart Resumes,BUSINESS,3.4,22,4.1,1000,Free,0.0,Everyone,Business,"May 23, 2017",1.9,4.0.3 and up
7979,CV-Library Job Search,BUSINESS,4.4,6997,4.6,100000,Free,0.0,Everyone,Business,"July 6, 2018",6.8.0,4.1 and up
7980,CV Samples 2018,BUSINESS,4.3,34,26.0,10000,Free,0.0,Everyone,Business,"October 10, 2017",1,4.0.3 and up
7981,CV (Curriculum Vitae / Resume) Maker,BUSINESS,,4,4.4,5000,Free,0.0,Everyone,Business,"December 27, 2017",1.1,4.0.3 and up
7982,"Easy Resume Builder, Resume help, Curriculum vitae",TOOLS,4.3,996,10.0,50000,Free,0.0,Everyone,Tools,"September 28, 2017",2.3,4.0.3 and up
7983,Resume / CV,BUSINESS,3.6,125,5.0,10000,Free,0.0,Everyone,Business,"December 28, 2015",2,2.3.3 and up
7984,VisualCV Resume Builder,BUSINESS,4.6,2555,16.0,100000,Free,0.0,Everyone,Business,"June 2, 2017",2.5.0,4.4 and up
7985,Resume Maker / CV creator & Templates,TOOLS,4.2,54,22.0,5000,Free,0.0,Everyone,Tools,"April 15, 2018",1.0.6,4.0.3 and up
7986,Resume Builder - Curriculum Vitae & Resume Maker,BUSINESS,4.0,12,8.1,5000,Free,0.0,Everyone,Business,"June 7, 2018",1.9,4.0.3 and up
7989,The CW TV app,FAMILY,3.2,24,4.8,5000,Free,0.0,Everyone,Entertainment,"July 28, 2018",1.1,3.2 and up
7990,CW TV,NEWS_AND_MAGAZINES,1.7,367,6.1,50000,Free,0.0,Everyone,News & Magazines,"March 2, 2018",1.7,4.0 and up
7991,The CW TN app 2018,FAMILY,2.2,54,4.3,10000,Free,0.0,Everyone,Entertainment,"April 30, 2018",1,3.2 and up
7992,Archie Comics,COMICS,3.8,5084,6.2,100000,Free,0.0,Everyone,Comics,"June 19, 2018",2.2.0,4.3 and up
7994,All Star Of CW,FAMILY,,0,2.4,10,Free,0.0,Everyone,Role Playing,"February 6, 2018",2.03,4.0.3 and up
7996,FANDOM: Arrow and The Flash,FAMILY,4.5,3935,9.5,100000,Free,0.0,Mature 17+,Entertainment,"June 7, 2018",2.9.8,4.4 and up
7998,IZ2UUF Morse Koch CW,COMMUNICATION,4.6,649,0.8,50000,Free,0.0,Everyone,Communication,"August 8, 2013",1.0.013,2.1 and up
8000,C W Browser,COMMUNICATION,4.4,14,17.0,100,Free,0.0,Everyone,Communication,"October 28, 2017",1,4.0 and up
8001,Canon CameraWindow,PHOTOGRAPHY,3.5,12204,6.8,1000000,Free,0.0,Everyone,Photography,"March 14, 2017",1.5.2.21,2.3.3 and up
8002,Saiyan Of CW,FAMILY,3.8,5,1.1,500,Free,0.0,Everyone,Role Playing,"July 31, 2018",2.0.10,4.0.3 and up
8005,CW Bluetooth SPP,COMMUNICATION,,3,1.0,100,Free,0.0,Everyone,Communication,"March 31, 2018",1.2,6.0 and up
8007,Free CW TN Videos 2018,FAMILY,,0,4.8,10,Free,0.0,Everyone,Entertainment,"July 28, 2018",1,3.2 and up
8008,The Church at CW,LIFESTYLE,4.5,2,7.8,100,Free,0.0,Teen,Lifestyle,"June 25, 2018",3.8.0,4.1 and up
8009,CW Mobile,FAMILY,,3,22.0,50,Free,0.0,Everyone,Education,"June 25, 2018",3.3.99,4.2 and up
8011,CW BLE Peripheral Simulator,COMMUNICATION,,2,1.5,500,Free,0.0,Everyone,Communication,"March 8, 2017",1,4.4 and up
8016,My CW,TOOLS,3.0,1,55.0,100,Free,0.0,Everyone,Tools,"October 27, 2016",2.35.1,4.1 and up
8022,Morse Code Reader,COMMUNICATION,3.9,1436,0.0,100000,Free,0.0,Everyone,Communication,"August 26, 2013",1,1.6 and up
8023,CW Nuclear,BOOKS_AND_REFERENCE,3.3,15,12.0,1000,Free,0.0,Everyone,Books & Reference,"November 17, 2017",1.2,4.0 and up
8025,CW Deposit,BUSINESS,3.0,4,0.5,1000,Free,0.0,Everyone,Business,"February 6, 2014",2.1.5,2.1 and up
8026,Hallmark Channel Everywhere,FAMILY,4.2,6784,13.0,500000,Free,0.0,Everyone,Entertainment,"August 30, 2017",2.3.0,4.4 and up
8027,Morse Player Free,FAMILY,4.2,268,4.2,50000,Free,0.0,Everyone,Education,"January 23, 2017",2.1.1,3.0 and up
8028,News 8 San Diego,NEWS_AND_MAGAZINES,4.2,1137,11.0,50000,Free,0.0,Everyone,News & Magazines,"July 23, 2018",5.5.0,4.3 and up
8030,Learn Morse Code - G0HYN Learn Morse,COMMUNICATION,4.0,27,0.6,5000,Free,0.0,Everyone,Communication,"May 8, 2018",5,2.2 and up
8031,SYFY,FAMILY,3.2,3069,18.0,500000,Free,0.0,Teen,Entertainment,"May 24, 2018",3.3.1.41,4.4 and up
8032,Morse Notifier Free,TOOLS,4.6,79,3.0,1000,Free,0.0,Everyone,Tools,"November 8, 2017",2.9.9,4.0.3 and up
8033,AMC,FAMILY,3.2,20843,14.0,1000000,Free,0.0,Teen,Entertainment,"August 2, 2018",3.3.85 (2),4.4 and up
8036,Oracle CX Cloud Mobile,BUSINESS,4.4,48,54.0,5000,Free,0.0,Everyone,Business,"July 7, 2018",11.13.18.05.07.03,4.4 and up
8037,CX-10WiFi,FAMILY,4.0,1419,12.0,100000,Free,0.0,Everyone,Casual,"October 25, 2017",2.5_16,4.0 and up
8038,CX-OF,FAMILY,4.2,18,37.0,1000,Free,0.0,Everyone,Entertainment,"January 31, 2018",7.2.1,4.3 and up
8039,cx-32wifi,FAMILY,4.1,62,6.5,10000,Free,0.0,Everyone,Entertainment,"November 14, 2015",1.4,2.2 and up
8040,CX-17WIFI,FAMILY,4.3,49,6.6,10000,Free,0.0,Everyone,Entertainment,"March 21, 2018",2.3,4.3 and up
8041,Cathay Pacific,TRAVEL_AND_LOCAL,3.3,4069,50.0,1000000,Free,0.0,Everyone,Travel & Local,"July 25, 2018",6.6.1,4.3 and up
8042,Cx File Explorer,TOOLS,4.7,175,4.3,10000,Free,0.0,Everyone,Tools,"July 28, 2018",1.0.7,5.0 and up
8043,cx-33wifi,FAMILY,4.4,63,7.6,10000,Free,0.0,Everyone,Entertainment,"November 14, 2015",1.4,2.2 and up
8044,CX-WiFi720P,FAMILY,3.1,47,5.5,10000,Free,0.0,Everyone,Entertainment,"November 14, 2015",2,2.2 and up
8046,ACTIVEON CX & CX GOLD,VIDEO_PLAYERS,3.3,439,35.0,50000,Free,0.0,Everyone,Video Players & Editors,"March 4, 2016",0.7.9,4.0 and up
8047,CX North America,BUSINESS,3.9,10,55.0,500,Free,0.0,Everyone,Business,"March 14, 2018",1.2,4.0 and up
8048,CX-10DS,FAMILY,3.4,12,11.0,1000,Free,0.0,Everyone,Casual,"September 15, 2017",1.5_6,4.0 and up
8049,CX-37,FAMILY,3.9,13,12.0,1000,Free,0.0,Everyone,Casual,"May 30, 2016",1.3_4,3.0 and up
8050,Avaya CX,BUSINESS,4.4,21,21.0,1000,Free,0.0,Everyone,Business,"July 25, 2018",v6.7.14,5.0 and up
8052,CX_WiFiUFO,SPORTS,3.7,818,5.3,100000,Free,0.0,Everyone,Sports,"June 8, 2016",4.4_23,4.0 and up
8053,CX watcher,FAMILY,4.5,4,30.0,500,Free,0.0,Everyone,Casual,"June 21, 2018",1.5_6,4.1 and up
8054,Theme For Techno Camon CX,PERSONALIZATION,4.7,42,10.0,5000,Free,0.0,Everyone,Personalization,"May 10, 2017",1.0.,4.0 and up
8055,CX-95WIFI,LIFESTYLE,,6,11.0,500,Free,0.0,Everyone,Lifestyle,"June 2, 2017",2.1,4.0 and up
8056,Theme for Tecno Camon CX / C8,LIFESTYLE,4.6,147,9.8,10000,Free,0.0,Everyone,Lifestyle,"May 2, 2017",1.0.1,4.0 and up
8058,Oración CX,LIFESTYLE,5.0,103,3.8,5000,Free,0.0,Everyone,Lifestyle,"September 12, 2017",5.1.10,4.1 and up
8059,CX-40,FAMILY,3.0,2,33.0,100,Free,0.0,Everyone,Entertainment,"December 14, 2017",3,4.0 and up
8060,Cx Wize,PRODUCTIVITY,,3,24.0,100,Free,0.0,Everyone,Productivity,"July 30, 2018",2.1.0,4.1 and up
8061,Ring,COMMUNICATION,3.9,517,35.0,10000,Free,0.0,Everyone,Communication,"August 6, 2018",20180805,4.4 and up
8062,Racing CX,GAME,,4,20.0,500,Free,0.0,Everyone,Racing,"June 6, 2017",1,2.2 and up
8063,cx advance call blocker,PERSONALIZATION,5.0,3,3.4,50,Free,0.0,Everyone,Personalization,"April 9, 2018",1,4.0 and up
8064,CX Ram Booster,TOOLS,3.9,12,2.5,500,Free,0.0,Everyone,Tools,"June 2, 2017",1,2.2 and up
8065,CX-42,FAMILY,,0,32.0,10,Free,0.0,Everyone,Casual,"January 2, 2018",1.2_3,4.2 and up
8066,CX Capture,BUSINESS,,1,5.8,100,Free,0.0,Everyone,Business,"January 23, 2018",v1.2.2,4.0.3 and up
8067,CONNECT: The Mobile CX Summit,PRODUCTIVITY,,0,18.0,50,Free,0.0,Teen,Productivity,"August 1, 2018",7.18.0.0,5.0 and up
8068,Hyundai CX Conference,COMMUNICATION,,0,20.0,50,Free,0.0,Everyone,Communication,"May 27, 2018",2.10.2,4.2 and up
8069,CX-41,LIFESTYLE,,1,32.0,100,Free,0.0,Everyone,Lifestyle,"December 14, 2017",3,4.1 and up
8070,CX Monthly Tech News,VIDEO_PLAYERS,,2,6.9,500,Free,0.0,Everyone,Video Players & Editors,"June 9, 2016",6.1.0,4.0 and up
8071,CXmodel-ufo,FAMILY,3.8,19,12.0,1000,Free,0.0,Everyone,Entertainment,"January 19, 2017",2.1,2.2 and up
8072,CX Summit,PRODUCTIVITY,,1,17.0,50,Free,0.0,Teen,Productivity,"September 20, 2017",7.12.0.1,4.2 and up
8073,Secret Codes For Android,TOOLS,3.6,6060,0.6,500000,Free,0.0,Everyone,Tools,"February 4, 2016",2,2.1 and up
8075,WiFi FPV,FAMILY,3.8,316,19.0,100000,Free,0.0,Everyone,Entertainment,"June 1, 2017",1.8,2.2 and up
8076,CX Elevated,BUSINESS,,0,55.0,50,Free,0.0,Everyone,Business,"February 1, 2018",1,4.1 and up
8078,FlexRelease CX,BUSINESS,,4,2.0,1000,Free,0.0,Everyone,Business,"July 25, 2016",1.5.0,2.3.3 and up
8079,Ambient CX,BUSINESS,,0,7.5,5,Free,0.0,Everyone,Business,"May 9, 2017",1,2.3.3 and up
8080,QuestionPro - CX,BUSINESS,,1,16.0,50,Free,0.0,Everyone,Business,"August 3, 2018",1.3,4.1 and up
8081,CX Network,BUSINESS,,0,10.0,0,Free,0.0,Everyone,Business,"August 6, 2018",1.3.1,4.1 and up
8084,Freecell CY,GAME,4.0,387,1.1,50000,Free,0.0,Everyone,Card,"April 16, 2011",1.3.3,1.6 and up
8086,Cy-Reader,FAMILY,4.8,17,15.0,100,Free,0.0,Everyone,Education,"August 3, 2018",1.7,4.2 and up
8087,Cy-Fair FCU Mobile Banking,FINANCE,4.7,439,13.0,5000,Free,0.0,Everyone,Finance,"January 30, 2018",5.7.1.0,5.0 and up
8089,Cy-Ranch,NEWS_AND_MAGAZINES,4.5,27,7.1,500,Free,0.0,Everyone,News & Magazines,"May 6, 2018",7.5.0,4.1 and up
8090,Recycling Cy,LIFESTYLE,4.0,47,4.5,1000,Free,0.0,Everyone,Lifestyle,"August 2, 2017",2,3.2 and up
8091,CY Konum,PERSONALIZATION,,1,1.3,100,Free,0.0,Everyone,Personalization,"June 27, 2018",3,5.1 and up
8092,CY.SEND Online Top Up,FINANCE,3.2,191,10.0,10000,Free,0.0,Everyone,Finance,"January 25, 2018",4.5.6,4.0 and up
8093,ABTO CY-ET1,TOOLS,,1,29.0,100,Free,0.0,Everyone,Tools,"February 6, 2017",2.0.0.0,4.0 and up
8094,CY:ME - real time gps tracker,MAPS_AND_NAVIGATION,,8,0.7,1000,Free,0.0,Everyone,Maps & Navigation,"September 28, 2013",1.08,2.2 and up
8095,Alpha Bank CY,FINANCE,4.7,39,20.0,1000,Free,0.0,Everyone,Finance,"March 20, 2018",1.11,4.3 and up
8096,Cy Messenger,COMMUNICATION,4.5,4,8.1,100,Free,0.0,Everyone,Communication,"August 30, 2014",1.3.0,2.3.3 and up
8097,Amadeus GR & CY,COMMUNICATION,,4,3.8,100,Free,0.0,Everyone,Communication,"February 1, 2018",2.07,4.1 and up
8098,Igitabo cy'Indirimbo,FAMILY,4.5,93,1.6,50000,Free,0.0,Everyone,Entertainment,"February 5, 2018",INDIRIMBO V.2014.002,1.6 and up
8099,Doctor Finder CY,MEDICAL,4.9,57,6.1,1000,Free,0.0,Everyone,Medical,"November 11, 2015",1.7,3.0 and up
8100,Eshopcy.com.cy,SHOPPING,4.2,182,4.9,5000,Free,0.0,Everyone,Shopping,"August 3, 2018",1.3,2.2 and up
8102,Cy-Fair VFD EMS Protocols,MEDICAL,5.0,2,20.0,100,Free,0.0,Everyone 10+,Medical,"September 21, 2017",1.8.3,4.1 and up
8103,EUROBANK CY,FINANCE,,30,15.0,100,Free,0.0,Everyone,Finance,"June 12, 2018",1.0.1,4.3 and up
8104,Cy-Fair Christian Church,LIFESTYLE,5.0,2,9.3,100,Free,0.0,Everyone,Lifestyle,"August 3, 2017",24.8.1,4.1 and up
8105,Mediabox CY,FAMILY,,0,12.0,10,Free,0.0,Everyone,Entertainment,"December 31, 2017",1,4.1 and up
8106,Capitalnews.com.cy,NEWS_AND_MAGAZINES,,0,3.9,10,Free,0.0,Everyone,News & Magazines,"March 23, 2017",0.0.2,4.1 and up
8108,CY Digital Net,SHOPPING,4.7,3,5.8,500,Free,0.0,Everyone,Shopping,"August 1, 2017",2.0.0,4.0 and up
8109,Cy-Fair Houston Chamber,BUSINESS,,0,5.0,5,Free,0.0,Everyone,Business,"June 6, 2018",4.1.239,4.1 and up
8110,StudentLife.com.cy,NEWS_AND_MAGAZINES,,17,4.4,100,Free,0.0,Everyone,News & Magazines,"March 14, 2017",1.0.11,4.1 and up
8112,VAT check CY,BUSINESS,,0,0.6,100,Free,0.0,Everyone,Business,"May 18, 2013",1.0.16,1.6 and up
8113,Cy's Elma Pharmacy,HEALTH_AND_FITNESS,,0,9.4,10,Free,0.0,Everyone 10+,Health & Fitness,"June 28, 2018",7.4.8,4.0.3 and up
8114,CY Spray nozzle,BOOKS_AND_REFERENCE,,0,3.3,10,Free,0.0,Everyone,Books & Reference,"August 3, 2017",1.01.00,4.0.3 and up
8116,Cymath - Math Problem Solver,FAMILY,4.5,10159,6.4,1000000,Free,0.0,Everyone,Education,"April 13, 2018",2.17,4.1 and up
8117,Rewards,FINANCE,3.8,57,4.0,5000,Free,0.0,Everyone,Finance,"December 15, 2017",4.1,2.3 and up
8118,Army of Heroes,FAMILY,4.5,85015,46.0,1000000,Free,0.0,Everyone 10+,Strategy,"August 1, 2018",1.03.06,4.0 and up
8119,BibleRead En Cy Zh Yue,BOOKS_AND_REFERENCE,,0,12.0,5,Free,0.0,Everyone,Books & Reference,"May 17, 2018",1,4.0 and up
8120,Math Solver,FAMILY,4.3,2250,30.0,100000,Free,0.0,Everyone,Education,"November 21, 2017",1.2,4.1 and up
8122,Cyprus Bus Companion,MAPS_AND_NAVIGATION,3.9,112,1.4,10000,Free,0.0,Everyone,Maps & Navigation,"December 26, 2013",1.3,2.2 and up
8123,Cyprus Police,SOCIAL,4.2,226,15.0,10000,Free,0.0,Everyone 10+,Social,"January 31, 2018",1.122.250.1421,2.2 and up
8124,foody Cyprus - online ordering,SHOPPING,4.5,214,1.8,10000,Free,0.0,Everyone,Shopping,"February 27, 2018",2.92,4.0.3 and up
8125,Death Dragon Knights RPG,FAMILY,4.1,11179,19.0,1000000,Free,0.0,Teen,Role Playing,"September 16, 2016",2.7,2.3 and up
8127,Bank Of Cyprus,FINANCE,4.1,1514,12.0,100000,Free,0.0,Everyone,Finance,"February 14, 2018",1.1,4.1 and up
8128,Map of Cyprus offline,TRAVEL_AND_LOCAL,4.6,470,21.0,10000,Free,0.0,Everyone,Travel & Local,"March 12, 2018",3.9,2.3 and up
8129,McDelivery Cyprus,FOOD_AND_DRINK,3.3,60,25.0,10000,Free,0.0,Everyone,Food & Drink,"May 14, 2018",3.1.46 (CY02),4.3 and up
8130,CZ-USA,LIFESTYLE,4.5,11,3.4,1000,Free,0.0,Everyone,Lifestyle,"March 1, 2016",1.0.2,4.0.3 and up
8131,CZ File Manager,TOOLS,2.2,876,8.7,1000000,Free,0.0,Everyone,Tools,"August 6, 2018",3.2.3,4.2 and up
8132,Security Camera CZ,HOUSE_AND_HOME,4.4,137,19.0,10000,Free,0.0,Everyone,House & Home,"July 17, 2018",1.1.10,4.1 and up
8133,Šmelina .cz inzeráty inzerce,SHOPPING,3.9,117,9.8,10000,Free,0.0,Everyone,Shopping,"May 13, 2018",1.3,4.0 and up
8134,Alzashop.com,SHOPPING,4.5,32014,18.0,500000,Free,0.0,Everyone,Shopping,"August 3, 2018",Varies with device,Varies with device
8135,KFC CZ,LIFESTYLE,2.8,1189,18.0,100000,Free,0.0,Everyone,Lifestyle,"June 27, 2018",5.1.0,4.0.3 and up
8136,Skylink Live TV CZ,FAMILY,3.3,2802,15.0,100000,Free,0.0,Teen,Entertainment,"July 11, 2018",5,4.3 and up
8142,Rande.cz,SOCIAL,3.2,398,2.2,50000,Free,0.0,Mature 17+,Social,"December 3, 2014",1.0.1,2.3.3 and up
8143,Breweries (CZ/SK),LIFESTYLE,4.4,1740,4.4,50000,Free,0.0,Teen,Lifestyle,"July 27, 2017",3.1.0,4.1 and up
8144,reality.cz,HOUSE_AND_HOME,4.1,1372,5.4,50000,Free,0.0,Everyone,House & Home,"February 15, 2018",2.9.0,4.1 and up
8146,CZ-Help,BOOKS_AND_REFERENCE,5.0,2,1.4,5,Free,0.0,Everyone,Books & Reference,"July 13, 2018",0.1,4.4 and up
8147,Hlášenírozhlasu.cz,COMMUNICATION,,0,17.0,10,Free,0.0,Everyone,Communication,"July 27, 2018",2.1.3,4.1 and up
8148,signály.cz,SOCIAL,,38,0.9,1000,Free,0.0,Everyone,Social,"May 9, 2013",1.1,2.2 and up
8152,HTC Sense Input - CZ,TOOLS,4.3,87,7.3,10000,Free,0.0,Everyone,Tools,"November 9, 2015",1.0.612933,5.0 and up
8153,WebCams,WEATHER,4.6,3963,23.0,100000,Free,0.0,Everyone,Weather,"July 17, 2018",5.2.11,4.2 and up
8154,Wallpapers CZ 75 85,PERSONALIZATION,,0,12.0,10,Free,0.0,Teen,Personalization,"April 12, 2018",1,4.1 and up
8155,SMS Sender - sluzba.cz,COMMUNICATION,,12,0.1,1000,Free,0.0,Everyone,Communication,"June 1, 2012",2.00.00,2.0 and up
8157,Wallpaper.cz,PHOTOGRAPHY,4.9,7,2.2,100,Free,0.0,Everyone,Photography,"July 11, 2015",1.2.0,3.0 and up
8159,CZ Kompas,TOOLS,5.0,2,3.5,10,Free,0.0,Everyone,Tools,"July 9, 2018",1.1,4.0 and up
8160,Modlitební knížka CZ,BOOKS_AND_REFERENCE,,4,18.0,500,Free,0.0,Everyone,Books & Reference,"February 4, 2018",4,4.0.3 and up
8162,MYTO CZ,MAPS_AND_NAVIGATION,2.9,30,4.8,5000,Free,0.0,Everyone,Maps & Navigation,"February 17, 2016",1.2,4.1 and up
8163,PLAYzone.cz,FAMILY,4.4,14,7.3,500,Free,0.0,Everyone,Entertainment,"November 7, 2017",2.1.3,4.1 and up
8165,RoutePlan.cz,PRODUCTIVITY,,6,5.3,100,Free,0.0,Everyone,Productivity,"June 6, 2018",2.5.4,4.0.3 and up
8166,TeeTime.cz,SPORTS,4.6,1641,6.2,10000,Free,0.0,Everyone,Sports,"August 2, 2018",1.18.34,4.0 and up
8167,What is my IP address,TOOLS,4.5,4228,0.7,500000,Free,0.0,Everyone,Tools,"July 2, 2018",2.95,4.0 and up
8168,Windguru Lite,WEATHER,4.0,9307,5.0,1000000,Free,0.0,Everyone,Weather,"January 9, 2018",2.0.8,4.4 and up
8169,Vira.cz Widget,LIFESTYLE,,86,0.6,1000,Free,0.0,Everyone,Lifestyle,"June 15, 2016",1,2.2 and up
8170,Da Fit,SPORTS,3.5,1151,8.3,10000,Free,0.0,Everyone,Sports,"July 23, 2018",v1.0.0-195-gb96d9f2,4.4 and up
8178,The Zueira's Voice,TOOLS,4.7,136540,3.1,1000000,Free,0.0,Everyone,Tools,"July 10, 2018",4.75,4.0.3 and up
8181,Thuglife Video Maker,FAMILY,3.5,38824,12.0,1000000,Free,0.0,Mature 17+,Entertainment,"January 21, 2018",2.4.1,5.0 and up
8183,Soccer FC,SPORTS,3.9,6289,33.0,1000000,Free,0.0,Everyone,Sports,"July 21, 2016",1.2,2.3 and up
8188,Quiz TRUE or FALSE,GAME,4.6,2464,34.0,50000,Free,0.0,Everyone,Trivia,"February 13, 2018",1.1,4.1 and up
8199,SQLite DB Reader,TOOLS,3.6,301,2.3,50000,Free,0.0,Everyone,Tools,"November 28, 2017",1.2.9,4.0 and up
8200,DB Browser,TOOLS,3.3,236,0.2,50000,Free,0.0,Everyone,Tools,"September 20, 2011",1.6,2.1 and up
8203,db.Mobil App,LIBRARIES_AND_DEMO,4.5,23,31.0,5000,Free,0.0,Everyone,Libraries & Demo,"July 11, 2018",3.4.5,3.0 and up
8204,DB Streckenagent,MAPS_AND_NAVIGATION,3.9,4569,7.5,500000,Free,0.0,Everyone,Maps & Navigation,"December 22, 2017",2.1.10 (49),4.0 and up
8205,dB: Sound Meter Pro,TOOLS,4.3,31,0.2,5000,Free,0.0,Everyone,Tools,"December 12, 2016",1,4.0.3 and up
8206,Movie DB,FAMILY,,10,2.6,1000,Free,0.0,Teen,Entertainment,"December 10, 2016",1.0.1,4.2 and up
8207,dB Sound Level Meter,TOOLS,3.9,203,2.3,10000,Free,0.0,Everyone,Tools,"March 3, 2017",1.08,3.0 and up
8208,DB Sound Meter: Measure Noise Level- Decibel Meter,TOOLS,4.3,824,2.8,10000,Free,0.0,Everyone,Tools,"December 13, 2017",1.0.1,4.1 and up
8209,DB Welt - Die Zeitung der DB,NEWS_AND_MAGAZINES,,145,16.0,10000,Free,0.0,Everyone,News & Magazines,"February 26, 2016",3.1.3,4.0 and up
8210,Check DB Benchmark,TOOLS,,0,2.2,100,Free,0.0,Everyone,Tools,"March 11, 2017",0.9.2,4.0.3 and up
8214,DB Tools,FAMILY,4.6,37,3.3,1000,Free,0.0,Everyone,Education,"June 17, 2014",1.9,2.2 and up
8215,dB Meter - measure sound & noise level in Decibel,TOOLS,4.6,154,6.6,10000,Free,0.0,Everyone,Tools,"July 26, 2018",1.1,4.4 and up
8216,DB LINK RGB,TOOLS,2.7,7,5.2,500,Free,0.0,Everyone,Tools,"June 19, 2017",1.0.2,4.4 and up
8217,DB BAHN,TRAVEL_AND_LOCAL,,4,8.0,500,Free,0.0,Everyone,Travel & Local,"December 19, 2017",1,4.0 and up
8218,DB Manager,PRODUCTIVITY,,3,0.1,1000,Free,0.0,Everyone,Productivity,"January 21, 2014",2.0.0,3.1 and up
8220,Guide for DB Xenoverse,BOOKS_AND_REFERENCE,4.2,459,11.0,10000,Free,0.0,Everyone,Books & Reference,"October 1, 2016",1.2,4.0 and up
8221,DB Transport,MAPS_AND_NAVIGATION,1.9,179,10.0,10000,Free,0.0,Everyone,Maps & Navigation,"March 13, 2018",3.05,4.1 and up
8222,DB Stay Connected,BUSINESS,4.6,17,9.4,1000,Free,0.0,Everyone,Business,"December 8, 2017",1.4,4.0 and up
8223,DB FahrtProfi,TRAVEL_AND_LOCAL,,1,10.0,1000,Free,0.0,Everyone,Travel & Local,"May 4, 2017",1.0.2,4.2 and up
8226,Guide for DB Xenoverse 2,BOOKS_AND_REFERENCE,4.4,121,8.7,10000,Free,0.0,Everyone,Books & Reference,"December 23, 2016",1.1.2,4.1 and up
8227,DB Customer Connect,BUSINESS,4.2,100,6.3,10000,Free,0.0,Everyone,Business,"July 21, 2018",2.0.0,4.1 and up
8228,Patron DB,TOOLS,3.9,64,4.1,5000,Free,0.0,Everyone,Tools,"June 1, 2017",1.24,4.4 and up
8229,DB Event App,SOCIAL,2.4,37,37.0,5000,Free,0.0,Teen,Social,"June 25, 2017",1,4.1 and up
8230,DB HOME,LIFESTYLE,5.0,5,3.2,100,Free,0.0,Everyone,Lifestyle,"August 31, 2017",1.0.1,4.0 and up
8231,Bowers & Wilkins DB Subwoofers,TOOLS,3.9,21,11.0,10000,Free,0.0,Everyone,Tools,"January 19, 2018",1.2.0.27,5.0 and up
8232,Guide for IMS DB,BOOKS_AND_REFERENCE,,0,2.6,10,Free,0.0,Everyone,Books & Reference,"June 11, 2018",1.0.0,4.1 and up
8233,DB Busradar NRW,MAPS_AND_NAVIGATION,3.7,78,3.0,10000,Free,0.0,Everyone,Maps & Navigation,"April 12, 2017",1.0.2,2.2 and up
8234,DB Pickles,BUSINESS,5.0,5,14.0,100,Free,0.0,Everyone,Business,"March 20, 2018",2.0.2,4.1 and up
8235,DB for Fallout Shelter,FAMILY,4.0,3323,47.0,100000,Free,0.0,Everyone,Simulation,"March 29, 2018",1.9,4.0 and up
8237,dB Sound Meter,TOOLS,4.1,29,2.3,5000,Free,0.0,Everyone,Tools,"April 25, 2016",1.2,4.0.3 and up
8238,DB for Hustle Castle,FAMILY,4.8,21,49.0,1000,Free,0.0,Everyone,Role Playing,"July 4, 2018",1.1,4.1 and up
8239,DB Ultra Saiyan Battle,GAME,4.5,33,44.0,1000,Free,0.0,Everyone 10+,Action,"July 25, 2018",1.3.7,2.3 and up
8240,Preferences Manager and SQLite DB Viewer,TOOLS,3.5,13,3.0,1000,Free,0.0,Everyone,Tools,"July 18, 2017",1.01,4.0 and up
8241,LC-DB-LITE,PHOTOGRAPHY,,0,2.3,100,Free,0.0,Everyone,Photography,"October 20, 2017",1,4.2 and up
8243,Hamburg Transit - Offline HVV DB times and plans,MAPS_AND_NAVIGATION,,9,10.0,1000,Free,0.0,Everyone,Maps & Navigation,"May 21, 2018",2.3,4.1 and up
8244,SW-DB,TOOLS,4.5,954,7.6,10000,Free,0.0,Teen,Tools,"July 11, 2016",0.4.1,4.1 and up
8249,FANDOM for: DC,FAMILY,4.4,6715,9.5,500000,Free,0.0,Mature 17+,Entertainment,"July 20, 2018",2.9.8.1,4.4 and up
8252,Ultimate DC Challenge,GAME,4.5,937,35.0,10000,Free,0.0,Everyone,Trivia,"October 19, 2017",2.14.5e,4.0.3 and up
8254,Justice League Action Run,GAME,4.3,22333,9.7,1000000,Free,0.0,Everyone 10+,Action,"August 7, 2018",2.01,4.3 and up
8258,Quiz DC,GAME,1.4,33,3.1,1000,Free,0.0,Everyone,Trivia,"December 25, 2017",1.1,4.1 and up
8260,"Superheroes, Marvel, DC, Comics, TV, Movies News",COMICS,5.0,34,12.0,5000,Free,0.0,Everyone,Comics,"July 31, 2018",1.0.5,5.0 and up
8262,Choose SuperHero Quize Marvel | DC,FAMILY,,3,4.1,100,Free,0.0,Everyone,Entertainment,"July 29, 2018",2,5.0 and up
8264,DC Universe Quiz,GAME,4.3,11,23.0,500,Free,0.0,Everyone,Trivia,"May 22, 2018",3.2.7z,4.0.3 and up
8265,DC HSEMA,BOOKS_AND_REFERENCE,3.8,38,7.2,5000,Free,0.0,Everyone,Books & Reference,"June 18, 2018",4,4.4 and up
8266,DC Universe Online Map,TOOLS,4.1,1186,6.4,50000,Free,0.0,Unrated,Tools,"February 27, 2012",1.3,2.3.3 and up
8267,DC Public Library,BOOKS_AND_REFERENCE,4.2,20,3.4,1000,Free,0.0,Everyone,Books & Reference,"June 8, 2015",4.6.1,1.6 and up
8269,Vote 4 DC,TOOLS,4.1,46,6.1,1000,Free,0.0,Everyone,Tools,"September 21, 2016",4.0.6,4.0.3 and up
8270,Villains vs Superheroes,FAMILY,4.3,128,22.0,10000,Free,0.0,Everyone,Puzzle,"September 12, 2017",3.3.3z,4.0.3 and up
8271,DC Rider,MAPS_AND_NAVIGATION,3.6,258,6.9,50000,Free,0.0,Everyone,Maps & Navigation,"December 24, 2017",2.1,4.0 and up
8274,DC Metro Transit - Free,TRAVEL_AND_LOCAL,4.4,6895,10.0,500000,Free,0.0,Everyone,Travel & Local,"May 15, 2018",5.11.3.1,4.1 and up
8275,DC N COMPANY ENTERTAINMENT RADIO!,FAMILY,5.0,22,2.2,100,Free,0.0,Mature 17+,Entertainment,"November 2, 2017",1.4,4.4 and up
8276,Results for DC Lottery,FAMILY,4.4,160,8.5,5000,Free,0.0,Everyone,Entertainment,"March 11, 2017",5.1,4.1 and up
8277,FOX 5 DC,NEWS_AND_MAGAZINES,4.5,1440,12.0,100000,Free,0.0,Everyone,News & Magazines,"March 29, 2018",1.3.35.0,4.0 and up
8278,Pepsi Cards DC,COMICS,,1,21.0,50,Free,0.0,Everyone 10+,Comics,"June 26, 2018",0.0.4,4.4 and up
8279,Driver Permit Test Prep DC DMV Driver's License Ed,FAMILY,4.7,78,11.0,5000,Free,0.0,Everyone,Education,"October 12, 2017",2.9.0,4.1 and up
8280,Robin - DC Movie Collection,FAMILY,,1,2.3,500,Free,0.0,Everyone,Entertainment,"November 19, 2017",1.0.1,4.0 and up
8281,DC-014,PHOTOGRAPHY,5.0,3,16.0,500,Free,0.0,Everyone,Photography,"June 14, 2018",1.0.3,4.1 and up
8283,Painting Lulu DC Super Friends,BOOKS_AND_REFERENCE,,7,17.0,1000,Free,0.0,Everyone,Books & Reference,"February 9, 2017",1.2,4.0.3 and up
8284,DC Metro,MAPS_AND_NAVIGATION,3.4,59,1.3,10000,Free,0.0,Everyone,Maps & Navigation,"January 26, 2015",1,1.5 and up
8285,DC Trails-Hop On Hop Off Tours,TRAVEL_AND_LOCAL,3.1,16,18.0,5000,Free,0.0,Everyone,Travel & Local,"August 1, 2018",1.4.9,4.0.3 and up
8288,McClatchy DC Bureau,NEWS_AND_MAGAZINES,4.3,80,8.7,5000,Free,0.0,Everyone 10+,News & Magazines,"June 18, 2018",6.0.1,4.4W and up
8302,Word Search multilingual,GAME,4.2,32849,1.5,1000000,Free,0.0,Everyone,Word,"September 30, 2015",2.2.13,2.3 and up
8306,Love Fonts for FlipFont,PERSONALIZATION,3.9,28694,2.9,1000000,Free,0.0,Everyone,Personalization,"January 14, 2018",1.4.6,4.0.3 and up
8317,Myth Defense 2: DF,FAMILY,4.2,17108,8.3,100000,Free,0.0,Everyone,Strategy,"June 23, 2016",1.3.9,2.3.3 and up
8318,df,TOOLS,,4,0.0,1000,Free,0.0,Everyone,Tools,"August 12, 2016",1,1.5 and up
8319,DF Squid,GAME,,1,14.0,100,Free,0.0,Everyone,Board,"December 12, 2013",1,2.3 and up
8322,DF 司機,MAPS_AND_NAVIGATION,,9,9.9,500,Free,0.0,Everyone,Maps & Navigation,"August 6, 2018",13.0.0,5.0 and up
8323,DF@realtime,BUSINESS,4.3,24,8.0,1000,Free,0.0,Everyone,Business,"October 26, 2017",6.0.8.2.GM,3.2 and up
8324,DF Night Selfies,PHOTOGRAPHY,4.3,194,1.5,10000,Free,0.0,Everyone,Photography,"February 15, 2018",1.6.0,4.0 and up
8325,DF Coaching,SPORTS,4.0,1,3.6,100,Free,0.0,Everyone,Sports,"May 24, 2018",1.0.1,4.1 and up
8326,Digital Falak,TOOLS,4.7,3408,15.0,50000,Free,0.0,Everyone,Tools,"May 30, 2018",2.1.1,4.1 and up
8327,The Divine Feminine App: the DF App,LIFESTYLE,5.0,8,6.7,1000,Free,0.0,Everyone,Lifestyle,"May 16, 2016",0.0.4,4.1 and up
8329,DF BugMeNot,SOCIAL,,7,1.4,500,Free,0.0,Teen,Social,"October 29, 2015",1,5.0 and up
8330,DF-CAM,TOOLS,,2,20.0,100,Free,0.0,Everyone,Tools,"May 16, 2018",2.0.1,4.3 and up
8331,DF Tracker,BUSINESS,,2,6.0,100,Free,0.0,Everyone,Business,"September 27, 2017",1,4.0.3 and up
8332,Guia Bike DF,SPORTS,,29,14.0,100,Free,0.0,Everyone,Sports,"February 18, 2018",22,5.0 and up
8333,Rádio DF FM,FAMILY,,24,1.5,1000,Free,0.0,Everyone,Entertainment,"August 3, 2017",3,2.3 and up
8334,Noticias DF,SOCIAL,,2,2.3,1000,Free,0.0,Everyone,Social,"May 25, 2015",1,2.3 and up
8335,DF Glue Board,PARENTING,5.0,1,27.0,10,Free,0.0,Everyone,Parenting,"January 19, 2018",Glueboardv.6,4.2 and up
8337,DF-View,BUSINESS,,0,15.0,100,Free,0.0,Everyone,Business,"January 4, 2016",1.0.9,4.0 and up
8338,"MexiRoomies - roomies, mexico, df, apt, house room",LIFESTYLE,,2,32.0,500,Free,0.0,Everyone,Lifestyle,"July 4, 2018",1.9,4.0.3 and up
8339,DF Wall Plus – Droid Firewall,TOOLS,,9,6.3,500,Free,0.0,Everyone,Tools,"August 20, 2017",1,4.0.3 and up
8340,Diario Financiero,FINANCE,,30,24.0,10000,Free,0.0,Everyone,Finance,"June 18, 2018",v1.1.6(201806181),4.1 and up
8341,Digital FM Brasília DF,FAMILY,,5,1.4,100,Free,0.0,Everyone,Entertainment,"September 22, 2017",1,2.3 and up
8342,DF SmartPlus,TOOLS,,0,36.0,10,Free,0.0,Everyone,Tools,"February 23, 2018",1.0.1,4.1 and up
8343,Red Transporte DF,MAPS_AND_NAVIGATION,4.3,11100,15.0,500000,Free,0.0,Everyone,Maps & Navigation,"April 28, 2018",2.10.0 Summer,4.0.3 and up
8344,ElejaOnline DF,BUSINESS,,0,3.0,50,Free,0.0,Everyone,Business,"June 18, 2018",1.0.0,4.1 and up
8345,ProconLegis-DF,TOOLS,,2,14.0,5,Free,0.0,Everyone,Tools,"July 31, 2018",1,4.4 and up
8349,Consultar Infracciones de Transito DF y Mexico,TOOLS,,0,2.9,10,Free,0.0,Everyone,Tools,"July 23, 2018",2.5,4.0 and up
8351,México City D.F News,NEWS_AND_MAGAZINES,,2,5.7,100,Free,0.0,Everyone,News & Magazines,"May 9, 2016",1.1,4.0.3 and up
8352,PDF Reader – PDF Editor 2018,TOOLS,4.1,1648,36.0,500000,Free,0.0,Everyone,Tools,"July 31, 2018",9.5.8,4.1 and up
8353,Fix Error Google Playstore,BOOKS_AND_REFERENCE,4.3,18,5.7,1000,Free,0.0,Everyone,Books & Reference,"July 22, 2017",1,4.0 and up
8354,df-Vegetable,BUSINESS,,0,2.9,5,Free,0.0,Everyone,Business,"June 11, 2018",1.1,4.0.3 and up
8355,Aproveita DF,LIFESTYLE,,0,3.3,1,Free,0.0,Everyone,Lifestyle,"August 2, 2018",1,4.0 and up
8356,EVENTOS DF,EVENTS,,0,4.5,10,Free,0.0,Everyone,Events,"December 1, 2017",1.0.1,4.1 and up
8358,Rádio Sol Nascente DF,COMMUNICATION,,12,1.6,500,Free,0.0,Everyone,Communication,"July 28, 2016",3.1,2.3 and up
8361,DG Coupon,SHOPPING,3.7,668,1.1,100000,Free,0.0,Everyone,Shopping,"July 16, 2018",20,4.0 and up
8363,DG - Digital Coupons - Free Coupon and Discount,SHOPPING,3.6,38,1.1,10000,Free,0.0,Everyone,Shopping,"July 1, 2018",20,4.0 and up
8365,DG Smart life,TOOLS,2.1,14,28.0,1000,Free,0.0,Everyone,Tools,"September 7, 2017",1.0.5,4.1 and up
8366,Krazy Coupon Lady,SHOPPING,4.7,10318,32.0,1000000,Free,0.0,Everyone,Shopping,"June 19, 2018",2.1.8,4.4 and up
8367,DG UPnP Player Free,VIDEO_PLAYERS,3.2,39,12.0,10000,Free,0.0,Everyone,Video Players & Editors,"March 18, 2016",2,4.0.3 and up
8369,DG Mobile,GAME,4.3,59,1.4,1000,Free,0.0,Everyone,Board,"April 8, 2017",0.1.10.0,2.3 and up
8370,Go Go Coupons - Free Coupon and Discount,SHOPPING,3.0,4,1.2,1000,Free,0.0,Everyone,Shopping,"July 1, 2018",10,4.0 and up
8373,DG Screen Recorder,VIDEO_PLAYERS,3.3,12,2.9,500,Free,0.0,Everyone,Video Players & Editors,"October 20, 2015",1.7,5.0 and up
8375,DG Video Editor,VIDEO_PLAYERS,4.0,486,2.5,10000,Free,0.0,Everyone,Video Players & Editors,"September 6, 2016",1.0.3,4.4 and up
8377,Roland DG Mobile Panel,TOOLS,2.8,27,34.0,1000,Free,0.0,Everyone,Tools,"February 20, 2018",1.42,4.4 and up
8378,Destroy Gunners Σ,GAME,4.4,10786,21.0,1000000,Free,0.0,Everyone,Arcade,"January 14, 2017",1.02,4.0.3 and up
8379,DG-App,TOOLS,5.0,1,4.5,500,Free,0.0,Everyone,Tools,"November 29, 2017",1.0.16,4.1 and up
8380,Can I pack that? - DG App,TRAVEL_AND_LOCAL,3.9,58,22.0,10000,Free,0.0,Everyone,Travel & Local,"October 28, 2016",2.0.1,4.0.3 and up
8381,DG Phone Call Task Switcher,PRODUCTIVITY,4.2,43,0.0,1000,Free,0.0,Everyone,Productivity,"June 9, 2015",2.04,4.0 and up
8382,DG Fitness,HEALTH_AND_FITNESS,4.8,6,14.0,100,Free,0.0,Everyone,Health & Fitness,"March 23, 2018",7.7.3,4.1 and up
8383,Sharaf DG,SHOPPING,4.0,7006,12.0,500000,Free,0.0,Everyone,Shopping,"May 12, 2018",3.1,4.4 and up
8385,Coupon Mob - Discount Coupons,SHOPPING,3.0,2,1.3,100,Free,0.0,Everyone,Shopping,"May 30, 2018",6,3.0 and up
8386,DG Users,PRODUCTIVITY,4.5,8,3.1,100,Free,0.0,Everyone,Productivity,"June 7, 2018",1.2,4.0.3 and up
8387,DG Cars,TRAVEL_AND_LOCAL,2.6,122,11.0,10000,Free,0.0,Everyone,Travel & Local,"June 8, 2018",31.11.9.156,4.1 and up
8388,Free coupons and vouchers,FINANCE,5.0,4,5.9,100,Free,0.0,Everyone,Finance,"July 28, 2018",1.5,4.4 and up
8389,DG Hair,LIFESTYLE,,0,3.0,10,Free,0.0,Everyone,Lifestyle,"August 30, 2017",1.0.0,4.0 and up
8390,DG Xplained,HEALTH_AND_FITNESS,,1,12.0,100,Free,0.0,Everyone,Health & Fitness,"May 2, 2018",1.0.3,4.1 and up
8391,DG OFF - 100% Free Coupons & Deals,SHOPPING,5.0,1,1.1,10,Free,0.0,Everyone,Shopping,"July 11, 2018",1,4.0 and up
8392,Digoo·Cloud,TOOLS,4.1,543,26.0,10000,Free,0.0,Everyone,Tools,"June 5, 2018",1.2.1009.695,4.0.3 and up
8393,DG Monitor,BUSINESS,,1,4.5,100,Free,0.0,Everyone,Business,"October 12, 2017",1.0.0.17,4.0 and up
8394,DG ग्राम / Digital Gram Panchayat,NEWS_AND_MAGAZINES,4.5,53,5.9,10000,Free,0.0,Teen,News & Magazines,"June 19, 2018",1.7,4.0 and up
8395,DG TV,NEWS_AND_MAGAZINES,5.0,3,5.7,100,Free,0.0,Everyone,News & Magazines,"May 26, 2018",1.2,4.1 and up
8401,DH Pineapple Poker OFC,GAME,4.2,1878,20.0,100000,Free,0.0,Teen,Casino,"November 9, 2017",1.0.13,3.0 and up
8402,DH UFO,FAMILY,3.0,4,8.0,1000,Free,0.0,Everyone,Entertainment,"June 8, 2017",1,4.1 and up
8405,Castle Defense 2,FAMILY,4.2,35172,34.0,1000000,Free,0.0,Teen,Strategy,"January 20, 2017",3.2.2,2.3.3 and up
8408,Treasure Defense,FAMILY,4.1,3527,35.0,100000,Free,0.0,Teen,Strategy,"September 8, 2015",2.2.0.23,3.0 and up
8410,The Lost Lands:DH Lite,FAMILY,4.3,1130,48.0,50000,Free,0.0,Teen,Simulation,"April 3, 2015",1.01,4.2 and up
8413,Daddyhunt: Gay Dating,SOCIAL,3.9,6450,14.0,500000,Free,0.0,Mature 17+,Social,"January 22, 2018",1.3.5,4.0 and up
8414,DH Karaoke,FAMILY,,8,10.0,1000,Free,0.0,Everyone,Entertainment,"October 23, 2017",3.3.6,4.1 and up
8415,Tiny Defense,FAMILY,4.1,29387,16.0,1000000,Free,0.0,Everyone,Strategy,"August 22, 2015",1.0.6,3.0 and up
8416,Toys Defense: Horror Land,FAMILY,3.8,168,24.0,10000,Free,0.0,Everyone,Strategy,"March 1, 2017",1.2.2,4.0.3 and up
8417,D-H Pharmacy,LIFESTYLE,5.0,6,2.3,1000,Free,0.0,Everyone,Lifestyle,"May 4, 2016",v6.1,2.2 and up
8419,Kingdom in Chaos,FAMILY,4.3,5623,28.0,100000,Free,0.0,Everyone 10+,Role Playing,"December 21, 2015",1.0.5,2.3 and up
8420,Desperate Housewives: The Game,FAMILY,4.2,10440,27.0,500000,Free,0.0,Teen,Role Playing,"August 6, 2018",18.30.22,4.4 and up
8422,DH News,NEWS_AND_MAGAZINES,2.5,81,6.7,10000,Free,0.0,Mature 17+,News & Magazines,"November 27, 2017",3.4.5,4.0.3 and up
8425,DH Mariage,LIFESTYLE,,0,4.9,50,Free,0.0,Everyone,Lifestyle,"September 12, 2017",1,4.3 and up
8427,Castle Defense : Invasion,FAMILY,4.2,1484,41.0,100000,Free,0.0,Everyone,Strategy,"July 15, 2018",1.2.1,4.0.3 and up
8430,DrivingTest,FAMILY,2.9,975,45.0,100000,Free,0.0,Everyone,Simulation,"February 27, 2017",5,4.1 and up
8431,D. H. Lawrence Poems FREE,BOOKS_AND_REFERENCE,,13,0.9,1000,Free,0.0,Everyone,Books & Reference,"November 22, 2013",1.11,2.3.3 and up
8434,Wallpapers DH 4K,PERSONALIZATION,3.8,23,5.9,1000,Free,0.0,Everyone,Personalization,"July 16, 2018",2,4.0.3 and up
8435,DH-Security Camera,BUSINESS,,3,36.0,100,Free,0.0,Everyone,Business,"August 1, 2017",DH-Security Camera,5.0 and up
8438,Pocket Heroes,FAMILY,4.5,96658,26.0,1000000,Free,0.0,Everyone 10+,Role Playing,"September 5, 2015",2.0.5,3.0 and up
8444,Stop Smoking - EasyQuit free,HEALTH_AND_FITNESS,4.8,39068,4.0,500000,Free,0.0,Everyone,Health & Fitness,"July 7, 2018",1.2.2,4.1 and up
8447,Archery Physics Objects Destruction Apple shooter,GAME,4.5,6026,39.0,100000,Free,0.0,Teen,Action,"July 7, 2018",1.04,4.1 and up
8464,DJ Mix Effects Simulator,FAMILY,4.1,5997,20.0,1000000,Free,0.0,Everyone,Simulation,"January 26, 2018",1.1,4.1 and up
8465,3D DJ – Music Mixer with Virtual DJ,FAMILY,4.3,796,28.0,100000,Free,0.0,Everyone,Entertainment,"July 3, 2018",6.6.8,5.0 and up
8466,Virtual DJ Mixer,TOOLS,4.2,2013,16.0,100000,Free,0.0,Everyone,Tools,"May 18, 2017",1,4.1 and up
8467,Mix Virtual DJ 2018,TOOLS,4.2,2925,16.0,100000,Free,0.0,Everyone,Tools,"November 23, 2017",1,4.1 and up
8468,Resources For Virtual DJ,FAMILY,3.6,21095,7.9,1000000,Free,0.0,Everyone,Entertainment,"December 16, 2016",4,4.0.3 and up
8470,DK Readers,FAMILY,3.9,30,16.0,1000,Free,0.0,Everyone,Education,"July 2, 2014",1.1,2.3 and up
8471,Eyewitness Travel Phrase Book,FAMILY,3.8,10,25.0,1000,Free,0.0,Everyone,Education,"July 28, 2017",1,4.1 and up
8472,DK Quiz,GAME,4.4,1628,34.0,50000,Free,0.0,Everyone,Trivia,"April 10, 2014",1.3,2.3 and up
8473,DK Virtual Reality,FAMILY,3.7,42,29.0,1000,Free,0.0,Everyone,Books & Reference;Education,"March 13, 2018",1.7.1,5.0 and up
8475,Super DK vs Kong Brother Advanced Free Classic,GAME,3.8,66,38.0,10000,Free,0.0,Everyone,Arcade,"July 17, 2018",1.2,4.1 and up
8476,English for Everyone,FAMILY,3.2,429,18.0,10000,Free,0.0,Everyone,Education,"July 6, 2018",3.9.1,4.4 and up
8477,DK Live - Sports Play by Play,SPORTS,3.9,255,19.0,100000,Free,0.0,Everyone,Sports,"May 22, 2018",2.1.4,4.4 and up
8479,DK Pittsburgh Sports,SPORTS,4.1,556,3.3,10000,Free,0.0,Everyone,Sports,"July 26, 2018",3.0.5,4.2 and up
8480,LineStar For DK,SPORTS,4.3,1387,14.0,50000,Free,0.0,Everyone,Sports,"June 6, 2018",3.0.3,4.0.3 and up
8483,10 Minutes a Day Times Tables,FAMILY,4.1,681,48.0,100000,Free,0.0,Everyone,Education,"July 3, 2014",1.2,2.2 and up
8484,dk Verk,BUSINESS,4.4,9,31.0,500,Free,0.0,Everyone,Business,"March 14, 2018",2.0.14,4.1 and up
8485,e-Boks.dk,PRODUCTIVITY,3.2,6752,3.3,1000000,Free,0.0,Everyone,Productivity,"March 21, 2018",3.5.2,4.0.3 and up
8486,Account Class-11 Solutions (D K Goel),FAMILY,4.5,663,25.0,50000,Free,0.0,Everyone,Education,"February 9, 2018",3.0.0,3.0 and up
8487,Dating.dk,SOCIAL,3.7,2111,11.0,100000,Free,0.0,Mature 17+,Social,"August 6, 2018",4.1.23,4.4 and up
8488,S-Home DK,LIFESTYLE,,4,17.0,1000,Free,0.0,Everyone,Lifestyle,"October 18, 2017",1.26,4.0 and up
8490,DK Online,FAMILY,,21,3.5,100,Free,0.0,Everyone,Entertainment,"May 18, 2018",8.2,4.0.3 and up
8491,Account Class-12 Solutions (D K Goel) Vol-1,FAMILY,4.4,708,33.0,50000,Free,0.0,Everyone,Education,"February 12, 2018",1.0.0,3.0 and up
8492,Salah Widget (DK+Malmo),LIFESTYLE,4.5,532,6.4,10000,Free,0.0,Everyone,Lifestyle,"June 28, 2015",0.9.9.14,2.3 and up
8493,PK and DK Audio App,FAMILY,5.0,2,3.9,100,Free,0.0,Everyone,Entertainment,"October 25, 2017",5.1.4,4.1 and up
8494,dk,FAMILY,4.8,5,1.5,10,Free,0.0,Everyone,Education,"September 18, 2017",1,2.3 and up
8495,HDWallpaper DK,PERSONALIZATION,,0,6.6,10,Free,0.0,Teen,Personalization,"October 5, 2017",1,4.0 and up
8496,Account Class-12 Solutions (D K Goel) Vol-2,FAMILY,4.6,124,23.0,10000,Free,0.0,Everyone,Education,"April 17, 2018",1.0.0,3.0 and up
8497,DK Browser,COMMUNICATION,4.0,1,2.4,10,Free,0.0,Everyone,Communication,"April 25, 2017",1,4.2 and up
8498,Discovery K!ds Play!,FAMILY,4.1,19388,35.0,1000000,Free,0.0,Everyone,Entertainment;Music & Video,"May 3, 2018",2.1.0.2173,4.0.3 and up
8499,cluster.dk,COMMUNICATION,,49,1.1,1000,Free,0.0,Everyone,Communication,"June 25, 2013",1.0.2,2.3 and up
8500,Transport DK,MAPS_AND_NAVIGATION,4.1,204,11.0,10000,Free,0.0,Everyone,Maps & Navigation,"May 29, 2017",2.28,4.0 and up
8501,DK Childcare Centers,LIFESTYLE,,0,13.0,500,Free,0.0,Everyone,Lifestyle,"April 2, 2018",1.0.2,4.1 and up
8502,Gokarting.dk,FAMILY,,13,34.0,1000,Free,0.0,Everyone,Entertainment,"March 25, 2018",5.0.45,4.1 and up
8503,DK Murali,SOCIAL,4.8,65,7.1,500,Free,0.0,Teen,Social,"February 25, 2017",1.1.2,4.1 and up
8504,DK TEL Dialer,COMMUNICATION,,0,4.2,50,Free,0.0,Everyone,Communication,"November 26, 2017",3.8.8,2.2 and up
8505,DK Studio Barbershop,BEAUTY,,8,17.0,100,Free,0.0,Everyone,Beauty,"March 20, 2018",1.1,4.1 and up
8506,Dr. D.K. Olukoya Sermons,LIFESTYLE,,1,3.0,100,Free,0.0,Everyone,Lifestyle,"September 26, 2017",1,4.0 and up
8507,GirlTalk.dk,SOCIAL,4.3,3,5.3,100,Free,0.0,Teen,Social,"September 22, 2017",3.1.0,4.1 and up
8508,NY mobilbank DK - Danske Bank,FINANCE,2.8,851,30.0,100000,Free,0.0,Everyone,Finance,"June 26, 2018",0.38.1,4.3 and up
8509,Dr D K Olukoya,LIFESTYLE,,0,3.3,1,Free,0.0,Teen,Lifestyle,"July 25, 2018",1,4.1 and up
8510,DK Hair Design,LIFESTYLE,,0,2.5,10,Free,0.0,Everyone,Lifestyle,"May 15, 2017",1.0.0,4.0 and up
8516,Download Manager Pro FREE,PRODUCTIVITY,3.8,637,7.2,100000,Free,0.0,Everyone,Productivity,"October 31, 2017",2.5,4.1 and up
8519,Download Video Free,FAMILY,4.0,39682,6.2,1000000,Free,0.0,Everyone,Entertainment,"April 3, 2018",3.5.5,4.1 and up
8520,Fast Download Manager,TOOLS,4.0,18478,1.7,1000000,Free,0.0,Everyone,Tools,"August 4, 2018",1.0.5,2.3 and up
8521,DL Hughley,FAMILY,4.6,12,10.0,1000,Free,0.0,Mature 17+,Entertainment,"March 23, 2018",2.0.4,4.1 and up
8523,D.L. Evans Bank Mobile Banking,FINANCE,4.3,85,30.0,10000,Free,0.0,Everyone,Finance,"May 2, 2018",18.1.79,5.0 and up
8524,The DL Hughley Show,FAMILY,4.3,23,11.0,5000,Free,0.0,Everyone,Entertainment,"May 29, 2018",3.1.2,5.0 and up
8527,Download Manager For Android Free,TOOLS,4.0,593,3.3,100000,Free,0.0,Everyone,Tools,"April 12, 2018",12.04.18,3.0 and up
8530,Trimble DL,PRODUCTIVITY,4.2,133,7.9,10000,Free,0.0,Everyone,Productivity,"January 12, 2018",1.0.184,4.2 and up
8531,Insave-Download for Instagram,PHOTOGRAPHY,4.3,46242,5.2,1000000,Free,0.0,Everyone,Photography,"September 20, 2016",2.1.3,4.0 and up
8532,+Download 4 Instagram Twitter,SOCIAL,4.5,40467,22.0,1000000,Free,0.0,Everyone,Social,"August 2, 2018",5.03,4.1 and up
8533,Advanced Download Manager Holo,TOOLS,4.4,16192,1.6,1000000,Free,0.0,Everyone,Tools,"July 13, 2016",4.1.9o,4.0 and up
8534,G-Download Manager,TOOLS,4.1,802,9.4,50000,Free,0.0,Everyone,Tools,"May 24, 2018",1.0.81,4.1 and up
8536,DL Calculator,SPORTS,4.5,177,1.1,10000,Free,0.0,Everyone,Sports,"September 17, 2015",1,2.2 and up
8538,Vuze Torrent Downloader,VIDEO_PLAYERS,4.1,24565,5.5,1000000,Free,0.0,Everyone,Video Players & Editors,"March 4, 2016",2.1,2.3.3 and up
8539,IDM Internet Download Manager,PRODUCTIVITY,3.9,1322,4.2,100000,Free,0.0,Everyone,Productivity,"October 25, 2016",1.0.4,4.2 and up
8540,TorrDroid - Torrent Downloader,TOOLS,4.7,59632,10.0,1000000,Free,0.0,Everyone,Tools,"April 3, 2018",1.5.2,4.1 and up
8541,Download Manager - File & Video,TOOLS,3.9,8780,5.0,1000000,Free,0.0,Everyone,Tools,"June 13, 2018",2.7.5,4.2 and up
8542,AndStream - Streaming Download,VIDEO_PLAYERS,4.3,38607,2.9,1000000,Free,0.0,Everyone,Video Players & Editors,"March 19, 2017",3.1.8,2.3 and up
8543,DM Me - Chat,SOCIAL,2.9,90,30.0,10000,Free,0.0,Mature 17+,Social,"July 9, 2018",1,4.0.3 and up
8544,DM Screen,BOOKS_AND_REFERENCE,4.4,283,5.4,10000,Free,0.0,Everyone 10+,Books & Reference,"January 12, 2018",1.1.10a,4.0 and up
8545,DM for IG 😘 - Image & Video Saver for Instagram,SOCIAL,3.7,55,3.7,5000,Free,0.0,Teen,Social,"March 3, 2018",3.20.3,4.4 and up
8546,DM for WhatsApp,COMMUNICATION,4.4,25,2.9,5000,Free,0.0,Everyone,Communication,"June 3, 2018",0.3.7,4.4 and up
8547,Fifth Edition DM Tools,FAMILY,4.1,942,3.0,100000,Free,0.0,Everyone,Role Playing,"January 19, 2017",1.14b,3.0 and up
8548,DM Talk New,COMMUNICATION,,3,4.2,5000,Free,0.0,Everyone,Communication,"February 7, 2018",3.8.8,2.2 and up
8549,DM airdisk,TOOLS,2.8,11,11.0,1000,Free,0.0,Everyone,Tools,"August 5, 2016",1.7.2,3.0 and up
8550,Diabetes mellitus (DM) from zero to hero,MEDICAL,4.9,18,3.0,1000,Free,0.0,Everyone,Medical,"January 17, 2018",1,4.3 and up
8551,Auto DM for Twitter 🔥,SOCIAL,3.4,44,6.3,1000,Free,0.0,Teen,Social,"May 21, 2018",HTTPs,4.1 and up
8552,DM HiDisk,TOOLS,2.8,54,20.0,5000,Free,0.0,Everyone,Tools,"June 7, 2018",1.1.2,4.0.3 and up
8554,Daily DM,PERSONALIZATION,4.7,51,0.3,1000,Free,0.0,Everyone,Personalization,"October 4, 2013",1,2.1 and up
8556,DM - The Offical Messaging App,COMMUNICATION,,0,11.0,10,Free,0.0,Teen,Communication,"December 20, 2017",1.3,4.0.3 and up
8557,DM airdisk Pro,TOOLS,3.2,11,36.0,1000,Free,0.0,Everyone,Tools,"September 20, 2017",2.4.0,4.0.3 and up
8558,Convert Coordinates DM to DMS,MAPS_AND_NAVIGATION,4.3,15,0.2,5000,Free,0.0,Everyone,Maps & Navigation,"February 3, 2013",1.6,2.2 and up
8559,DM security - Dragon Mobile,TOOLS,3.9,27,3.0,1000,Free,0.0,Everyone,Tools,"April 26, 2017",1.1.1,4.1 and up
8560,DM 24/7,TOOLS,3.6,7,16.0,1000,Free,0.0,Everyone,Tools,"August 1, 2018",2.3,2.3.3 and up
8561,DM Storage (for twitter),SOCIAL,3.2,6,0.5,100,Free,0.0,Everyone,Social,"November 26, 2014",1,4.1 and up
8562,DM Transfers Dalaman Transfers,TRAVEL_AND_LOCAL,,51,0.2,10000,Free,0.0,Everyone,Travel & Local,"February 22, 2014",1,2.2 and up
8563,DM Tracker,COMMUNICATION,3.5,11,5.2,1000,Free,0.0,Everyone,Communication,"July 26, 2018",2.0.1,4.3 and up
8564,DM Tuning,SPORTS,3.3,64,5.7,5000,Free,0.0,Everyone,Sports,"April 4, 2018",1.9.1,6.0 and up
8566,DM Magazine,NEWS_AND_MAGAZINES,,0,27.0,10,Free,0.0,Everyone,News & Magazines,"May 11, 2018",1,4.1 and up
8567,DM הפקות,PHOTOGRAPHY,,2,10.0,100,Free,0.0,Everyone,Photography,"October 14, 2017",30,3.2 and up
8568,DM TrackMan,MAPS_AND_NAVIGATION,,10,7.8,100,Free,0.0,Everyone,Maps & Navigation,"June 26, 2018",2.1.0,4.4 and up
8569,Aster DM Healthcare,MEDICAL,2.4,32,8.5,5000,Free,0.0,Everyone,Medical,"November 21, 2017",1.5,4.0.3 and up
8570,Fake Chat (Direct Message),SOCIAL,4.4,5985,5.9,500000,Free,0.0,Everyone,Social,"July 6, 2017",1.4.2,4.1 and up
8572,DM Buddy » Learn Digital Marketing,FAMILY,5.0,3,1.7,500,Free,0.0,Everyone,Education,"July 11, 2017",2.1,4.1 and up
8575,DM Collection,SHOPPING,,3,1.2,100,Free,0.0,Everyone,Shopping,"June 25, 2015",1.1,2.2 and up
8576,DM AirDisk HDD,TOOLS,,4,33.0,100,Free,0.0,Everyone,Tools,"July 28, 2018",1.4.6,4.0.3 and up
8577,DM AirDisk NAS,TOOLS,,0,35.0,50,Free,0.0,Everyone,Tools,"July 31, 2018",2.1.4,4.0.3 and up
8579,Otto DM,SOCIAL,,0,2.4,10,Free,0.0,Teen,Social,"March 7, 2018",1,4.0 and up
8580,DM Adventure,GAME,,0,11.0,10,Free,0.0,Everyone,Adventure,"June 18, 2018",1.0.4,2.3 and up
8581,Ramdor DM Mobile,BUSINESS,,1,23.0,100,Free,0.0,Everyone,Business,"June 13, 2018",21 - Rel2.0,3.0 and up
8582,Disciple Maker’s (DM) Lab,FAMILY,5.0,3,4.0,100,Free,0.0,Everyone,Education,"August 1, 2018",1.0.5,4.4 and up
8584,DN,NEWS_AND_MAGAZINES,3.3,78,17.0,10000,Free,0.0,Everyone,News & Magazines,"July 2, 2018",3.2.1.258,5.0 and up
8585,DN eAvis,NEWS_AND_MAGAZINES,2.9,61,4.1,10000,Free,0.0,Everyone,News & Magazines,"February 1, 2017",2.0.0,4.1 and up
8586,DN Sync,NEWS_AND_MAGAZINES,4.1,56,0.0,1000,Free,0.0,Everyone 10+,News & Magazines,"June 13, 2016",1.15,2.3.3 and up
8587,DN Reader,NEWS_AND_MAGAZINES,4.6,18,1.8,100,Free,0.0,Everyone,News & Magazines,"March 13, 2014",1,4.0 and up
8588,DN Managed Mobility App,BUSINESS,,0,3.4,50,Free,0.0,Everyone,Business,"July 13, 2018",2.1.2,5.0 and up
8589,e-DN - den digitala tidningen från Dagens Nyheter,NEWS_AND_MAGAZINES,2.2,160,32.0,50000,Free,0.0,Everyone 10+,News & Magazines,"May 24, 2018",1.3.2,4.4 and up
8591,DN Blog,SOCIAL,5.0,20,4.2,10,Free,0.0,Teen,Social,"July 23, 2018",1,4.0 and up
8592,Dagens Nyheter,NEWS_AND_MAGAZINES,2.5,2055,17.0,100000,Free,0.0,Everyone,News & Magazines,"July 4, 2018",4.2.7,4.4 and up
8593,DN Events,PRODUCTIVITY,,4,18.0,500,Free,0.0,Teen,Productivity,"June 7, 2018",7.17.2.0,5.0 and up
8594,DN.VR,NEWS_AND_MAGAZINES,3.0,29,37.0,5000,Free,0.0,Everyone 10+,News & Magazines,"May 23, 2018",2.1.1,5.0 and up
8595,DN - Diário de Notícias,NEWS_AND_MAGAZINES,3.7,794,15.0,100000,Free,0.0,Everyone,News & Magazines,"July 26, 2018",3.2.7,4.1 and up
8596,DN Employee,FAMILY,5.0,1,3.8,10,Free,0.0,Everyone,Education,"June 25, 2018",1.4,4.4 and up
8597,DN Advanced Service Coder,BUSINESS,,0,21.0,10,Free,0.0,Everyone,Business,"June 1, 2018",1.0.0,4.0 and up
8598,DN Premium Hookah Lounge,BUSINESS,,1,4.2,50,Free,0.0,Everyone,Business,"October 21, 2015",1,2.3 and up
8599,PlayMotiv dn edition,BUSINESS,,0,28.0,500,Free,0.0,Everyone,Business,"April 8, 2018",1.0.2,4.1 and up
8601,DN Calculators,FINANCE,5.0,12,0.8,100,Free,0.0,Everyone,Finance,"September 5, 2013",1.11,3.0 and up
8602,DN Diamonds,BUSINESS,,4,10.0,100,Free,0.0,Everyone,Business,"July 31, 2018",3.9.17,4.0.3 and up
8603,DN Prasad,FINANCE,,0,5.9,100,Free,0.0,Everyone,Finance,"April 30, 2018",1.1.2,4.0.3 and up
8605,DN Driver,FAMILY,,0,7.5,5,Free,0.0,Everyone,Education,"June 9, 2018",1.0.2,4.1 and up
8606,D.N. College Meerut,FAMILY,,0,19.0,10,Free,0.0,Everyone,Education,"March 26, 2018",1.0.0,4.0 and up
8607,DN Radio FM,NEWS_AND_MAGAZINES,,0,3.8,10,Free,0.0,Teen,News & Magazines,"July 15, 2016",1.1,2.3 and up
8608,Sverige Tidningar,NEWS_AND_MAGAZINES,4.1,905,4.0,50000,Free,0.0,Everyone,News & Magazines,"July 30, 2018",2.2.2.1,4.0 and up
8612,DN Snacks,BUSINESS,,0,7.6,1,Free,0.0,Everyone,Business,"April 9, 2018",1.0.0,4.0 and up
8613,Guardian Hunter: SuperBrawlRPG,FAMILY,4.5,364013,27.0,1000000,Free,0.0,Everyone 10+,Role Playing,"August 6, 2018",14.4.4.00,4.1 and up
8614,Sweden Newspapers,NEWS_AND_MAGAZINES,,0,2.1,0,Free,0.0,Everyone,News & Magazines,"July 7, 2018",1.1,4.4 and up
8615,ES Remote,FAMILY,3.3,707,15.0,100000,Free,0.0,Everyone,Entertainment,"November 20, 2014",2.1.1,2.3 and up
8617,Destiny Ninja Shall we date otome games love story,GAME,4.4,13079,30.0,500000,Free,0.0,Everyone 10+,Adventure,"April 20, 2018",1.6.2,4.0 and up
8619,CritDice - Dice Roller,FAMILY,4.7,2910,5.3,50000,Free,0.0,Everyone,Entertainment,"October 30, 2016",2.0.0,4.1 and up
8620,Cursive Writing Wizard - Handwriting,FAMILY,4.0,3745,31.0,1000000,Free,0.0,Everyone,Education;Education,"December 3, 2017",2.5.0,4.0.3 and up
8621,Free Poker Games : Downtown Casino - Texas Holdem,GAME,4.5,2032,50.0,50000,Free,0.0,Teen,Card,"June 5, 2018",0.1.27,4.1 and up
8622,WFVS 2018 | WhatApp Full Video Status & Downloader,PRODUCTIVITY,4.3,596,22.0,50000,Free,0.0,Everyone,Productivity,"July 4, 2018",1.3,4.1 and up
8623,Maher EL Mouaikly - Offline,FAMILY,4.6,166,2.6,10000,Free,0.0,Everyone,Entertainment,"May 24, 2017",1.1.0,3.1 and up
8626,Sword Art Online: Integral Factor,FAMILY,4.0,45359,32.0,1000000,Free,0.0,Everyone 10+,Role Playing,"July 26, 2018",1.0.9,4.4 and up
8627,Mahalaxmi Dindarshika 2018,PRODUCTIVITY,4.2,25427,9.2,1000000,Free,0.0,Everyone,Productivity,"January 5, 2018",18,4.0 and up
8629,"Microsoft To-Do: List, Task & Reminder",PRODUCTIVITY,4.1,14432,16.0,1000000,Free,0.0,Everyone,Productivity,"July 31, 2018",1.36.82,4.4 and up
8637,do,FAMILY,3.1,1073,5.9,100000,Free,0.0,Everyone,Strategy,"June 8, 2016",1.0.4,4.0 and up
8641,To Do Reminder with Alarm,PRODUCTIVITY,4.4,72161,4.9,1000000,Free,0.0,Everyone,Productivity,"March 21, 2018",2.68.14,4.0 and up
8644,wikiHow: how to do anything,BOOKS_AND_REFERENCE,4.4,43088,3.0,1000000,Free,0.0,Teen,Books & Reference,"April 19, 2017",2.7.3,4.0 and up
8645,"Ike - To-Do List, Task List",PRODUCTIVITY,4.6,6320,6.3,100000,Free,0.0,Everyone,Productivity,"December 10, 2016",2,4.4 and up
8647,"My Effectiveness: To do, Tasks",PRODUCTIVITY,4.6,14089,8.4,500000,Free,0.0,Everyone,Productivity,"August 5, 2018",0.21.1,4.1 and up
8648,Do it (Tomorrow),PRODUCTIVITY,4.3,26452,4.0,1000000,Free,0.0,Everyone,Productivity,"November 3, 2014",2.3.5,2.1 and up
8649,Do Not Disturb,PRODUCTIVITY,4.3,6120,1.9,100000,Free,0.0,Everyone,Productivity,"November 22, 2017",2.10.1,6.0 and up
8650,To-Do List Widget,PRODUCTIVITY,3.9,7801,0.2,1000000,Free,0.0,Everyone,Productivity,"September 28, 2013",2,1.5 and up
8651,NoteToDo. Notes. To do list,PRODUCTIVITY,4.5,57449,5.0,1000000,Free,0.0,Everyone,Productivity,"August 4, 2018",1.2.187-83,4.0 and up
8652,"Memory Helper - To do list, Notepad, Notes, Memo",PRODUCTIVITY,4.7,7566,4.0,500000,Free,0.0,Everyone,Productivity,"July 21, 2018",67,4.1 and up
8653,"2Do - Reminders, To-do List & Notes",PRODUCTIVITY,4.3,4649,30.0,100000,Free,0.0,Everyone,Productivity,"June 19, 2018",2.8.12,5.0 and up
8655,"Notes : Colorful Notepad Note,To Do,Reminder,Memo",LIFESTYLE,4.6,10484,9.0,1000000,Free,0.0,Everyone,Lifestyle,"June 9, 2018",1.4.9,4.1 and up
8656,"Time Planner - Schedule, To-Do List, Time Tracker",PRODUCTIVITY,4.2,2537,8.5,500000,Free,0.0,Everyone,Productivity,"January 10, 2018",2.2 (Protostar),4.0 and up
8659,Cal - Google Calendar + Widget,PRODUCTIVITY,4.2,86172,13.0,1000000,Free,0.0,Everyone,Productivity,"February 1, 2016",1.1.7,4.0 and up
8660,"Clean My House – Chore To Do List, Task Scheduler",PRODUCTIVITY,4.1,661,3.4,100000,Free,0.0,Everyone,Productivity,"June 21, 2018",2.1.2,4.1 and up
8661,"Goal Meter: Goal Tracker, Habit Changer,To-Do List",PRODUCTIVITY,4.6,7969,20.0,100000,Free,0.0,Everyone,Productivity,"February 6, 2018",2.7.92,4.4 and up
8662,To-do list,PRODUCTIVITY,4.4,688,4.4,50000,Free,0.0,Everyone,Productivity,"July 17, 2018",2.22,4.0 and up
8663,Do Not Crash,FAMILY,3.7,56664,8.3,1000000,Free,0.0,Everyone,Casual,"February 5, 2015",1.4,2.3 and up
8664,Do I Snore or Grind,MEDICAL,4.4,2295,19.0,100000,Free,0.0,Everyone,Medical,"July 9, 2018",0.3.1,5.0 and up
8665,How well do you know me?,GAME,3.9,1290,6.4,100000,Free,0.0,Everyone,Word,"July 26, 2018",2.3.0,4.1 and up
8666,EasyNote Notepad | To Do List,TOOLS,4.3,15618,2.4,1000000,Free,0.0,Everyone,Tools,"November 27, 2017",1.5.2,2.3 and up
8668,Adobe Fill & Sign: Easy PDF Form Filler,PRODUCTIVITY,4.3,11402,5.3,1000000,Free,0.0,Everyone,Productivity,"November 7, 2017",1.3.0,5.0 and up
8669,DO YOU KNOW THE WAY Soundboard,FAMILY,4.5,1007,5.2,100000,Free,0.0,Everyone,Entertainment,"July 1, 2018",7,4.1 and up
8671,Endless Ducker,GAME,4.5,8193,41.0,500000,Free,0.0,Everyone,Arcade,"September 16, 2016",1.0.7,4.0.3 and up
8672,Dude Perfect,SPORTS,4.5,97,1.9,10000,Free,0.0,Everyone,Sports,"June 28, 2017",1,4.1 and up
8673,that's lit,GAME,4.7,1115,39.0,100000,Free,0.0,Everyone,Arcade,"July 7, 2017",1,4.3 and up
8674,All Type DP,FAMILY,4.3,1853,5.8,500000,Free,0.0,Everyone,Entertainment,"May 10, 2018",1.8,4.0 and up
8675,Dp For WhatsApp,PERSONALIZATION,4.4,1623,11.0,1000000,Free,0.0,Mature 17+,Personalization,"June 23, 2018",2.7,4.0.3 and up
8676,DP and Status for WhatsApp 2018,SOCIAL,4.5,787,6.9,100000,Free,0.0,Everyone,Social,"February 17, 2018",2.4.2,4.0.3 and up
8677,DP Editor,PHOTOGRAPHY,4.3,18,15.0,5000,Free,0.0,Teen,Photography,"August 4, 2018",1.5,4.1 and up
8678,DP & Status,FAMILY,4.3,1922,4.7,500000,Free,0.0,Everyone,Entertainment,"January 9, 2018",1.13,4.1 and up
8679,Dp for girls,ART_AND_DESIGN,4.2,175,8.2,50000,Free,0.0,Everyone,Art & Design,"May 26, 2017",1.2,4.0.3 and up
8680,DP Maker,PHOTOGRAPHY,4.2,784,18.0,100000,Free,0.0,Everyone,Photography,"April 29, 2018",1.00.15,4.1 and up
8681,Download Instant DP (Full HD),TOOLS,4.3,1283,4.4,100000,Free,0.0,Everyone,Tools,"August 4, 2018",4.1.0,4.1 and up
8682,Square DP For Whatsapp,PHOTOGRAPHY,4.2,67,15.0,10000,Free,0.0,Everyone,Photography,"March 29, 2017",1,4.0.3 and up
8683,Profile pictures for WhatsApp,PERSONALIZATION,4.7,10786,9.4,500000,Free,0.0,Mature 17+,Personalization,"May 20, 2018",2.3.1,4.3 and up
8684,DP and Status,FAMILY,4.1,623,3.0,100000,Free,0.0,Everyone,Entertainment,"August 11, 2017",1.0.1,3.0 and up
8685,Dp For Whatsapp,SOCIAL,4.3,39,12.0,5000,Free,0.0,Everyone,Social,"April 13, 2017",1,4.0.3 and up
8686,DP & Status for Whatsapp 2018,PERSONALIZATION,4.1,293,3.4,100000,Free,0.0,Everyone,Personalization,"August 3, 2018",1.4,4.0.3 and up
8687,DP Creator for WhatsApp,PHOTOGRAPHY,3.8,4813,5.1,100000,Free,0.0,Everyone,Photography,"March 19, 2016",1.5,2.2 and up
8688,Dp For FB,PHOTOGRAPHY,4.5,12,2.0,1000,Free,0.0,Teen,Photography,"October 19, 2017",1,4.1 and up
8689,Best DP and Status (Daily Updates Photos),FAMILY,4.1,3003,3.2,1000000,Free,0.0,Everyone,Entertainment,"May 7, 2018",1.8,4.0 and up
8690,Magical Insta DP,PHOTOGRAPHY,,2,5.2,1000,Free,0.0,Everyone,Photography,"June 28, 2018",1.1,4.0 and up
8691,Profile Pictures and DP for Whatsapp,SOCIAL,4.3,48,11.0,5000,Free,0.0,Everyone,Social,"May 12, 2017",1.3,4.0.3 and up
8692,All Types DP & Status Maker,PHOTOGRAPHY,4.5,16,14.0,1000,Free,0.0,Teen,Photography,"July 12, 2018",2.1.5,4.0.3 and up
8693,DP Photo Editor,PHOTOGRAPHY,4.1,88,7.7,10000,Free,0.0,Everyone,Photography,"September 29, 2017",2.5,4.1 and up
8694,Status For WhatsApp DP - pro,PERSONALIZATION,4.4,49,12.0,10000,Free,0.0,Teen,Personalization,"May 31, 2018",1.7,4.1 and up
8695,"Marathi DP - status and message,jokes,Video app",FAMILY,4.3,694,3.8,100000,Free,0.0,Everyone,Entertainment,"August 1, 2018",1.6,4.2 and up
8696,Cute Images for Whatsapp,FAMILY,4.4,634,8.1,100000,Free,0.0,Teen,Entertainment,"December 23, 2015",1,2.3.3 and up
8697,Profile Pictures - Best DP Status,FAMILY,4.3,131,5.4,50000,Free,0.0,Everyone,Entertainment,"November 29, 2017",1.2.1,4.1 and up
8698,Best DP and Status - All Type DP & Status,FAMILY,,1,5.7,100,Free,0.0,Everyone,Entertainment,"May 30, 2018",1,4.0.3 and up
8699,Dp for Facebook,SOCIAL,4.1,56,10.0,5000,Free,0.0,Everyone,Social,"May 16, 2017",1,4.0.3 and up
8700,Fifa World Cup 2018: Photo Frame Editor & DP Maker,PHOTOGRAPHY,4.6,666,8.7,100000,Free,0.0,Everyone,Photography,"June 20, 2018",6.1,4.0.3 and up
8701,DP and Status Images | All Latest Status 2018,LIFESTYLE,4.7,25,3.8,10000,Free,0.0,Teen,Lifestyle,"July 22, 2017",1,4.0 and up
8702,Best DP and Status,SOCIAL,4.2,93,5.6,10000,Free,0.0,Teen,Social,"November 29, 2017",7.6.5,4.1 and up
8703,"100000+ Messages - DP, Status, Jokes & GIF 2018",LIFESTYLE,3.7,121,3.8,10000,Free,0.0,Mature 17+,Lifestyle,"December 29, 2017",DPSTATUS1.0.1,4.0.3 and up
8704,Instant DP Downloader for Instagram,SOCIAL,4.7,38,4.1,5000,Free,0.0,Everyone,Social,"August 4, 2018",1.0.4,4.2 and up
8705,DP Display Pictures Life Quotes Motivational GM,SOCIAL,4.4,39,11.0,5000,Free,0.0,Everyone,Social,"January 1, 2018",20,4.1 and up
8706,Latest DP and Status Pro 2018,FAMILY,4.7,19,5.7,1000,Free,0.0,Everyone,Entertainment,"January 5, 2018",1.0.4,4.0.3 and up
8707,Best DP And Video Status 2018 For Whatsapp,FAMILY,4.2,91,3.8,10000,Free,0.0,Everyone,Entertainment,"May 31, 2018",9,4.1 and up
8708,Qeek for Instagram - Zoom profile insta DP,SOCIAL,4.6,12111,9.1,500000,Free,0.0,Everyone,Social,"May 3, 2018",1.47,4.3 and up
8709,DP Battle,FAMILY,4.5,132,2.5,5000,Free,0.0,Everyone,Entertainment,"March 26, 2017",2.0.5,4.0.3 and up
8710,Faceoff DP Battle App,FAMILY,4.8,38,6.7,1000,Free,0.0,Everyone,Entertainment,"June 15, 2018",5.2,4.4 and up
8711,Insta Square Profile DP,PHOTOGRAPHY,3.7,42,11.0,5000,Free,0.0,Everyone,Photography,"September 1, 2015",1,4.0 and up
8712,Name Art DP - Focus n Filter Text 2018,ART_AND_DESIGN,4.3,132,7.7,10000,Free,0.0,Everyone,Art & Design,"January 4, 2018",1,4.1 and up
8713,DP Status 2017,PHOTOGRAPHY,4.2,302,7.0,50000,Free,0.0,Everyone,Photography,"June 15, 2017",15|06|17,4.1 and up
8715,DQ Texas,FOOD_AND_DRINK,4.1,336,13.0,100000,Free,0.0,Everyone,Food & Drink,"May 18, 2018",1.4.1,4.1 and up
8716,DQ Events,BUSINESS,2.3,41,20.0,10000,Free,0.0,Everyone,Business,"December 20, 2017",1.1,4.0 and up
8718,Coupons for Dairy Queen,FOOD_AND_DRINK,4.6,42,3.9,100,Free,0.0,Teen,Food & Drink,"July 18, 2018",1,5.0 and up
8720,ODTMobile v4,BUSINESS,4.0,3,16.0,1000,Free,0.0,Everyone,Business,"April 17, 2018",1.1,4.1 and up
8728,DQT GPS,BUSINESS,4.0,3,6.3,500,Free,0.0,Everyone,Business,"October 5, 2015",1.2,4.2 and up
8729,DQ Akses,TOOLS,,0,2.6,1,Free,0.0,Everyone,Tools,"July 6, 2018",1.1,2.1 and up
8730,Discovery Insure,MAPS_AND_NAVIGATION,2.8,1911,20.0,100000,Free,0.0,Everyone,Maps & Navigation,"March 17, 2018",di-v3.4.0.4,4.3 and up
8731,Taco Bell,LIFESTYLE,3.8,28140,16.0,1000000,Free,0.0,Everyone,Lifestyle,"July 30, 2018",5.0.4,4.2 and up
8732,LightMeter Free,PHOTOGRAPHY,4.1,5485,13.0,1000000,Free,0.0,Everyone,Photography,"April 28, 2016",1.2.3,3.2 and up
8734,ODTMobile,BUSINESS,3.4,15,2.7,10000,Free,0.0,Everyone,Business,"March 10, 2016",3.2,2.2 and up
8735,Whataburger,FOOD_AND_DRINK,4.5,5093,56.0,500000,Free,0.0,Everyone,Food & Drink,"April 10, 2018",1.9.0,4.2 and up
8737,Arby's,FOOD_AND_DRINK,3.1,194,26.0,100000,Free,0.0,Everyone,Food & Drink,"July 12, 2018",1.3.1,4.4 and up
8738,RPG Dragon Lapis,FAMILY,4.6,13492,56.0,100000,Free,0.0,Teen,Role Playing,"July 9, 2018",1.1.4g,4.1 and up
8739,Find Fast Food,SHOPPING,3.3,272,0.8,100000,Free,0.0,Everyone,Shopping,"November 11, 2012",1.1.6,2.2 and up
8740,Jungle book-The Great Escape,GAME,3.9,2362,25.0,100000,Free,0.0,Everyone,Action,"July 17, 2013",1.3,2.3 and up
8742,DQSalmaan - A fan made App,FAMILY,4.9,707,6.0,10000,Free,0.0,Everyone,Entertainment,"February 4, 2018",1.5,4.1 and up
8743,Culver's,LIFESTYLE,3.9,1638,4.9,100000,Free,0.0,Everyone,Lifestyle,"April 11, 2018",1.2,4.3 and up
8750,Call Blocker & Blacklist,COMMUNICATION,4.0,6,4.2,1000,Free,0.0,Everyone,Communication,"July 13, 2018",3.1.0,4.0 and up
8752,Dulquer Salmaan HD Wallpapers,PERSONALIZATION,,1,3.9,100,Free,0.0,Everyone,Personalization,"May 22, 2018",1.1.0,4.0 and up
8753,IHOP®,FOOD_AND_DRINK,4.2,441,24.0,100000,Free,0.0,Everyone,Food & Drink,"April 3, 2018",2.2.0,4.1 and up
8761,Dr. Cares - Pet Rescue 911 🐶,FAMILY,4.2,14432,35.0,500000,Free,0.0,Everyone,Casual,"September 21, 2017",1.5,4.0.3 and up
8765,Dr. Battery - Fast Charger - Super Cleaner 2018,TOOLS,4.5,101738,10.0,1000000,Free,0.0,Everyone,Tools,"July 26, 2018",2.2.82,4.0 and up
8767,DR TV,VIDEO_PLAYERS,3.3,6716,4.7,500000,Free,0.0,Mature 17+,Video Players & Editors,"June 25, 2018",3.0.6,4.4 and up
8768,Real Car Dr Parking Master: Parking Games 2018,FAMILY,4.2,3345,27.0,1000000,Free,0.0,Everyone,Simulation,"May 12, 2018",1,4.1 and up
8770,Dr. Rocket,GAME,4.0,42182,3.4,1000000,Free,0.0,Everyone,Arcade,"January 6, 2018",1.11,4.1 and up
8771,Dr. Muscle,HEALTH_AND_FITNESS,4.0,87,33.0,10000,Free,0.0,Everyone,Health & Fitness,"July 28, 2018",2.5,4.0.3 and up
8772,Dr. Dominoes,GAME,4.0,2700,5.7,500000,Free,0.0,Everyone,Board,"January 3, 2018",1.06,4.1 and up
8773,Dr. Sudoku,FAMILY,3.5,2310,3.1,500000,Free,0.0,Everyone,Puzzle,"January 4, 2018",1.06,4.1 and up
8775,Dr. Unblock,FAMILY,3.9,3847,4.3,1000000,Free,0.0,Everyone,Puzzle,"January 3, 2018",1.05,4.1 and up
8781,Dr. Pixel: Pill mania Classic,FAMILY,4.3,2419,6.2,100000,Free,0.0,Everyone,Puzzle,"March 31, 2018",1.2.7,4.0 and up
8782,Dr. Chess,GAME,4.1,97209,6.7,1000000,Free,0.0,Everyone,Board,"January 14, 2018",1.41,4.0.3 and up
8783,Super Dr. Parking 3D,FAMILY,4.0,4518,41.0,1000000,Free,0.0,Everyone,Simulation,"December 17, 2017",3.3,4.1 and up
8784,Dr Dre - Beatmaker,GAME,4.3,146,6.0,10000,Free,0.0,Mature 17+,Music,"February 28, 2018",5.3.8,4.0 and up
8788,Pet Vet Dr - Animals Hospital,FAMILY,3.7,11748,36.0,1000000,Free,0.0,Teen,Casual,"October 31, 2016",1.3,4.0.3 and up
8789,Dr.Android Repair Master 2017,PRODUCTIVITY,3.8,1205,4.3,100000,Free,0.0,Everyone,Productivity,"June 10, 2018",2,4.0 and up
8790,DR CONTROL,FAMILY,3.4,267,1.5,10000,Free,0.0,Everyone,Entertainment,"March 8, 2017",2.1.0,4.0.3 and up
8798,Dr. Doug's Tips,BOOKS_AND_REFERENCE,4.0,22,34.0,1000,Free,0.0,Everyone,Books & Reference,"September 1, 2016",1.1,2.3 and up
8799,Dr. 2048,FAMILY,3.9,1985,3.5,500000,Free,0.0,Everyone,Puzzle,"December 30, 2017",1.05,4.1 and up
8802,Dr. Shogi,GAME,3.3,19291,5.1,1000000,Free,0.0,Everyone,Board,"January 2, 2018",1.24,4.1 and up
8803,DR Sebi's Alkaline List,FAMILY,4.0,68,5.5,5000,Free,0.0,Everyone,Education,"April 5, 2017",0.1,2.3 and up
8805,NDS Emulator - For Android 6,GAME,4.1,14002,19.0,1000000,Free,0.0,Everyone,Arcade,"July 26, 2018",pb1.0.0.1,4.0.3 and up
8806,Free DS Emulator,GAME,4.1,22896,19.0,1000000,Free,0.0,Everyone,Arcade,"July 26, 2018",pb1.0.0.1,4.0.3 and up
8808,MegaNDS (NDS Emulator),GAME,3.4,2218,11.0,500000,Free,0.0,Everyone,Arcade,"October 18, 2017",2,4.0 and up
8809,DS file,PRODUCTIVITY,4.1,10676,12.0,1000000,Free,0.0,Everyone,Productivity,"May 23, 2018",4.11.0,4.1 and up
8810,DS finder,TOOLS,4.0,2596,32.0,500000,Free,0.0,Everyone,Tools,"July 19, 2018",2.0.1,5.0 and up
8812,DS cloud,TOOLS,3.2,4908,38.0,500000,Free,0.0,Everyone,Tools,"May 23, 2018",2.8.0,4.0 and up
8816,DS cam,PRODUCTIVITY,3.6,3227,35.0,500000,Free,0.0,Everyone,Productivity,"July 26, 2018",3.0.1,4.1 and up
8817,DS router,TOOLS,3.8,253,15.0,50000,Free,0.0,Everyone,Tools,"June 13, 2018",1.1.8,4.1 and up
8818,EmuBox - Fast Retro Emulator,GAME,3.9,1576,43.0,50000,Free,0.0,Everyone,Arcade,"August 5, 2018",2.1.1,4.1 and up
8820,DS Creator 2.0,TOOLS,1.0,2,4.4,500,Free,0.0,Everyone,Tools,"March 23, 2018",2.0.180226.1,4.0 and up
8821,DS App Manager,TOOLS,4.6,14,2.1,1000,Free,0.0,Everyone,Tools,"March 21, 2015",1,2.3 and up
8824,DS,FAMILY,4.9,15,23.0,100,Free,0.0,Everyone,Casual,"January 19, 2016",1,2.3 and up
8826,DS Connector 2.0,TOOLS,2.6,5,0.6,500,Free,0.0,Everyone,Tools,"March 23, 2018",2.0.180226.1,4.2 and up
8827,DS Barometer - Altimeter and Weather Information,WEATHER,3.9,2962,4.2,100000,Free,0.0,Everyone,Weather,"July 9, 2018",3.67,2.3.3 and up
8828,DS Companion,HEALTH_AND_FITNESS,,0,4.6,50,Free,0.0,Everyone,Health & Fitness,"November 3, 2017",1.7,4.4 and up
8829,DS-L4 Viewer,PHOTOGRAPHY,3.5,13,7.9,1000,Free,0.0,Everyone,Photography,"January 29, 2018",1.2.0.9,5.0 and up
8830,DS Tower Defence,GAME,3.2,768,1.4,100000,Free,0.0,Everyone,Arcade,"June 5, 2013",1,1.5 and up
8831,DS-Admin,FAMILY,,1,21.0,10,Free,0.0,Everyone,Education,"March 5, 2018",2,4.2 and up
8832,NDS-controller,TOOLS,3.3,35,0.9,1000,Free,0.0,Everyone,Tools,"October 23, 2017",0.2,2.2 and up
8833,DS-11 form,BUSINESS,,3,28.0,100,Free,0.0,Everyone,Business,"April 27, 2018",1.7.7,4.1 and up
8834,SmartCircle Remote DS,BUSINESS,,2,1.6,500,Free,0.0,Everyone,Business,"May 22, 2018",2.983,5.0 and up
8836,DS Speedometer & Odometer,MAPS_AND_NAVIGATION,3.9,22382,6.6,1000000,Free,0.0,Everyone,Maps & Navigation,"March 22, 2018",6.93,2.3.3 and up
8838,DS-20000S,PRODUCTIVITY,1.8,12,14.0,1000,Free,0.0,Everyone,Productivity,"August 3, 2018",1.2.2,4.1 and up
8839,DS Vision,BUSINESS,,0,38.0,5,Free,0.0,Everyone,Business,"May 21, 2018",1.2,4.1 and up
8840,Learn DS [BETA],FAMILY,4.3,9,5.0,500,Free,0.0,Everyone,Education,"February 12, 2017",0.5,4.0 and up
8842,DS - xR,BUSINESS,,2,1.4,10,Free,0.0,Everyone,Business,"November 21, 2017",1,4.4 and up
8843,DS-Students,FAMILY,4.8,5,8.4,100,Free,0.0,Everyone,Education,"July 3, 2018",2,4.1 and up
8844,DS Thermometer,WEATHER,3.7,631,3.0,100000,Free,0.0,Everyone,Weather,"May 30, 2015",2.2,2.3 and up
8846,Deep Sleep Battery Saver,TOOLS,4.1,22032,3.7,1000000,Free,0.0,Everyone,Tools,"August 17, 2017",5.1,4.1 and up
8848,DS Flashlight,TOOLS,4.0,127,5.8,10000,Free,0.0,Everyone,Tools,"May 30, 2015",1.31,2.2 and up
8849,DS-82 form,BUSINESS,,1,28.0,100,Free,0.0,Everyone,Business,"April 27, 2018",1.7.7,4.1 and up
8850,dt Pro,FINANCE,4.8,4,4.5,1000,Free,0.0,Everyone,Finance,"May 16, 2017",3.1,2.2 and up
8851,DT,LIFESTYLE,,0,8.9,100,Free,0.0,Everyone,Lifestyle,"July 24, 2018",7.2.2,4.1 and up
8852,DT Manager,PRODUCTIVITY,4.0,9,3.1,500,Free,0.0,Everyone,Productivity,"May 21, 2015",1.7,2.3 and up
8854,DT-CAM,FAMILY,,6,9.9,1000,Free,0.0,Everyone,Entertainment,"July 29, 2017",1.3,2.2 and up
8855,DT Fieldlink,BUSINESS,3.0,2,49.0,500,Free,0.0,Everyone,Business,"September 19, 2017",2.1.1,4.1 and up
8856,DT Driving Test Theory,FAMILY,4.6,477,1.6,10000,Free,0.0,Everyone,Education,"February 22, 2018",1.1,4.0.3 and up
8857,DT Smart,TOOLS,1.6,39,8.9,1000,Free,0.0,Everyone,Tools,"December 7, 2017",1.1.4,4.1 and up
8858,Truck Simulator DT 3D,FAMILY,3.8,110,22.0,5000,Free,0.0,Everyone,Simulation,"April 23, 2017",1.0.6,2.3 and up
8859,DT Baby Cam,TOOLS,1.7,10,23.0,500,Free,0.0,Everyone,Tools,"December 5, 2017",3,2.2 and up
8861,WPBS-DT,FAMILY,5.0,3,6.3,500,Free,0.0,Everyone,Entertainment,"April 3, 2015",4.1.1,2.3.3 and up
8862,ReadyOp DT,COMMUNICATION,4.6,8,1.1,1000,Free,0.0,Everyone,Communication,"July 6, 2018",1.0.56,2.3.3 and up
8865,DT-VR,FAMILY,3.8,25,9.5,1000,Free,0.0,Everyone,Entertainment,"August 9, 2016",1.2,2.2 and up
8866,Dt Tracking,AUTO_AND_VEHICLES,4.0,4,24.0,100,Free,0.0,Everyone,Auto & Vehicles,"October 28, 2016",0.2,4.0 and up
8867,DT Simple Interval Timer,SPORTS,4.1,10,1.5,1000,Free,0.0,Everyone,Sports,"February 17, 2014",1.01,2.1 and up
8868,DT Health,MEDICAL,,1,24.0,10,Free,0.0,Everyone,Medical,"November 20, 2017",2.0.0,4.3 and up
8869,DT CLOTHINGS,SHOPPING,5.0,1,7.9,10,Free,0.0,Everyone,Shopping,"July 25, 2018",1.0.1,4.1 and up
8870,PAY DT,BUSINESS,,0,5.3,1,Free,0.0,Everyone,Business,"February 6, 2018",1.1.0,4.0 and up
8871,Test Application DT 02,ART_AND_DESIGN,,0,1.2,0,Free,0.0,Everyone,Art & Design,"March 14, 2017",4,4.2 and up
8872,Eat Right Diet (by Dt Shreya's Family Diet Clinic),HEALTH_AND_FITNESS,,0,12.0,10,Free,0.0,Everyone,Health & Fitness,"August 7, 2018",1.0.7,5.0 and up
8873,DT Practice,BUSINESS,,6,5.7,500,Free,0.0,Everyone,Business,"October 6, 2017",1.1.0,4.4 and up
8874,Dt. Jyothi Srinivas,HEALTH_AND_FITNESS,5.0,18,13.0,100,Free,0.0,Everyone,Health & Fitness,"February 6, 2018",1.0.6,4.1 and up
8875,DT future1 cam,TOOLS,1.0,1,24.0,50,Free,0.0,Everyone,Tools,"March 27, 2018",3.1,2.2 and up
8876,DT Freight,PRODUCTIVITY,,0,54.0,1,Free,0.0,Everyone,Productivity,"November 29, 2017",8,4.0.3 and up
8877,Johor DT Lock Screen,PERSONALIZATION,,13,3.9,1000,Free,0.0,Everyone,Personalization,"January 17, 2018",1.1,4.0.3 and up
8881,DT NO.I,HEALTH_AND_FITNESS,2.4,44,49.0,1000,Free,0.0,Everyone,Health & Fitness,"August 1, 2018",V1.0.1,4.3 and up
8882,DT Technologies,SHOPPING,,0,1.3,10,Free,0.0,Everyone,Shopping,"June 7, 2018",1.1,4.4 and up
8883,DTPay,SHOPPING,4.5,18,1.0,1000,Free,0.0,Everyone,Shopping,"July 11, 2018",0.8.2,4.0 and up
8884,"""i DT"" Fútbol. Todos Somos Técnicos.",SPORTS,,27,3.6,500,Free,0.0,Everyone,Sports,"October 7, 2017",0.22,4.1 and up
8885,MasterDT,SPORTS,,24,4.1,100,Free,0.0,Everyone,Sports,"June 30, 2018",4.1,4.0.3 and up
8888,Spring flowers theme couleurs d t space,ART_AND_DESIGN,5.0,1,2.9,100,Free,0.0,Everyone,Art & Design,"April 18, 2018",1.0.2,4.0 and up
8889,Soccer Board Tactics,SPORTS,4.1,6231,8.9,100000,Free,0.0,Everyone,Sports,"February 9, 2018",10.36,4.2 and up
8891,senior easy phone,PERSONALIZATION,3.9,168,2.1,50000,Free,0.0,Teen,Personalization,"March 27, 2015",1,2.3 and up
8892,dt.se,NEWS_AND_MAGAZINES,3.1,124,12.0,10000,Free,0.0,Everyone,News & Magazines,"June 29, 2018",4.9.0,4.1 and up
8893,WhatsVPN - Unlimited Free VPN,TOOLS,4.7,24985,7.8,500000,Free,0.0,Everyone,Tools,"July 27, 2018",2.2.927,4.1 and up
8895,du app,LIFESTYLE,3.5,7578,25.0,1000000,Free,0.0,Everyone,Lifestyle,"July 24, 2018",3.98,4.2 and up
8899,DU Launcher - Boost Your Phone,PERSONALIZATION,4.5,67707,4.8,1000000,Free,0.0,Everyone,Personalization,"February 7, 2016",1.8.0.4,4.0 and up
8900,DU Security,TOOLS,4.4,4847,3.2,100000,Free,0.0,Everyone,Tools,"June 29, 2016",3.0.0.2071,4.0 and up
8903,DU Browser Mini(Small&Fast),TOOLS,4.2,20941,2.0,1000000,Free,0.0,Everyone,Tools,"December 23, 2016",1.12.23,4.0 and up
8905,Lock Screen - DU Locker & Lock screen wallpaper,TOOLS,4.5,5174,4.7,100000,Free,0.0,Everyone,Tools,"April 26, 2018",2.0.0,4.0 and up
8906,du View,FAMILY,3.8,935,22.0,50000,Free,0.0,Teen,Entertainment,"March 26, 2018",6.4.1,4.3 and up
8907,DU Emoji Keyboard（Simeji）,TOOLS,4.3,19234,14.0,500000,Free,0.0,Everyone,Tools,"February 23, 2017",3.1.3,4.0.3 and up
8908,"DU GIF Maker: GIF Maker, Video to GIF & GIF Editor",PHOTOGRAPHY,4.6,7605,4.3,500000,Free,0.0,Everyone,Photography,"April 10, 2018",1.2.2.2,4.3 and up
8910,Upgrade for Android DU Master,TOOLS,3.6,12993,5.2,1000000,Free,0.0,Everyone,Tools,"January 9, 2017",1.3.0,2.3.3 and up
8911,Modern: DU Launcher Theme,PERSONALIZATION,4.2,868,0.3,50000,Free,0.0,Everyone,Personalization,"October 15, 2015",1.1,4.0 and up
8913,Night: DU Launcher Theme,PERSONALIZATION,4.3,1419,0.5,50000,Free,0.0,Everyone,Personalization,"October 15, 2015",1.1,4.0 and up
8914,DU Collage Maker - Photo Collage & Grid & Layout,PHOTOGRAPHY,4.7,4595,2.5,100000,Free,0.0,Everyone,Photography,"September 4, 2017",1.4.0,4.0 and up
8915,Du Chinese – Mandarin Lessons,FAMILY,4.8,3390,9.2,100000,Free,0.0,Everyone,Education,"October 3, 2017",1.5.0,4.1 and up
8916,Portes du Soleil,SPORTS,3.1,500,39.0,50000,Free,0.0,Everyone,Sports,"February 16, 2018",10.012,4.1 and up
8919,Bible du Semeur-BDS (French),BOOKS_AND_REFERENCE,4.5,313,6.9,50000,Free,0.0,Everyone,Books & Reference,"August 4, 2018",0.7,1.0 and up
8920,La citadelle du musulman,BOOKS_AND_REFERENCE,4.5,314,9.8,50000,Free,0.0,Everyone,Books & Reference,"March 17, 2016",2.1,2.3.3 and up
8921,Voyance du pyromancien,FAMILY,,22,16.0,5000,Free,0.0,Everyone,Entertainment,"July 13, 2018",1.0.3,4.1 and up
8923,Citation du Jour - Motivation,FAMILY,4.1,321,0.9,100000,Free,0.0,Everyone,Education,"February 14, 2015",1,2.2 and up
8924,La Poupée du Voyant,FAMILY,4.4,265,8.2,50000,Free,0.0,Everyone,Entertainment,"January 6, 2017",1.0.0,4.1 and up
8928,Proverbes du monde,FAMILY,,38,2.8,10000,Free,0.0,Everyone,Entertainment,"March 12, 2018",1.1.2.0,1.6 and up
8930,iSmart DV,VIDEO_PLAYERS,3.6,5692,31.0,1000000,Free,0.0,Everyone,Video Players & Editors,"July 27, 2018",R1.4.14.B1.4,4.1 and up
8931,dv Prompter,VIDEO_PLAYERS,3.7,321,1.3,50000,Free,0.0,Everyone,Video Players & Editors,"March 14, 2017",1.2.9,4.2 and up
8932,Sports DV,LIFESTYLE,2.1,86,29.0,10000,Free,0.0,Everyone,Lifestyle,"July 17, 2018",3.0.3,4.3 and up
8933,Live DV,PHOTOGRAPHY,2.0,16,17.0,1000,Free,0.0,Everyone,Photography,"May 9, 2018",1.0.6,4.4 and up
8934,Mini DV,AUTO_AND_VEHICLES,3.5,12,19.0,5000,Free,0.0,Everyone,Auto & Vehicles,"May 29, 2018",1.27,4.0 and up
8935,DV-2019 Results,FAMILY,4.3,158,2.6,10000,Free,0.0,Everyone,Entertainment,"June 14, 2018",17,4.0 and up
8937,DV-LOTTERY 2019 REGISTRATION,FAMILY,4.5,97,2.6,10000,Free,0.0,Everyone,Entertainment,"January 20, 2018",3,4.0 and up
8938,Selfie DV,TOOLS,2.8,29,14.0,1000,Free,0.0,Everyone,Tools,"April 24, 2017",2.3.26,4.0.3 and up
8939,DV-4036 by Somikon,PHOTOGRAPHY,,17,44.0,1000,Free,0.0,Everyone,Photography,"January 19, 2017",0.0.5,4.3 and up
8940,DV 2019 Entry Guide,BOOKS_AND_REFERENCE,4.5,92,5.1,10000,Free,0.0,Everyone,Books & Reference,"October 18, 2017",2.0.0,4.1 and up
8941,Touch DV,PHOTOGRAPHY,,1,11.0,50,Free,0.0,Everyone,Photography,"July 7, 2017",10.4,4.2 and up
8942,Porch DV,HOUSE_AND_HOME,2.8,5,13.0,1000,Free,0.0,Everyone,House & Home,"June 2, 2018",1,4.1 and up
8943,DV 2019 - EDV Photo & Form,BOOKS_AND_REFERENCE,3.9,314,2.6,50000,Free,0.0,Everyone,Books & Reference,"October 24, 2016",6.0.0,4.0.3 and up
8945,XDV,PHOTOGRAPHY,3.1,6827,8.7,1000000,Free,0.0,Everyone,Photography,"April 20, 2018",1.9.5,2.3 and up
8946,WiFi Action Camera,SPORTS,2.4,551,0.9,100000,Free,0.0,Everyone,Sports,"March 13, 2014",1.4,4.0 and up
8947,DV Car Service,MAPS_AND_NAVIGATION,4.6,10,25.0,100,Free,0.0,Everyone,Maps & Navigation,"August 9, 2017",1.002,4.0.3 and up
8948,DV Lottery Photo,VIDEO_PLAYERS,2.9,23,4.0,5000,Free,0.0,Everyone,Video Players & Editors,"December 16, 2016",1.1,3.0 and up
8949,DV Lottery Photo Tool,PHOTOGRAPHY,4.0,223,1.7,50000,Free,0.0,Everyone,Photography,"October 28, 2017",1.06,4.2 and up
8951,DV KING 4K,PHOTOGRAPHY,2.3,3,8.5,100,Free,0.0,Everyone,Photography,"July 17, 2018",1.0.10,4.0 and up
8952,Wifi Action Camera,PHOTOGRAPHY,2.9,118,26.0,50000,Free,0.0,Everyone,Photography,"July 24, 2018",1.3.5,4.0 and up
8953,US DV Lottery 2020 Apply,TRAVEL_AND_LOCAL,4.6,41,2.0,10000,Free,0.0,Everyone,Travel & Local,"January 14, 2018",1.02,4.0 and up
8954,DV-2019 PHOTO TOOL,FAMILY,4.3,21,2.5,1000,Free,0.0,Everyone,Entertainment,"January 20, 2018",5,4.0 and up
8955,DV ASSIST,FAMILY,5.0,1,18.0,100,Free,0.0,Everyone,Education,"August 2, 2018",1,4.4 and up
8956,4K Ultra Camera,PHOTOGRAPHY,4.2,382,2.9,100000,Free,0.0,Everyone,Photography,"July 30, 2018",39.272.12,2.2 and up
8957,DV Lottery Simulator,FAMILY,4.6,13,1.3,1000,Free,0.0,Everyone,Entertainment,"October 20, 2016",1.1,4.1 and up
8958,U.S.A DV Lottery Process,FAMILY,4.5,8,1.7,1000,Free,0.0,Everyone,Education,"March 12, 2017",1,4.1 and up
8959,DV Statistics,SOCIAL,4.2,6,2.7,100,Free,0.0,Everyone,Social,"October 8, 2015",1.2,4.0.3 and up
8960,DV 2018 Winners Guide,BOOKS_AND_REFERENCE,4.8,11,0.6,1000,Free,0.0,Everyone,Books & Reference,"July 23, 2017",1.09,4.2 and up
8961,MelifeCam-M,VIDEO_PLAYERS,3.5,81,22.0,10000,Free,0.0,Everyone,Video Players & Editors,"July 21, 2016",R1.3.21.3,4.1 and up
8962,DV-2019 UK/British,FAMILY,4.6,166,4.2,5000,Free,0.0,Everyone,Entertainment,"March 11, 2018",3,4.0 and up
8963,GoPlus Cam,VIDEO_PLAYERS,3.5,3484,41.0,500000,Free,0.0,Everyone,Video Players & Editors,"December 18, 2017",3.0.1,4.0.3 and up
8965,DV Portfolio,TOOLS,,0,16.0,50,Free,0.0,Everyone,Tools,"October 23, 2017",1,4.1 and up
8966,DV Youth,LIFESTYLE,5.0,5,15.0,100,Free,0.0,Everyone,Lifestyle,"April 25, 2016",1.2,4.0.3 and up
8967,DV KING,PHOTOGRAPHY,3.0,2,9.3,100,Free,0.0,Everyone,Photography,"September 19, 2017",1.0.0,2.2 and up
8968,DV - Digito Verificador,TOOLS,,2,4.2,500,Free,0.0,Everyone,Tools,"March 2, 2017",1,4.0 and up
8969,DV Web Design Tips,PRODUCTIVITY,,1,5.1,10,Free,0.0,Teen,Productivity,"October 26, 2017",1.0.0,4.1 and up
8970,DENVER ACTION CAM 3,PHOTOGRAPHY,2.9,66,8.9,10000,Free,0.0,Everyone,Photography,"November 16, 2016",1.0.2,2.2 and up
8971,4K VIDEO PLAYER ULTRA HD,VIDEO_PLAYERS,3.7,20,24.0,5000,Free,0.0,Everyone,Video Players & Editors,"May 1, 2017",7,2.3.3 and up
8972,US DV Lottery 2019,TRAVEL_AND_LOCAL,4.6,14,4.0,1000,Free,0.0,Everyone,Travel & Local,"April 12, 2018",1,4.0 and up
8974,Hotel Insanity,GAME,4.2,3816,31.0,100000,Free,0.0,Teen,Arcade,"July 7, 2016",1,3.0 and up
8975,SportCAM,TOOLS,3.2,427,9.5,100000,Free,0.0,Everyone,Tools,"May 4, 2018",1.7.6,2.2 and up
8976,SportLook,PHOTOGRAPHY,2.5,1283,8.2,100000,Free,0.0,Everyone,Photography,"June 21, 2018",1.2.7,4.1 and up
8977,DW - Breaking World News,NEWS_AND_MAGAZINES,4.4,17671,17.0,1000000,Free,0.0,Everyone 10+,News & Magazines,"August 6, 2018",2.3.10,4.2 and up
8978,"DW Learn German - A1, A2, B1 and placement test",FAMILY,4.3,902,1.8,100000,Free,0.0,Everyone,Education,"September 28, 2017",1,4.4 and up
8980,DW Spectrum™ IPVMS Mobile,BUSINESS,4.0,44,30.0,10000,Free,0.0,Everyone,Business,"June 19, 2018",18.1.18164,4.1 and up
8981,DW Amharic by AudioNow Digital,NEWS_AND_MAGAZINES,4.5,322,31.0,10000,Free,0.0,Everyone,News & Magazines,"June 26, 2018",4.0.9,4.1 and up
8982,DW VMAX,TOOLS,3.4,843,8.5,100000,Free,0.0,Everyone,Tools,"May 4, 2017",3.7.1,2.2 and up
8983,News: DW Español,NEWS_AND_MAGAZINES,4.3,25,6.3,1000,Free,0.0,Everyone,News & Magazines,"April 26, 2018",1,4.1 and up
8984,DW Contacts & Phone & Dialer,COMMUNICATION,4.3,21186,10.0,1000000,Free,0.0,Everyone,Communication,"August 4, 2018",Varies with device,Varies with device
8985,DW,NEWS_AND_MAGAZINES,,0,4.8,10000,Free,0.0,Everyone 10+,News & Magazines,"July 13, 2018",1.0.5,5.0 and up
8986,DW Arabic By dw-arab.com,NEWS_AND_MAGAZINES,4.3,386,6.0,50000,Free,0.0,Everyone,News & Magazines,"October 27, 2017",3.2,4.1 and up
8987,DW Espanol,NEWS_AND_MAGAZINES,,0,5.8,100,Free,0.0,Everyone,News & Magazines,"June 5, 2018",1,4.2 and up
8988,News :DW Bangali,NEWS_AND_MAGAZINES,,1,6.3,10,Free,0.0,Everyone,News & Magazines,"July 2, 2018",1,4.1 and up
8990,News: DW Hausa,NEWS_AND_MAGAZINES,4.9,9,6.3,1000,Free,0.0,Everyone,News & Magazines,"April 26, 2018",1,4.1 and up
8991,DW Spectrum™ IP VMS,BUSINESS,3.4,102,2.4,10000,Free,0.0,Everyone,Business,"April 14, 2016",2.5.0-prod,2.2 and up
8992,DW Audio,FAMILY,4.9,38,5.0,1000,Free,0.0,Everyone,Education,"June 16, 2017",0.9.0,4.1 and up
8994,DW فارسی By dw-arab.com,NEWS_AND_MAGAZINES,4.7,11,4.4,1000,Free,0.0,Everyone,News & Magazines,"March 26, 2017",1.0.0,4.1 and up
8995,German Listening,FAMILY,4.8,18298,8.0,500000,Free,0.0,Everyone,Education,"July 23, 2018",2.94,2.3.3 and up
8997,DW Event,EVENTS,4.3,9,39.0,1000,Free,0.0,Everyone,Events,"May 29, 2018",2.32.2,4.1 and up
8998,DW Witness,BUSINESS,4.0,6,3.5,500,Free,0.0,Everyone,Business,"May 14, 2018",1.1.2,5.0 and up
8999,Fahrschule DW,FAMILY,,5,3.9,1000,Free,0.0,Everyone,Education,"April 19, 2016",1.2,2.2 and up
9000,Downvids Helper - One touch DW,VIDEO_PLAYERS,3.5,197,9.8,10000,Free,0.0,Everyone,Video Players & Editors,"February 5, 2017",1,4.0.3 and up
9001,DW Tech Tools,BUSINESS,,1,5.9,100,Free,0.0,Everyone,Business,"July 24, 2018",26.1,4.1 and up
9002,DW Security,BUSINESS,5.0,6,15.0,100,Free,0.0,Everyone,Business,"July 25, 2018",69.1,4.1 and up
9003,News: RFI Hausa,NEWS_AND_MAGAZINES,4.7,10,6.3,1000,Free,0.0,Everyone,News & Magazines,"April 28, 2018",1,4.1 and up
9004,ZAK DW,BUSINESS,,0,3.0,10,Free,0.0,Teen,Business,"November 13, 2015",1,4.1 and up
9005,DW Contacts Wear,TOOLS,4.2,37,2.2,5000,Free,0.0,Everyone,Tools,"March 9, 2015",0.0.0.2,4.0 and up
9006,Hausa Radio,NEWS_AND_MAGAZINES,4.4,3375,4.2,100000,Free,0.0,Everyone,News & Magazines,"July 31, 2018",4.1,4.1 and up
9007,Digi Dex for DW Next Order @PS4,TOOLS,4.2,155,16.0,10000,Free,0.0,Everyone,Tools,"February 24, 2018",1.3,5.0 and up
9008,DW Timer,TOOLS,5.0,9,1.5,100,Free,0.0,Everyone,Tools,"April 5, 2017",1,1.6 and up
9011,VMAX IP Plus Mobile Client,BUSINESS,2.0,9,3.4,1000,Free,0.0,Everyone,Business,"June 9, 2017",1.1.12,2.3 and up
9012,Rose Gold DW Watch Theme,PERSONALIZATION,,1,3.3,100,Free,0.0,Everyone,Personalization,"July 25, 2018",1.1.1,4.0 and up
9013,DW Maps,TRAVEL_AND_LOCAL,3.7,35,13.0,10000,Free,0.0,Everyone,Travel & Local,"June 6, 2017",1.9,2.3.3 and up
9014,DW Uninstall Applications,TOOLS,,0,2.5,10,Free,0.0,Everyone,Tools,"February 5, 2017",1,2.3 and up
9015,Bodyworks DW,HEALTH_AND_FITNESS,,0,10.0,10,Free,0.0,Everyone,Health & Fitness,"July 9, 2018",4.2.2,4.1 and up
9016,DW Cleaner,TOOLS,,7,3.0,500,Free,0.0,Everyone,Tools,"August 5, 2018",1.7,4.0 and up
9017,DW Missed call cleaner patch,TOOLS,3.9,65,0.1,5000,Free,0.0,Everyone,Tools,"November 27, 2014",1.4,2.0 and up
9018,Swahili Radio,NEWS_AND_MAGAZINES,4.5,171,4.8,10000,Free,0.0,Everyone,News & Magazines,"May 30, 2018",3,4.0 and up
9019,Black Classic DW Watch Theme,PERSONALIZATION,,1,2.9,100,Free,0.0,Everyone,Personalization,"July 25, 2018",1.1.1,4.0 and up
9020,White Classic Petite Watch Theme for DW,LIFESTYLE,,2,3.0,500,Free,0.0,Everyone,Lifestyle,"July 24, 2018",1.1.1,4.0 and up
9021,D.W Bien Être,HEALTH_AND_FITNESS,,0,40.0,10,Free,0.0,Everyone,Health & Fitness,"April 6, 2016",1,2.3 and up
9022,DX,SHOPPING,3.1,6697,11.0,500000,Free,0.0,Everyone,Shopping,"February 1, 2018",4.2.1,4.0 and up
9023,Direct Express®,FINANCE,4.5,6156,6.6,500000,Free,0.0,Everyone,Finance,"May 9, 2017",1.0.10,4.0 and up
9027,Across Age DX,FAMILY,3.8,5964,48.0,500000,Free,0.0,Teen,Role Playing,"January 9, 2015",1.1.0,2.2 and up
9029,Ham DX Cluster & Spots Finder,COMMUNICATION,4.5,115,2.8,5000,Free,0.0,Everyone,Communication,"July 15, 2016",1.4.4,4.1 and up
9031,DX Alerts,LIFESTYLE,4.5,22,23.0,1000,Free,0.0,Everyone,Lifestyle,"July 19, 2016",2,4.0.3 and up
9032,Piczle Lines DX,FAMILY,4.6,281,26.0,5000,Free,0.0,Everyone,Puzzle,"April 15, 2018",1.4.6,4.0 and up
9033,PORTABLE SOCCER DX Lite,SPORTS,4.2,15068,2.5,1000000,Free,0.0,Everyone,Sports,"June 19, 2018",3.4,2.3 and up
9034,DX Spots Free,TOOLS,4.5,46,24.0,1000,Free,0.0,Everyone,Tools,"May 18, 2018",2.0.402,4.1 and up
9035,3DAnimeGirl DX DreamPortrait KAWAII Girl DressUp,FAMILY,4.2,449,56.0,10000,Free,0.0,Teen,Casual,"February 16, 2018",1.5,4.0 and up
9036,Bubble Shooter DX,FAMILY,4.2,636,4.0,100000,Free,0.0,Everyone,Casual,"June 21, 2018",1.21,4.0.3 and up
9037,DX Alert,TOOLS,4.1,27,2.5,1000,Free,0.0,Everyone,Tools,"April 28, 2016",1.131,3.2 and up
9038,Age of Procreation DX,FAMILY,4.3,1894,40.0,100000,Free,0.0,Mature 17+,Simulation,"April 22, 2016",1.441,2.3 and up
9040,DX Simulation for OOO Dx Belt,FAMILY,4.6,67,31.0,10000,Free,0.0,Everyone,Simulation,"August 4, 2018",1.7,4.1 and up
9042,Tricky Bike Stunt Rider DX,FAMILY,4.4,16,45.0,500,Free,0.0,Everyone,Simulation;Education,"July 29, 2018",1.1.1,4.0 and up
9043,DX Gashacon Sword for Ex-Aid Henshin,FAMILY,,17,42.0,1000,Free,0.0,Everyone,Simulation,"July 14, 2018",1,4.1 and up
9044,DX Simulation Belt for Build henshin,FAMILY,4.5,182,39.0,10000,Free,0.0,Everyone,Simulation,"July 11, 2018",2,4.1 and up
9046,DX Simulation for Kabuto Henshin Belt 2018,FAMILY,4.6,14,7.2,5000,Free,0.0,Everyone,Simulation,"August 6, 2018",1.5,4.0.3 and up
9047,DX Simulation for Decade Henshin Belt 2018,FAMILY,,23,10.0,5000,Free,0.0,Everyone,Simulation,"August 6, 2018",1.6,4.0 and up
9048,Elemental Galaxy Dx - Match3,FAMILY,4.0,127,14.0,10000,Free,0.0,Everyone,Puzzle,"March 11, 2014",1.0.9,2.2 and up
9049,DX Simulation for Double Dx Henshin Belt 2018,FAMILY,4.6,33,11.0,5000,Free,0.0,Everyone,Simulation,"August 6, 2018",1.5,4.0.3 and up
9050,Mircules DX Cluster Lite,COMMUNICATION,4.5,51,21.0,5000,Free,0.0,Everyone,Communication,"May 10, 2016",3,4.1 and up
9051,DX Simulation Belt for Decade henshin,FAMILY,4.5,64,32.0,5000,Free,0.0,Everyone,Simulation,"July 27, 2018",3,4.1 and up
9052,Chronolink DX Lite,FAMILY,,2,47.0,10,Free,0.0,Everyone,Puzzle,"October 9, 2017",1,4.1 and up
9055,Human Dx,MEDICAL,4.8,6,16.0,500,Free,0.0,Everyone,Medical,"August 4, 2018",Human Dx,6.0 and up
9059,MBU DX Cluster,TOOLS,4.0,5,1.6,500,Free,0.0,Everyone,Tools,"June 16, 2015",0.0.1,2.3.3 and up
9061,Cloud DX Connected Health,HEALTH_AND_FITNESS,5.0,6,11.0,100,Free,0.0,Everyone,Health & Fitness,"July 19, 2017",1.7.10713 (281),4.4 and up
9062,DX Simulation for X-aid Dx Belt,FAMILY,4.0,35,48.0,5000,Free,0.0,Everyone,Simulation,"August 4, 2018",1.6,4.1 and up
9067,Dx Ludo,FAMILY,3.6,215,2.6,50000,Free,0.0,Everyone,Puzzle,"April 18, 2011",1,2.1 and up
9068,My Dy Dice - 3D Dice Roller,LIFESTYLE,4.2,9,22.0,100,Free,0.0,Everyone,Lifestyle,"September 20, 2016",1.01,4.1 and up
9069,Dy So Exam,FAMILY,3.0,6,3.2,1000,Free,0.0,Everyone,Education,"July 3, 2017",1,2.3 and up
9071,Dr. D. Y. Patil Vidyapeeth GBS,FAMILY,4.0,3,5.3,100,Free,0.0,Everyone,Education,"February 14, 2017",1.0.1702140017,4.1 and up
9072,edp re:dy smarthome,TOOLS,3.4,30,22.0,5000,Free,0.0,Everyone,Tools,"June 7, 2017",1.2.2,4.1 and up
9073,KPS CHAUHAN DY/DX,FAMILY,4.9,37,10.0,100,Free,0.0,Everyone,Education,"July 28, 2018",1.0.32.1,4.1 and up
9074,DY Fitness,HEALTH_AND_FITNESS,,0,43.0,10,Free,0.0,Everyone,Health & Fitness,"August 6, 2018",4.4.1,4.1 and up
9075,dy n fly,LIFESTYLE,,1,4.8,50,Free,0.0,Everyone,Lifestyle,"March 5, 2018",1.0.3,4.0 and up
9076,Cnady Selfie : You Can Dy Snap Camera,PERSONALIZATION,,8,20.0,1000,Free,0.0,Everyone,Personalization,"January 6, 2018",2.6,4.1 and up
9077,junainfo.dy.fi,TRAVEL_AND_LOCAL,,8,1.9,100,Free,0.0,Everyone,Travel & Local,"October 21, 2015",0.0.9,4.0 and up
9078,DY TECHNICAL GYAN,BUSINESS,4.0,2,3.3,10,Free,0.0,Everyone,Business,"January 17, 2018",1.1.0,4.0 and up
9079,JONACK (D Story Teller),FAMILY,4.4,152,1.2,10000,Free,0.0,Everyone,Entertainment,"November 28, 2015",1,2.2 and up
9080,American Sniper City Fight Shooting Assassin,GAME,4.1,395,54.0,50000,Free,0.0,Teen,Action,"November 24, 2017",1.4,2.3 and up
9081,Guardians of Ancora,FAMILY,4.4,969,26.0,50000,Free,0.0,Everyone,Educational;Action & Adventure,"July 20, 2018",2.9.1,2.3.3 and up
9084,Cute Dolphin Keyboard,PERSONALIZATION,4.5,237,6.4,10000,Free,0.0,Everyone,Personalization,"July 30, 2018",1.279.13.93,4.0.3 and up
9085,Truck Transport Raw Material,FAMILY,4.2,632,50.0,100000,Free,0.0,Everyone,Simulation,"July 20, 2018",1.4,4.1 and up
9086,Hidden Camera Detector,TOOLS,3.9,167,2.5,10000,Free,0.0,Everyone,Tools,"November 8, 2017",1,4.0.3 and up
9087,DYPhyzio-Physiology Forum,FAMILY,,4,1.3,100,Free,0.0,Everyone,Education,"August 22, 2017",1.1,4.1 and up
9089,DYPSOET,FAMILY,5.0,8,7.4,50,Free,0.0,Everyone,Education,"August 7, 2018",1.0.2,4.1 and up
9090,Triceratops - Dino Robot,FAMILY,4.4,3032,30.0,1000000,Free,0.0,Everyone,Casual,"December 18, 2017",1.2.3,4.0 and up
9091,Differential Equations Steps,FAMILY,3.6,1185,3.9,100000,Free,0.0,Everyone,Education,"April 11, 2017",5.3.0,4.0.3 and up
9092,Dz Dinars Numbers to letters,PRODUCTIVITY,4.7,2807,9.8,100000,Free,0.0,Everyone,Productivity,"December 15, 2016",0.74 11.12.2016,4.0.3 and up
9093,dz NEWS Algerie,NEWS_AND_MAGAZINES,4.2,2318,4.5,100000,Free,0.0,Everyone,News & Magazines,"December 13, 2014",2.3,2.3 and up
9094,Siyaha Dz,TRAVEL_AND_LOCAL,4.5,289,9.8,10000,Free,0.0,Everyone,Travel & Local,"March 13, 2018",2.6.3,4.2 and up
9095,CCP DZ : Fill out a check | Number in letters DZD,FINANCE,4.7,642,3.2,10000,Free,0.0,Everyone,Finance,"April 27, 2018",2018-04-27,4.0 and up
9097,DZ Mobile Market,SHOPPING,,59,6.0,10000,Free,0.0,Everyone,Shopping,"February 1, 2018",1.0.3-DzMobile,4.0.3 and up
9098,3G DZ Configuration,COMMUNICATION,4.3,488,2.5,50000,Free,0.0,Everyone,Communication,"November 19, 2015",6.2.3,3.0 and up
9099,3G/4G Config Dz,TOOLS,4.2,2058,2.3,100000,Free,0.0,Everyone,Tools,"May 15, 2017",3.0.2,4.0 and up
9102,IRIS : Customer Service - DZ Algeria,TRAVEL_AND_LOCAL,4.7,57,7.0,1000,Free,0.0,Everyone,Travel & Local,"March 10, 2018",2018-03,4.0 and up
9103,Numbers Into Words,PRODUCTIVITY,4.4,457,0.6,50000,Free,0.0,Everyone,Productivity,"May 6, 2014",1.2,2.1 and up
9105,Météo Algérie DZ,WEATHER,4.1,1238,4.7,100000,Free,0.0,Everyone,Weather,"December 17, 2014",1.1.6,2.3 and up
9106,DZ Popup Video Player,VIDEO_PLAYERS,4.5,83,4.5,5000,Free,0.0,Everyone,Video Players & Editors,"May 16, 2018",4.6,4.1 and up
9107,DZ PROMOS - Promotions & Sale Alerts in Algeria,SHOPPING,4.1,331,10.0,50000,Free,0.0,Everyone,Shopping,"August 10, 2017",2.51,4.0.3 and up
9108,JNews DZ - Algerian Newspapers,NEWS_AND_MAGAZINES,4.0,146,3.0,10000,Free,0.0,Everyone,News & Magazines,"July 16, 2016",2.4,2.3 and up
9109,DZ-JOKER,GAME,,6,18.0,100,Free,0.0,Everyone,Arcade,"May 4, 2017",1,2.3 and up
9110,Super ball DZ,GAME,,24,32.0,1000,Free,0.0,Teen,Action,"September 21, 2017",1.0.4,4.1 and up
9111,Ouedkniss,SHOPPING,4.3,10355,0.8,1000000,Free,0.0,Teen,Shopping,"June 19, 2018",1.5.1,4.0 and up
9112,Files To SD Card Pro,TOOLS,4.2,994,2.8,100000,Free,0.0,Everyone,Tools,"May 18, 2018",6.0.0,5.0 and up
9113,News Dz,SOCIAL,,3,9.9,10,Free,0.0,Everyone,Social,"July 19, 2017",1,4.0 and up
9114,My Ooredoo Algeria,TOOLS,4.2,3606,17.0,100000,Free,0.0,Everyone,Tools,"June 24, 2018",1.22.1,4.4 and up
9115,Currency Exchange DZ,FINANCE,,4,2.5,1000,Free,0.0,Everyone,Finance,"November 10, 2016",1,2.3 and up
9116,PHARMAGUIDE (DZ),HEALTH_AND_FITNESS,4.1,131,3.4,5000,Free,0.0,Everyone,Health & Fitness,"April 1, 2016",1.06,1.6 and up
9117,لعبة تقدر تربح DZ,FAMILY,4.2,238,6.8,10000,Free,0.0,Everyone,Education,"November 18, 2016",6.0.0.0,4.1 and up
9118,DEM DZ,HEALTH_AND_FITNESS,,2,1.0,100,Free,0.0,Teen,Health & Fitness,"November 13, 2017",1,2.3.3 and up
9119,chat dz,COMMUNICATION,5.0,8,29.0,100,Free,0.0,Teen,Communication,"March 14, 2018",1,4.1 and up
9120,Devise Dz,FINANCE,4.0,26,3.6,1000,Free,0.0,Everyone,Finance,"May 29, 2017",1.0.0,4.0 and up
9122,Ludo Dz,GAME,4.5,17,28.0,500,Free,0.0,Everyone,Board,"August 27, 2017",1,4.1 and up
9123,ONEC DZ,FAMILY,,40,3.1,1000,Free,0.0,Everyone,Education,"June 13, 2018",4,4.0.3 and up
9124,Agent HQ for The Division,FAMILY,4.1,1060,2.5,100000,Free,0.0,Everyone,Entertainment,"February 17, 2018",0.35,4.0.3 and up
9125,DZ Urgences,FAMILY,,16,1.6,500,Free,0.0,Everyone,Education,"December 21, 2016",2,4.0 and up
9126,infirmiers,MEDICAL,4.7,125,23.0,10000,Free,0.0,Everyone,Medical,"June 7, 2018",12,4.0.3 and up
9127,DZ sim,TOOLS,4.4,417,15.0,10000,Free,0.0,Everyone,Tools,"April 26, 2018",3,4.2 and up
9128,Tuberculose Dz,MEDICAL,4.9,26,6.1,1000,Free,0.0,Everyone,Medical,"November 6, 2016",1.0.7,4.1 and up
9129,DZ Fly Algérie Horaire Vols,TRAVEL_AND_LOCAL,3.6,114,10.0,10000,Free,0.0,Everyone,Travel & Local,"October 31, 2016",2,4.0 and up
9130,3G to 4G Converter - Simulator,TOOLS,4.2,268,2.4,10000,Free,0.0,Everyone,Tools,"February 21, 2018",3.0.0,4.1 and up
9131,dekoreko-dz,SHOPPING,,16,4.6,500,Free,0.0,Everyone,Shopping,"March 3, 2018",1.0.0,4.0.3 and up
9132,ChangeDA - Cours du DZD sur le marché parallèle,FINANCE,4.4,188,3.3,10000,Free,0.0,Everyone,Finance,"July 28, 2018",2.5,4.2 and up
9133,dz press,NEWS_AND_MAGAZINES,,30,10.0,1000,Free,0.0,Everyone,News & Magazines,"July 30, 2015",1.8,4.0 and up
9134,Tunisian Dinar: Exchange rate,FINANCE,4.5,625,3.8,10000,Free,0.0,Everyone,Finance,"March 30, 2018",2.1,4.0 and up
9135,love sms good morning,COMMUNICATION,4.2,10,3.1,5000,Free,0.0,Everyone,Communication,"April 28, 2016",1,2.3 and up
9136,Dz Camera,TOOLS,,1,33.0,10,Free,0.0,Everyone,Tools,"November 19, 2017",1,4.3 and up
9137,quran-DZ,SOCIAL,,0,6.2,10,Free,0.0,Teen,Social,"June 13, 2018",1.1,4.2 and up
9138,DZ Blagues,FAMILY,4.2,580,2.1,10000,Free,0.0,Everyone,Entertainment,"December 19, 2012",1.3,2.1 and up
9139,DZ Register,PRODUCTIVITY,,0,18.0,1,Free,0.0,Everyone,Productivity,"July 31, 2018",1.0.6,4.1 and up
9150,Dungeon Keeper,FAMILY,4.0,69574,45.0,500000,Free,0.0,Everyone 10+,Strategy,"May 24, 2018",1.8.91,4.1 and up
9155,EA Plus,TRAVEL_AND_LOCAL,2.5,12,12.0,1000,Free,0.0,Everyone,Travel & Local,"November 3, 2017",1.4,4.0.3 and up
9157,POGO Games,FAMILY,3.8,32600,26.0,1000000,Free,0.0,Everyone,Casual,"February 22, 2017",1.4.10,4.1 and up
9161,Heroes of Dragon Age,GAME,4.2,70389,28.0,1000000,Free,0.0,Teen,Action,"May 9, 2018",5.3.1,2.3.3 and up
9169,Mirror’s Edge™ Companion,GAME,3.4,1995,43.0,100000,Free,0.0,Everyone,Action,"June 28, 2016",1.2.2,4.4 and up
9172,Gear.Club - True Racing,GAME,4.4,140658,37.0,1000000,Free,0.0,Everyone,Racing,"August 1, 2018",1.21.2,4.3 and up
9173,Plants vs. Zombies™ Watch Face,FAMILY,3.5,33178,3.1,1000000,Free,0.0,Everyone,Casual,"February 2, 2015",1.0.5,4.3 and up
9175,Typical EA Game,FAMILY,4.6,33,3.3,100,Free,0.0,Everyone,Casual,"November 18, 2017",1,4.0 and up
9176,EB Mobile,FAMILY,1.7,1172,5.6,10000,Free,0.0,Everyone,Education,"October 9, 2017",1.1.2,4.1 and up
9177,EB Events,TRAVEL_AND_LOCAL,3.3,97,16.0,10000,Free,0.0,Everyone,Travel & Local,"January 27, 2016",1.6,4.0 and up
9178,i am EB,PHOTOGRAPHY,5.0,1,5.4,10,Free,0.0,Teen,Photography,"February 1, 2017",1,4.1 and up
9179,EB-Link,BUSINESS,4.8,6,11.0,100,Free,0.0,Everyone,Business,"June 7, 2018",1.2.7,4.2 and up
9180,Debra Care Conference,BUSINESS,,0,30.0,50,Free,0.0,Everyone,Business,"June 15, 2018",5.29.02,5.0 and up
9181,Exchange Bank - EB Mobile,FINANCE,4.6,8,31.0,1000,Free,0.0,Everyone,Finance,"May 2, 2018",18.1.79,5.0 and up
9182,TANGEDCO Mobile App (Official),BUSINESS,3.3,2915,3.3,500000,Free,0.0,Everyone,Business,"November 3, 2017",1.0.2,4.4 and up
9183,EB-TV,SPORTS,,6,30.0,1000,Free,0.0,Everyone,Sports,"May 25, 2018",2.2.1,4.4 and up
9184,Free E B Garamond Cool Font,PERSONALIZATION,4.2,410,6.1,100000,Free,0.0,Everyone,Personalization,"April 20, 2018",33,4.0.3 and up
9185,EB Kit,BUSINESS,,4,5.2,100,Free,0.0,Everyone,Business,"May 15, 2018",1.2,4.1 and up
9186,Epson iProjection,PRODUCTIVITY,3.5,3930,18.0,1000000,Free,0.0,Everyone,Productivity,"March 22, 2018",3.0.0,4.0 and up
9187,TN e Sevai TN EB Bill Patta Citta EC Birth All Hub,SOCIAL,3.7,23,16.0,5000,Free,0.0,Everyone,Social,"April 26, 2018",1,4.1 and up
9188,EB Scanner,PRODUCTIVITY,5.0,9,25.0,50,Free,0.0,Everyone,Productivity,"February 11, 2018",1.7.8,4.0.3 and up
9189,TNEB Bill Online Payment (Tamil),SOCIAL,,7,2.3,5000,Free,0.0,Teen,Social,"July 13, 2018",2,4.0.3 and up
9190,EB Demo for Android,FAMILY,,0,13.0,10,Free,0.0,Teen,Entertainment,"May 17, 2017",1,4.1 and up
9192,Mental Hospital:EB 2 Lite,GAME,4.1,5341,8.8,100000,Free,0.0,Teen,Action,"April 30, 2014",1,4.0 and up
9193,EB Annual Meetings,BOOKS_AND_REFERENCE,3.5,11,15.0,1000,Free,0.0,Everyone,Books & Reference,"April 13, 2018",9.4.7.6,4.0 and up
9194,UP EB Bill Payment & Details,SOCIAL,5.0,3,2.4,50,Free,0.0,Teen,Social,"July 11, 2018",2,4.0 and up
9196,Tamilnadu EB Online Payment,FINANCE,3.7,155,3.9,100000,Free,0.0,Everyone,Finance,"July 30, 2018",1.0.0,4.0.3 and up
9197,Online Kerala EB Bill Pay,FINANCE,4.0,37,3.9,5000,Free,0.0,Everyone,Finance,"November 16, 2017",1.0.0,4.0.3 and up
9198,EB Remote Deposit,BUSINESS,,0,9.0,10,Free,0.0,Everyone,Business,"May 10, 2018",5.1,4.1 and up
9199,EB-Chat – For my Events,EVENTS,,2,21.0,10,Free,0.0,Teen,Events,"November 16, 2017",1.4,3.0 and up
9200,বাংলাflix,FAMILY,4.2,1111,7.3,100000,Free,0.0,Everyone,Entertainment,"June 5, 2018",3.6.1,4.1 and up
9201,EB Experience,LIFESTYLE,,0,1.8,1,Free,0.0,Everyone,Lifestyle,"October 19, 2017",1,4.0.3 and up
9202,TNEB Quick Pay Easy,FINANCE,4.5,28,1.4,10000,Free,0.0,Teen,Finance,"January 29, 2018",1,3.0 and up
9203,TNEB,BUSINESS,3.8,1777,0.9,100000,Free,0.0,Everyone,Business,"May 18, 2014",1,2.2 and up
9204,TNEB Bill Checker / TNEB Bill Status,FINANCE,2.5,2,5.0,1000,Free,0.0,Everyone,Finance,"March 3, 2018",2,4.0.3 and up
9205,Skin Disease,BEAUTY,4.0,1,2.2,100,Free,0.0,Everyone,Beauty,"August 30, 2017",1,2.2 and up
9207,Bihar Land Records - RoR and EB Quick Pay,TOOLS,4.0,8,2.2,1000,Free,0.0,Everyone,Tools,"August 7, 2018",1.0.1,5.0 and up
9208,TNEB Reading,TOOLS,4.1,28,2.5,10000,Free,0.0,Everyone,Tools,"October 19, 2017",1.3,4.1 and up
9209,Eb & flow Yoga Studio,HEALTH_AND_FITNESS,,0,7.3,10,Free,0.0,Everyone,Health & Fitness,"July 9, 2018",4.2.2,4.1 and up
9212,Tamilnadu Electricity Info,TOOLS,3.6,216,0.8,10000,Free,0.0,Everyone,Tools,"November 9, 2014",2,1.0 and up
9213,Punjab Online - Land Records • EB Bill Pay • RC/DL,TOOLS,3.4,16,4.0,5000,Free,0.0,Everyone,Tools,"August 7, 2018",1,5.0 and up
9214,"energyly (TNEB,BESCOM,MH,DL..)",TOOLS,3.9,627,4.1,10000,Free,0.0,Everyone,Tools,"February 21, 2017",6,4.0 and up
9215,Paraglider Dashboard,SPORTS,4.6,549,2.8,50000,Free,0.0,Everyone,Sports,"March 3, 2018",2.1.4,4.0 and up
9217,Exército Brasileiro,PRODUCTIVITY,4.7,1730,16.0,100000,Free,0.0,Everyone,Productivity,"February 1, 2018",1.5,4.1 and up
9218,EB Cash Collections,BUSINESS,5.0,1,4.3,5,Free,0.0,Everyone,Business,"July 31, 2018",1.1,4.4 and up
9219,TN Electricity (TNEB),LIFESTYLE,3.9,73,3.8,10000,Free,0.0,Everyone,Lifestyle,"December 21, 2016",8,2.3 and up
9221,"Call Blocker - Blacklist, SMS Blocker",COMMUNICATION,4.2,30350,3.7,1000000,Free,0.0,Everyone,Communication,"January 16, 2018",10.0.0,4.1 and up
9223,EC - AP & Telangana,BOOKS_AND_REFERENCE,3.5,10,3.0,5000,Free,0.0,Everyone,Books & Reference,"November 10, 2017",1,4.0.3 and up
9224,TN EC Online New,SOCIAL,,7,2.3,1000,Free,0.0,Teen,Social,"July 21, 2018",2.1,4.0 and up
9225,"TN Patta, Chitta, EC",TOOLS,4.1,633,3.8,100000,Free,0.0,Everyone,Tools,"October 21, 2016",6.7,2.3 and up
9226,TN Patta Chitta EC Info,TOOLS,4.2,1611,2.7,100000,Free,0.0,Everyone,Tools,"August 6, 2018",5,4.4 and up
9228,EC Security,LIFESTYLE,4.5,13,28.0,1000,Free,0.0,Everyone,Lifestyle,"May 9, 2017",1.17.0.0,2.3.3 and up
9229,TN Patta Citta & EC,BOOKS_AND_REFERENCE,3.8,48,1.5,10000,Free,0.0,Everyone,Books & Reference,"March 27, 2018",1,3.0 and up
9230,EC - Encumbrance Search - telangana state,BUSINESS,3.4,45,5.5,10000,Free,0.0,Everyone,Business,"June 18, 2017",1,2.3 and up
9231,Ec Solutions Mobile,BUSINESS,,0,4.0,10,Free,0.0,Everyone,Business,"November 20, 2016",1.02,4.1 and up
9232,Encumbrance Certificate - (Obsolete),BUSINESS,3.9,184,0.0,50000,Free,0.0,Everyone,Business,"August 12, 2014",1.1,2.3 and up
9233,"My Handbook : EE, EC, EI, E&T, EEE, EECS",FAMILY,4.5,3776,7.7,100000,Free,0.0,Everyone,Education,"July 24, 2017",8.07.021,4.0 and up
9234,ec-Work,PRODUCTIVITY,,3,26.0,100,Free,0.0,Everyone,Productivity,"July 9, 2018",1.12,5.0 and up
9235,ec.tv,LIFESTYLE,,0,8.6,50,Free,0.0,Everyone,Lifestyle,"November 11, 2016",1,4.1 and up
9236,EC-HRV test,SPORTS,3.0,9,4.3,1000,Free,0.0,Everyone,Sports,"July 26, 2018",3.9.13,4.4 and up
9237,EC MANAGER,VIDEO_PLAYERS,,2,17.0,100,Free,0.0,Everyone,Video Players & Editors,"June 13, 2018",8.3.13.6,4.1 and up
9238,Barry EC,TOOLS,4.1,14,3.8,1000,Free,0.0,Everyone,Tools,"December 18, 2017",1.278.0037,2.3.3 and up
9239,New Holland Agriculture T5 EC,PRODUCTIVITY,4.6,12,15.0,1000,Free,0.0,Everyone,Productivity,"February 24, 2017",1.2,4.0.3 and up
9240,tv-ec,FAMILY,,1,3.4,50,Free,0.0,Everyone,Entertainment,"April 7, 2018",8.1,4.0.3 and up
9241,EC Taximeter,PRODUCTIVITY,3.9,162,5.0,10000,Free,0.0,Everyone,Productivity,"May 14, 2018",3.0.21,4.0 and up
9242,Walk Freely (Ec Shlire),TOOLS,4.7,62,2.3,1000,Free,0.0,Everyone,Tools,"November 13, 2017",1.1.3,4.1 and up
9243,EC Apps List,TOOLS,4.5,2,1.6,100,Free,0.0,Everyone,Tools,"February 12, 2015",1.3,4.0 and up
9244,AP Stamps and Registration,BOOKS_AND_REFERENCE,3.4,82,2.7,10000,Free,0.0,Everyone,Books & Reference,"March 27, 2018",2,3.0 and up
9245,EC Calgary,FAMILY,5.0,6,8.1,100,Free,0.0,Teen,Education,"June 26, 2018",3.8.0,4.1 and up
9246,Victoria EC,TOOLS,5.0,5,3.8,500,Free,0.0,Everyone,Tools,"March 30, 2018",1.283.0037,2.3.3 and up
9247,EC SPORTS,SPORTS,5.0,1,6.3,10,Free,0.0,Everyone,Sports,"May 26, 2015",4.1.1,2.3.3 and up
9248,ECナビ×シュフー,LIFESTYLE,4.0,576,7.4,50000,Free,0.0,Everyone,Lifestyle,"June 7, 2018",1.0.2,4.0 and up
9249,EC Designer 2.0,TOOLS,,0,12.0,50,Free,0.0,Everyone,Tools,"July 9, 2018",0.0.44,4.0 and up
9250,Arrayanes EC,LIFESTYLE,,2,7.9,100,Free,0.0,Everyone,Lifestyle,"June 27, 2018",3.5,4.4 and up
9251,EC Reps,BUSINESS,4.0,1,5.4,100,Free,0.0,Everyone,Business,"March 15, 2017",1.1,4.0 and up
9252,EC QR,PRODUCTIVITY,,0,4.0,10,Free,0.0,Everyone,Productivity,"July 24, 2018",1.0.2,4.1 and up
9253,EC Tax,FINANCE,4.9,8,3.1,500,Free,0.0,Everyone,Finance,"February 9, 2018",1.2,4.0.3 and up
9254,EC Fairgrounds,FAMILY,5.0,3,5.5,500,Free,0.0,Everyone,Entertainment,"July 13, 2018",erie1.3.23.42-release,4.4 and up
9255,CompactiMa EC pH Calibration,BOOKS_AND_REFERENCE,,0,8.4,100,Free,0.0,Everyone,Books & Reference,"December 22, 2016",1.1.2,4.1 and up
9256,Kiamichi EC,TOOLS,4.6,7,3.9,1000,Free,0.0,Everyone,Tools,"February 23, 2018",1.283.0037,2.3.3 and up
9257,EC Games Datecs,SPORTS,,76,0.3,10000,Free,0.0,Everyone,Sports,"February 12, 2016",4.4,2.1 and up
9258,TN Patta /Chitta /EC New,SOCIAL,4.8,5,3.0,100,Free,0.0,Teen,Social,"July 20, 2018",1,4.0 and up
9259,HOLSTON EC,TOOLS,4.1,7,4.2,1000,Free,0.0,Everyone,Tools,"January 23, 2018",1.278.0037,2.3.3 and up
9260,FILL EC,BUSINESS,4.1,13,3.8,100,Free,0.0,Everyone,Business,"April 23, 2018",1,4.0.3 and up
9261,Marítimo EC,TOOLS,,1,5.3,10,Free,0.0,Everyone,Tools,"February 14, 2018",1.9.8,4.0 and up
9262,EC-Contractors,HOUSE_AND_HOME,,0,6.0,1,Free,0.0,Everyone,House & Home,"April 25, 2018",14.01,4.0.3 and up
9263,GATE Syllabus for EC 2018 & Notifications,FAMILY,4.7,23,4.3,1000,Free,0.0,Everyone,Education,"August 28, 2017",1.3,4.4 and up
9264,EC Sampler,PRODUCTIVITY,,0,30.0,1,Free,0.0,Everyone,Productivity,"July 31, 2018",1.4,4.0.3 and up
9265,EC Mover,GAME,5.0,5,4.6,10,Free,0.0,Everyone,Racing,"August 1, 2018",1.11,4.0.3 and up
9266,SCS eC,PRODUCTIVITY,4.4,7,17.0,100,Free,0.0,Everyone,Productivity,"October 21, 2016",1.0.1,4.1 and up
9267,My EF,FAMILY,3.3,4114,14.0,100000,Free,0.0,Everyone,Education,"July 10, 2018",3.29,4.2 and up
9268,EF Mentor: Words,FAMILY,4.0,403,39.0,50000,Free,0.0,Teen,Education,"July 30, 2018",1.7.0.00115,4.1 and up
9269,EF Smart English for Phone,FAMILY,3.5,208,13.0,10000,Free,0.0,Everyone,Education,"June 29, 2018",1.2.1,4.4 and up
9270,My EF Center,FAMILY,2.8,89,35.0,10000,Free,0.0,Everyone,Education,"July 23, 2018",1.10.0,4.4 and up
9271,EF Mentor: Sounds,FAMILY,,19,6.9,5000,Free,0.0,Everyone,Education,"August 16, 2017",1.0.1.00613,4.1 and up
9272,EF English Live Business,FAMILY,3.6,496,14.0,100000,Free,0.0,Everyone,Education,"May 4, 2018",2.0.1,4.4 and up
9273,EF Classroom,FAMILY,3.2,190,23.0,50000,Free,0.0,Everyone,Education,"July 23, 2018",3.0.0.2927,5.0 and up
9274,EF English Live for phone,FAMILY,3.6,2210,15.0,100000,Free,0.0,Everyone,Education,"July 24, 2018",3.1.0,5.0 and up
9275,EF Smart English,FAMILY,3.7,150,11.0,5000,Free,0.0,Everyone,Education,"June 11, 2018",1.6.0,4.4 and up
9276,EF English Live Business Tablet,FAMILY,3.3,279,14.0,10000,Free,0.0,Everyone,Education,"December 25, 2017",1.6.6,4.4 and up
9277,EF English Live for tablets,FAMILY,3.1,1242,14.0,50000,Free,0.0,Everyone,Education,"April 24, 2018",1.7.0,4.4 and up
9278,EF Parеnts,FAMILY,4.1,435,17.0,50000,Free,0.0,Everyone,Education,"June 21, 2018",3.1.0,4.1 and up
9279,EF Teacher,FAMILY,3.1,16,17.0,1000,Free,0.0,Everyone,Education,"April 19, 2018",1.6,4.1 and up
9280,English Bite,FAMILY,3.5,268,9.8,10000,Free,0.0,Everyone,Education,"January 25, 2016",1.3.0,4.0 and up
9281,EF/VR – VR Tours of EF Schools,FAMILY,3.6,17,15.0,1000,Free,0.0,Teen,Education,"September 15, 2015",1.0.05,4.0 and up
9282,EF Events,EVENTS,5.0,7,4.4,100,Free,0.0,Teen,Events,"October 5, 2017",Varies with device,Varies with device
9283,EF Go Ahead Tour Companion,TRAVEL_AND_LOCAL,2.3,23,43.0,1000,Free,0.0,Everyone,Travel & Local,"June 18, 2018",3.0.7,4.4 and up
9284,EF Summits,TRAVEL_AND_LOCAL,,0,19.0,100,Free,0.0,Everyone,Travel & Local,"May 20, 2018",1.1.3,4.4 and up
9286,EF-myHR,FINANCE,2.9,26,36.0,1000,Free,0.0,Everyone,Finance,"February 21, 2018",1.0.38,4.0 and up
9287,EF Spelling Bee,FAMILY,3.0,2,9.4,500,Free,0.0,Everyone,Education;Education,"October 12, 2017",1.2.2,4.3 and up
9288,Education First FCU Mobile,FINANCE,2.9,204,29.0,10000,Free,0.0,Everyone,Finance,"May 9, 2018",18.1.79,5.0 and up
9289,Travelmoji,FAMILY,3.9,13,10.0,500,Free,0.0,Everyone,Education,"June 24, 2016",2,4.3 and up
9290,EF Forms,BUSINESS,5.0,2,23.0,50,Free,0.0,Everyone,Business,"July 24, 2018",1.29,4.4 and up
9291,EFAmbassador,FAMILY,,5,10.0,100,Free,0.0,Everyone,Education,"July 10, 2018",1.2,5.0 and up
9292,Agenda EF,FAMILY,3.4,79,33.0,5000,Free,0.0,Everyone,Education,"May 27, 2015",1.03,3.0 and up
9293,EF App,BUSINESS,5.0,8,20.0,100,Free,0.0,Everyone,Business,"January 23, 2017",1.0.5,4.4 and up
9295,EF Coach,HEALTH_AND_FITNESS,4.8,17,14.0,500,Free,0.0,Everyone,Health & Fitness,"March 12, 2018",1.1.1,4.4 and up
9296,e-Docente EI/anos iniciais EF,FAMILY,,2,2.3,1000,Free,0.0,Everyone,Education,"May 22, 2018",1.0.0,4.1 and up
9297,EF Universe: Endless Battle,FAMILY,4.2,5,54.0,50,Free,0.0,Teen,Role Playing,"July 31, 2018",4541.25.51,4.1 and up
9298,[EF]ShoutBox,COMMUNICATION,,3,2.5,100,Free,0.0,Teen,Communication,"August 7, 2018",Build 54,4.0.3 and up
9299,EF Catalogues · Kataloge,BUSINESS,,15,4.3,500,Free,0.0,Everyone,Business,"September 21, 2016",1.0.1 (1.5.1),4.0 and up
9300,EF Staff,PRODUCTIVITY,,0,11.0,100,Free,0.0,Everyone,Productivity,"May 8, 2018",1.2,4.2 and up
9301,EF Academy,HEALTH_AND_FITNESS,5.0,4,15.0,50,Free,0.0,Everyone,Health & Fitness,"March 23, 2018",7.7.3,4.1 and up
9302,EF First,FAMILY,,0,1.6,1,Free,0.0,Everyone,Entertainment,"February 9, 2018",1,4.0.3 and up
9303,Financial Calculator Pro EF,FINANCE,4.3,634,2.0,50000,Free,0.0,Everyone,Finance,"October 4, 2013",2.1.0.9,2.1 and up
9306,EF Utilities,TOOLS,,0,3.6,5,Free,0.0,Everyone,Tools,"June 7, 2018",1.1.0,4.3 and up
9307,EF Financial Control Free,FINANCE,4.4,58,3.7,10000,Free,0.0,Everyone,Finance,"May 6, 2018",1.9.0,4.0.3 and up
9308,أحداث وحقائق | خبر عاجل في اخبار العالم,NEWS_AND_MAGAZINES,4.8,311,14.0,5000,Free,0.0,Everyone 10+,News & Magazines,"July 15, 2018",2.9.19a,4.2 and up
9309,Diário Escola Mestres EF,FAMILY,,11,6.6,1000,Free,0.0,Everyone,Education,"July 31, 2018",3.0.18 Fundamental,4.0 and up
9310,EF Jumper,GAME,,4,5.1,100,Free,0.0,Everyone,Arcade,"July 13, 2017",Build 12,2.2 - 7.1.1
9311,StudyLock - Education First,PARENTING,4.1,27,4.6,1000,Free,0.0,Everyone,Parenting,"October 12, 2017",1.13,4.1 and up
9312,E.F.JUVENTUD MADRID,SPORTS,,3,5.3,100,Free,0.0,Everyone,Sports,"July 13, 2017",1.1,4.0.3 and up
9313,English Conversation Courses,FAMILY,4.6,22165,6.8,1000000,Free,0.0,Everyone,Education,"June 28, 2018",4.1806.3,4.0 and up
9315,eG Monitor,PRODUCTIVITY,4.6,8,7.5,100,Free,0.0,Everyone,Productivity,"July 27, 2018",2.0.7,4.1 and up
9316,E.G. Chess Free,GAME,4.0,505,23.0,10000,Free,0.0,Everyone,Board,"December 6, 2014",1.0.28,2.3 and up
9317,"EG SIM CARD (EGSIMCARD, 이지심카드)",BUSINESS,2.9,322,1.5,50000,Free,0.0,Everyone,Business,"March 28, 2017",2.13,2.2 and up
9318,EG-Boost,BUSINESS,4.1,25,2.4,1000,Free,0.0,Everyone,Business,"November 27, 2017",7,2.3.3 and up
9319,EG Mantenimiento,BUSINESS,,1,25.0,50,Free,0.0,Teen,Business,"May 30, 2018",0.0.3,4.1 and up
9320,EG CrossPad - ASPECT4,BUSINESS,,4,30.0,1000,Free,0.0,Everyone,Business,"July 3, 2018",1.6.07,4.1 and up
9322,EG Player,FAMILY,,1,13.0,100,Free,0.0,Everyone,Entertainment,"December 20, 2017",Final,4.0 and up
9323,Bee Mobile EG,FINANCE,4.2,883,6.5,100000,Free,0.0,Everyone,Finance,"May 5, 2018",3.1.9,4.0 and up
9324,EG,PRODUCTIVITY,,3,4.4,100,Free,0.0,Everyone,Productivity,"July 1, 2016",4.2,4.0.3 and up
9326,EG SIM CARD (EGSIMCARD),TRAVEL_AND_LOCAL,4.4,105,5.0,10000,Free,0.0,Everyone,Travel & Local,"May 2, 2018",2.5,2.3 and up
9327,EG Retail,BUSINESS,2.4,29,16.0,500,Free,0.0,Everyone,Business,"July 5, 2018",2.2.1335,4.1 and up
9328,EG Movi,TOOLS,4.2,40,7.4,1000,Free,0.0,Everyone,Tools,"May 12, 2017",0.9.1,3.2 and up
9329,EG Groups,EVENTS,,0,1.1,10,Free,0.0,Everyone,Events,"October 15, 2017",1.0.0,4.0 and up
9330,EG Way Life,SOCIAL,,0,1.1,50,Free,0.0,Everyone,Social,"April 27, 2016",1,4.1 and up
9331,EG Tax Service,FINANCE,,1,38.0,100,Free,0.0,Everyone,Finance,"April 23, 2018",1.0.0,4.1 and up
9332,Energenie EG-PM1W Setup Wizard,TOOLS,3.1,17,0.5,1000,Free,0.0,Everyone,Tools,"October 10, 2014",1.8 (2014-10-10 11:10:51 +0400),2.2 and up
9333,qEG APP / Química EG SRL,TOOLS,,0,0.1,10,Free,0.0,Everyone,Tools,"July 24, 2018",1,4.0 and up
9335,EGW Writings 2,BOOKS_AND_REFERENCE,4.7,6547,16.0,100000,Free,0.0,Everyone,Books & Reference,"December 8, 2017",4.0.3,4.0.3 and up
9338,EGW Writings,BOOKS_AND_REFERENCE,4.7,24278,3.1,1000000,Free,0.0,Everyone,Books & Reference,"December 27, 2017",2.1.2,2.2 and up
9339,Bible with EGW Comments,BOOKS_AND_REFERENCE,4.7,3776,12.0,100000,Free,0.0,Everyone,Books & Reference,"February 7, 2018",2.12.0,4.1 and up
9340,Eg Call,COMMUNICATION,4.2,91,6.0,10000,Free,0.0,Everyone,Communication,"February 26, 2017",3.8.6,2.2 and up
9341,EG India,LIFESTYLE,5.0,3,4.0,100,Free,0.0,Everyone,Lifestyle,"July 29, 2018",1.1.3,4.0.3 and up
9342,Fashion Pony Girls Dress Up Makeup Game,FAMILY,4.5,256,30.0,10000,Free,0.0,Everyone,Simulation,"July 13, 2018",1.7,4.0 and up
9344,My Little Pony AR Guide,BOOKS_AND_REFERENCE,3.3,7993,51.0,1000000,Free,0.0,Everyone,Books & Reference,"November 3, 2017",1.0.6,4.0 and up
9346,Equestria Girl Snapchat Addict,FAMILY,,20,31.0,1000,Free,0.0,Everyone,Educational,"April 19, 2018",1.0.0,4.0 and up
9347,L.A. Crime Stories 2 Mad City Crime,GAME,4.2,3946,42.0,100000,Free,0.0,Teen,Racing,"March 30, 2017",1.04,2.3 and up
9349,SDA Sabbath School Quarterly,BOOKS_AND_REFERENCE,4.7,14773,6.4,500000,Free,0.0,Everyone,Books & Reference,"October 9, 2017",4.1.92,3.0 and up
9350,Sirens Fashion Style Game,FAMILY,4.3,2282,22.0,500000,Free,0.0,Everyone,Simulation,"February 20, 2018",1,4.0 and up
9352,Propertyfinder,LIFESTYLE,4.2,1506,11.0,100000,Free,0.0,Everyone,Lifestyle,"August 7, 2018",6.5.2,4.4 and up
9354,My Little Pony: Story Creator,FAMILY,4.2,11002,21.0,1000000,Free,0.0,Everyone,Education;Action & Adventure,"May 11, 2017",1,4.0.3 and up
9355,Pocket Little Pony,FAMILY,4.1,47576,14.0,1000000,Free,0.0,Everyone 10+,Simulation,"March 1, 2017",1.95,4.0 and up
9356,Dance Magic Fashion Style Games,FAMILY,4.6,2533,46.0,100000,Free,0.0,Everyone,Simulation,"February 27, 2018",1,4.0 and up
9360,Fashion Girls Dress up Makeup,FAMILY,4.4,115,31.0,10000,Free,0.0,Everyone,Simulation,"July 13, 2018",1,4.0 and up
9362,Home Pony 2,FAMILY,4.0,20977,26.0,1000000,Free,0.0,Everyone,Simulation,"June 18, 2018",1.4.5,4.0 and up
9363,Eh Volevi!,FAMILY,3.9,1619,7.0,100000,Free,0.0,Everyone,Entertainment,"October 7, 2017",1.2.1,4.0 and up
9364,VITEK EH DVR Viewer (Pro),TOOLS,3.5,78,3.3,10000,Free,0.0,Everyone,Tools,"October 11, 2013",1.2.10,2.2 and up
9365,Eh Bee Wallpapers HD,PERSONALIZATION,5.0,4,3.9,100,Free,0.0,Everyone,Personalization,"April 24, 2018",1,4.1 and up
9366,EH!,LIFESTYLE,4.6,10,8.7,1000,Free,0.0,Everyone,Lifestyle,"July 18, 2018",7.2.2,4.1 and up
9368,Arogyam EH,MEDICAL,3.6,18,3.5,1000,Free,0.0,Everyone,Medical,"May 12, 2018",1.9,4.0.3 and up
9369,Betul Ke Bohong Eh?,GAME,4.2,601,6.4,100000,Free,0.0,Everyone,Trivia,"April 3, 2015",1.0.1,2.3 and up
9371,EH Autolink,BUSINESS,,1,0.9,100,Free,0.0,Everyone,Business,"March 11, 2016",1,3.0 and up
9372,Eh Amego!,GAME,3.8,13388,7.1,500000,Free,0.0,Everyone,Arcade,"August 24, 2015",2.0.5,2.2 and up
9373,Eh Plus English Application,FAMILY,,1,0.9,100,Free,0.0,Everyone,Education,"May 27, 2015",1.1,4.0 and up
9374,EH kontrollrakendus,TOOLS,3.4,43,2.3,5000,Free,0.0,Everyone,Tools,"October 10, 2017",3.1.8,4.1 and up
9376,My Theme Park: RollerCoaster & Water Park Tycoon,FAMILY,4.2,128,41.0,10000,Free,0.0,Everyone 10+,Strategy,"June 12, 2018",1.5,4.2 and up
9377,Doomsday Preppers™,FAMILY,4.2,137167,52.0,1000000,Free,0.0,Everyone,Strategy,"January 17, 2017",130.48.08,4.0.3 and up
9378,TAXI DRIVER,FAMILY,3.7,7203,32.0,1000000,Free,0.0,Everyone,Simulation,"January 11, 2016",1,4.0 and up
9380,MazeMilitia Classic Multiplayer Shooting Game,GAME,4.4,1294,44.0,50000,Free,0.0,Mature 17+,Action,"March 8, 2018",1.2,4.1 and up
9381,Endress+Hauser Operations,BUSINESS,4.5,234,3.4,10000,Free,0.0,Everyone,Business,"April 16, 2018",2.4.3.1523,4.0 and up
9384,Driving School 3D 2017,FAMILY,3.9,5075,48.0,500000,Free,0.0,Everyone,Simulation,"April 4, 2017",2.1.5,3.0 and up
9386,Horror Hospital,GAME,3.7,63986,26.0,1000000,Free,0.0,Teen,Action,"October 10, 2017",6,2.3 and up
9387,Ludo Family Dice Game,FAMILY,4.2,3593,19.0,500000,Free,0.0,Everyone,Board;Brain Games,"March 7, 2018",1.4,4.1 and up
9388,Mad Skills Motocross,GAME,4.0,32522,44.0,1000000,Free,0.0,Everyone,Racing,"January 25, 2016",1.2.0,2.0 and up
9389,Masterchef Cooking Games: Fun Restaurant & Kitchen,FAMILY,3.9,1036,33.0,100000,Free,0.0,Everyone,Casual,"July 6, 2018",2.6,2.3 and up
9394,Camping RV Caravan Parking 3D,GAME,3.3,5290,48.0,500000,Free,0.0,Everyone,Racing,"December 18, 2014",1.3,2.3 and up
9395,Grand Bat Superhero Flying Assault Rescue Mission,GAME,4.4,1094,37.0,500000,Free,0.0,Teen,Action,"July 9, 2018",1.1,4.1 and up
9397,eHub,BUSINESS,4.2,6969,4.8,100000,Free,0.0,Everyone,Business,"June 29, 2018",3.9.11,4.4 and up
9399,Heart Surgery Emergency Doctor,FAMILY,4.1,2248,29.0,100000,Free,0.0,Teen,Educational,"April 28, 2017",1.3,4.0 and up
9400,RUN JUMP RUN-fun games for free,GAME,4.4,661,42.0,100000,Free,0.0,Everyone,Action,"April 20, 2018",1.5.2,3.0 and up
9407,Ei Electronics AudioLINK,TOOLS,3.4,59,1.8,10000,Free,0.0,Everyone,Tools,"October 19, 2017",2.3.1,4.0 and up
9410,EI HabitTracker,FAMILY,,2,1.0,100,Free,0.0,Everyone,Education,"August 17, 2017",1.40.170809,4.0.3 and up
9411,NEMA ei,BUSINESS,5.0,4,12.0,100,Free,0.0,Everyone,Business,"November 6, 2017",1.0.4,4.4 and up
9412,ei,COMMUNICATION,,2,4.5,10,Free,0.0,Teen,Communication,"July 16, 2018",0.0.10,4.4 and up
9413,the Egg - crack the egg,FAMILY,4.1,211,14.0,10000,Free,0.0,Everyone,Casual,"November 21, 2016",1.1.0,2.3 and up
9414,Yeled EI,FAMILY,,0,15.0,100,Free,0.0,Everyone,Education,"April 26, 2018",0.62,4.1 and up
9415,EI SmartMiles,FINANCE,2.4,9,3.8,1000,Free,0.0,Everyone,Finance,"January 21, 2018",1.0.0,4.0 and up
9416,Code on the egg,TOOLS,3.9,146,0.8,10000,Free,0.0,Everyone,Tools,"April 10, 2017",1.15,2.2 and up
9418,EI!,PRODUCTIVITY,,0,7.7,10,Free,0.0,Everyone,Productivity,"July 19, 2018",1.1.14,4.1 and up
9419,EI App 1,FAMILY,,0,13.0,10,Free,0.0,Everyone,Education,"November 23, 2017",1.0.4,4.1 and up
9420,EI Calculator,TOOLS,4.0,8,1.5,100,Free,0.0,Everyone,Tools,"May 23, 2016",1.3,1.6 and up
9421,Verdant EI,TOOLS,,0,13.0,50,Free,0.0,Everyone,Tools,"November 6, 2017",1.1.4,4.1 and up
9422,Tamago egg,GAME,3.0,49,7.1,5000,Free,0.0,Everyone,Trivia,"October 31, 2017",1.0.1,2.3.3 and up
9423,Ei-ij Spelling Dutch,FAMILY,,20,3.2,10000,Free,0.0,Everyone,Education,"December 12, 2017",2.1,4.0 and up
9424,Esporte Interativo - Notícias e Resultados Ao Vivo,SPORTS,4.4,4600,21.0,500000,Free,0.0,Everyone,Sports,"January 14, 2018",6.2.6,4.1 and up
9425,Let's Poke The Egg,GAME,3.4,9051,23.0,1000000,Free,0.0,Everyone,Arcade,"February 4, 2017",1.2,2.3 and up
9426,Egg,FAMILY,2.9,72,27.0,5000,Free,0.0,Mature 17+,Simulation,"June 9, 2018",1.2.2,2.3 and up
9427,ei Calc,TOOLS,5.0,2,19.0,10,Free,0.0,Everyone,Tools,"October 12, 2015",1.2.2,2.3 and up
9428,Disaster Will Strike,FAMILY,4.5,14692,45.0,1000000,Free,0.0,Everyone,Puzzle,"July 19, 2018",1.173.126,4.1 and up
9429,Egg: clicker,FAMILY,3.7,40678,15.0,1000000,Free,0.0,Everyone,Casual,"May 22, 2017",2.1.3,4.0 and up
9431,EI App 2,FAMILY,,0,13.0,10,Free,0.0,Everyone,Education,"November 23, 2017",1.0.4,4.1 and up
9433,Crack the blue angry birds egg,FAMILY,3.2,85,2.1,10000,Free,0.0,Everyone,Puzzle,"April 22, 2016",1.0.0,2.1 and up
9434,Tamago Tap Clicker Egg,FAMILY,3.6,209,16.0,50000,Free,0.0,Everyone,Casual,"October 19, 2016",1.1,2.3 and up
9435,Tap The Easter Egg!,FAMILY,3.2,111,3.3,5000,Free,0.0,Everyone,Casual,"March 18, 2016",1.7,2.3 and up
9436,Esporte Interativo Plus,SPORTS,3.7,27179,20.0,1000000,Free,0.0,Everyone,Sports,"July 30, 2018",5.12.1,4.1 and up
9437,EI国际,FAMILY,4.7,15,5.2,1000,Free,0.0,Everyone,Education,"September 9, 2016",1.0.4,4.0 and up
9442,Aaj Bangla: ei samay er khobor,NEWS_AND_MAGAZINES,4.9,34,3.8,1000,Free,0.0,Everyone,News & Magazines,"January 15, 2017",6.7,2.3 and up
9443,Break the Egg,FAMILY,2.6,366,6.0,50000,Free,0.0,Everyone,Entertainment,"January 5, 2018",1,4.0 and up
9444,"Kolkata News:Anandbazar Patrika,ei samay&AllRating",NEWS_AND_MAGAZINES,5.0,10,5.0,100,Free,0.0,Everyone,News & Magazines,"July 14, 2018",1,4.0.3 and up
9445,PJ Masks: HQ,FAMILY,4.1,13731,55.0,1000000,Free,0.0,Everyone,Entertainment;Action & Adventure,"June 22, 2018",1.2.1,4.0 and up
9446,Ei Somoy & Dainik Sangbad & Statesman (PDF),NEWS_AND_MAGAZINES,4.0,4,5.3,100,Free,0.0,Everyone,News & Magazines,"July 25, 2018",25072018,4.0 and up
9447,TAMAGO Monsters Returns,GAME,4.1,104583,37.0,1000000,Free,0.0,Everyone,Arcade,"August 18, 2016",3.45,2.3 and up
9448,EJ.by,NEWS_AND_MAGAZINES,,10,2.3,500,Free,0.0,Everyone,News & Magazines,"October 27, 2015",1.2,4.0.3 and up
9449,EJ Elite Prospects League,SPORTS,3.3,3,12.0,1000,Free,0.0,Everyone,Sports,"February 23, 2018",5.5.4,4.1 and up
9450,Super Sport Car Simulator,FAMILY,4.2,58553,50.0,1000000,Free,0.0,Everyone,Simulation,"December 25, 2016",3.1,2.3.3 and up
9451,EJ Insight,NEWS_AND_MAGAZINES,4.0,33,0.3,1000,Free,0.0,Everyone,News & Magazines,"September 30, 2014",1,4.0 and up
9452,Ambulance Rescue Simulator 17,FAMILY,4.3,6669,31.0,1000000,Free,0.0,Everyone,Simulation,"March 1, 2018",1.0.8,2.3 and up
9453,EJ Trívia Game,FAMILY,,1,19.0,1,Free,0.0,Everyone,Puzzle,"July 19, 2018",1,4.1 and up
9455,EJ messenger,COMMUNICATION,5.0,1,25.0,10,Free,0.0,Teen,Communication,"October 18, 2017",1,4.0 and up
9456,Traffic Sniper Counter Attack,GAME,4.3,5339,38.0,1000000,Free,0.0,Teen,Action,"December 5, 2017",1,2.3 and up
9457,Rope Superhero Unlimited,GAME,4.4,6735,26.0,1000000,Free,0.0,Mature 17+,Action,"May 10, 2017",1.1,2.3 and up
9458,Painel EJ SSH - INTERNET GRÁTIS,TOOLS,,10,13.0,50,Free,0.0,Everyone,Tools,"July 30, 2018",5.1,4.1 and up
9459,EJ Ecuador,LIFESTYLE,,9,6.8,100,Free,0.0,Teen,Lifestyle,"November 22, 2016",3.0.16,4.0 and up
9460,Ej-buy,BUSINESS,,2,4.1,5,Free,0.0,Everyone,Business,"August 2, 2018",1.2.0,4.1 and up
9461,Extreme Super Car Driving 3D,GAME,3.9,23104,48.0,1000000,Free,0.0,Everyone,Racing,"August 5, 2015",2.2,2.3.3 and up
9464,Fast Racing Car Simulator,GAME,3.8,8482,45.0,1000000,Free,0.0,Everyone,Racing,"August 10, 2015",1.3,2.3.3 and up
9466,パーリーゲイツ公式通販｜EJ STYLE（イージェイスタイル）,SHOPPING,,1,9.3,100,Free,0.0,Everyone,Shopping,"November 16, 2017",3,4.0.3 and up
9467,Beach Head Shooting Assault,GAME,3.8,555,44.0,100000,Free,0.0,Teen,Action,"March 2, 2018",1,4.0 and up
9468,Stickman Warriors Heroes 2,GAME,4.4,13714,41.0,1000000,Free,0.0,Everyone 10+,Action,"April 15, 2017",1.0.4,4.0.3 and up
9471,Luxury Car Simulator,FAMILY,3.9,35989,46.0,1000000,Free,0.0,Everyone,Simulation,"August 7, 2015",2.3,2.3.3 and up
9472,Dubai Racing,GAME,4.2,16237,23.0,500000,Free,0.0,Everyone,Racing,"December 23, 2015",1.9.1,2.3 and up
9473,Office Bike Racing Simulator,FAMILY,3.8,21149,30.0,1000000,Free,0.0,Everyone,Simulation,"October 9, 2015",2.1,2.3 and up
9474,Pregnant Mom Surgery Newborn Twins Baby Birth Care,FAMILY,4.3,95,28.0,10000,Free,0.0,Teen,Educational,"February 24, 2018",1,4.1 and up
9475,Pet Beauty Salon,FAMILY,3.8,20292,47.0,1000000,Free,0.0,Everyone,Educational;Creativity,"May 24, 2015",1.2,2.3 and up
9477,Nights Keeper (do not disturb),LIFESTYLE,4.5,16426,1.6,500000,Free,0.0,Everyone,Lifestyle,"February 26, 2017",2.7.8,2.2 and up
9479,Lily & Leo - Crazy Circus Day,FAMILY,3.6,8091,43.0,1000000,Free,0.0,Everyone,Casual;Pretend Play,"June 5, 2018",1.0.8,4.1 and up
9482,Fake Call From Wengie Prank,FAMILY,3.5,352,3.8,50000,Free,0.0,Everyone,Entertainment,"July 23, 2017",1,3.0 and up
9483,Robot Fighting Games™ - Real Boxing Champions 3D,GAME,4.4,30,47.0,5000,Free,0.0,Everyone,Action,"July 2, 2018",1.1,4.1 and up
9484,Ghost Hunting camera,GAME,3.5,3048,24.0,500000,Free,0.0,Teen,Action,"March 6, 2017",1.1,2.3 and up
9485,Santa Panda Bubble Christmas,GAME,4.1,101,31.0,10000,Free,0.0,Everyone,Arcade,"March 14, 2017",1.5,4.0 and up
9486,TeamWard – live help for LoL,FAMILY,4.8,3136,2.7,100000,Free,0.0,Everyone,Entertainment,"June 27, 2018",2.19.6,4.0.3 and up
9487,3D Metal Piano Keys Keyboard Theme,FOOD_AND_DRINK,4.4,467,7.3,100000,Free,0.0,Everyone,Food & Drink,"July 1, 2018",6.7.1,4.0.3 and up
9489,Do Not Disturb! 2 - Challenge Your Prank Skills!,FAMILY,4.0,34417,48.0,1000000,Free,0.0,Everyone,Educational,"August 6, 2018",1.0.9,4.1 and up
9491,Local weather Forecast,WEATHER,4.4,5482,12.0,1000000,Free,0.0,Everyone,Weather,"August 7, 2018",2.42,4.0.3 and up
9492,Kiss Me! Lip Kissing Test,FAMILY,3.5,191,5.0,50000,Free,0.0,Everyone,Entertainment,"May 18, 2018",5,4.1 and up
9493,Smoke Effect Name Art Maker-Avatar Text Art Editor,PERSONALIZATION,4.3,1961,6.6,100000,Free,0.0,Everyone,Personalization,"June 29, 2018",1,4.1 and up
9495,ek tuhi,VIDEO_PLAYERS,4.7,316,2.8,10000,Free,0.0,Everyone,Video Players & Editors,"July 4, 2014",1,4.0 and up
9497,EK Platinum,LIFESTYLE,3.8,52,10.0,10000,Free,0.0,Everyone,Lifestyle,"December 26, 2017",1.0.6®,4.0 and up
9498,EK Bailey Preaching Conference,EVENTS,5.0,3,30.0,500,Free,0.0,Everyone,Events,"July 2, 2018",5.30.01,5.1 and up
9499,Ek Maratha,SOCIAL,4.8,725,3.7,10000,Free,0.0,Teen,Social,"October 12, 2016",7.5.3,2.2 and up
9500,Ek Onkar,FAMILY,4.9,107,18.0,10000,Free,0.0,Everyone,Entertainment,"April 3, 2016",1.3,4.0 and up
9502,Pyaar Ek Dhoka hai Game - Anti Valentines,FAMILY,,8,17.0,100,Free,0.0,Everyone,Casual,"February 11, 2018",3,4.1 and up
9503,Pyaar Ek Dhoka,FAMILY,5.0,18,1.3,50,Free,0.0,Everyone,Casual,"February 13, 2018",1,4.3 and up
9504,Ek Biladi Jadi Video Song,FAMILY,,3,3.7,5000,Free,0.0,Everyone,Entertainment,"October 20, 2016",4.1,4.0 and up
9505,Duaa Ek Ibaadat,BOOKS_AND_REFERENCE,4.9,122,26.0,5000,Free,0.0,Everyone,Books & Reference,"April 10, 2016",1.5,2.2 and up
9506,Ek Onkar Mantras,LIFESTYLE,4.9,82,5.0,5000,Free,0.0,Everyone,Lifestyle,"August 7, 2016",1,4.1 and up
9507,Alex Fuel Calculator for EK,TOOLS,4.9,19,3.3,500,Free,0.0,Everyone,Tools,"June 15, 2018",1.8,2.1 and up
9508,Ringtones Of Ek Onkar,FAMILY,4.5,6,3.9,1000,Free,0.0,Everyone,Entertainment,"May 31, 2017",1,4.0.3 and up
9509,EK Carevec,FAMILY,,1,29.0,10,Free,0.0,Teen,Entertainment,"July 17, 2018",2.177.5489,4.3 and up
9510,Ek Kahani Aisi Bhi Season 2 - The Horror Story,FAMILY,4.5,28,5.6,1000,Free,0.0,Teen,Entertainment,"July 20, 2018",1.3,5.0 and up
9511,Ek Bander Ne Kholi Dukan,FAMILY,5.0,10,3.0,10000,Free,0.0,Everyone,Entertainment,"June 26, 2017",1.0.9,4.0 and up
9512,Hum Ek Hain 2.02,SOCIAL,5.0,2,1.8,10,Free,0.0,Teen,Social,"March 18, 2018",1,5.0 and up
9513,Ek Kahani Aisi Bhi Season 3 - The Horror Story,FAMILY,3.0,1,5.8,100,Free,0.0,Teen,Entertainment,"July 21, 2018",1.1,5.0 and up
9514,Ek IRA,COMMUNICATION,,0,5.7,10,Free,0.0,Everyone,Communication,"July 27, 2018",0.3.1,4.1 and up
9515,Sanu Ek Pal Chain - Raid,TOOLS,,1,2.6,500,Free,0.0,Everyone,Tools,"May 12, 2018",2,4.4W and up
9516,Sai Baba - Sabka Malik Ek,PRODUCTIVITY,4.9,42,38.0,1000,Free,0.0,Everyone,Productivity,"May 26, 2018",1.4,4.0 and up
9517,Ek Vote,PRODUCTIVITY,5.0,43,6.2,500,Free,0.0,Everyone,Productivity,"November 7, 2017",1.1,4.0.3 and up
9518,Asha Ek Hope - ALS/ MND,MEDICAL,5.0,2,11.0,100,Free,0.0,Everyone,Medical,"May 23, 2018",1.1.0,4.1 and up
9519,Meslek Lisesi YGS Ek Puan,FAMILY,,11,1.5,1000,Free,0.0,Everyone,Education,"January 8, 2017",1,4.0 and up
9521,Mahila Vashikaran(Ek rat me)-Hindi,FAMILY,,0,4.0,1000,Free,0.0,Everyone,Entertainment,"January 23, 2018",1.1,4.0.3 and up
9522,Ek Kauwa Pyasa Tha,FAMILY,4.1,35,3.1,50000,Free,0.0,Everyone,Entertainment,"June 25, 2017",1.3.6,4.0 and up
9524,Video Maker with Photo and Music,PHOTOGRAPHY,4.3,4871,30.0,1000000,Free,0.0,Everyone,Photography,"March 19, 2018",1.0.2,4.1 and up
9525,SIM Card Info,TOOLS,4.1,4234,1.9,1000000,Free,0.0,Everyone,Tools,"May 25, 2018",5.3.9,4.0 and up
9526,Toilet Ek Prem Katha Songs Lyrics in Hindi,FAMILY,4.7,3,2.0,1000,Free,0.0,Everyone,Entertainment,"August 10, 2017",1,4.1 and up
9527,Ek Do Teen Song Videos - Baaghi 2 Video Songs,FAMILY,,2,4.5,1000,Free,0.0,Everyone,Entertainment,"March 20, 2018",1.4.1,4.0.3 and up
9528,Sanu Ek Pal Chain Song Videos - RAID Movie Songs,FAMILY,4.9,11,4.3,5000,Free,0.0,Everyone,Entertainment,"March 8, 2018",1.2.8,4.0.3 and up
9530,Ek Qissa He Quran Se (Qurani Waqiyat),FAMILY,5.0,4,2.0,100,Free,0.0,Everyone,Entertainment,"October 30, 2017",1,4.0 and up
9531,Lyrics of Ek Paheli Leela,FAMILY,5.0,4,2.3,500,Free,0.0,Everyone,Entertainment,"April 23, 2016",1,4.0 and up
9532,Ek-yatri: Travel where you Belong,TRAVEL_AND_LOCAL,,0,29.0,1,Free,0.0,Everyone,Travel & Local,"August 1, 2018",1.0.0,4.4 and up
9534,Sabka Malik Ek Sai,SOCIAL,4.2,17,5.1,1000,Free,0.0,Teen,Social,"May 25, 2013",1.3,2.2 and up
9535,Voice Lock Screen,LIFESTYLE,3.7,6667,2.7,1000000,Free,0.0,Everyone,Lifestyle,"April 2, 2018",2.4.2,4.0 and up
9539,el,FAMILY,4.3,32405,47.0,1000000,Free,0.0,Everyone,Casual,"December 18, 2014",1.2.1,4.2 and up
9540,El Pollo Loco - Loco Rewards,FOOD_AND_DRINK,4.0,848,25.0,100000,Free,0.0,Everyone,Food & Drink,"February 23, 2018",2.1,4.1 and up
9542,EL AL Flights,TRAVEL_AND_LOCAL,3.1,1563,36.0,100000,Free,0.0,Everyone,Travel & Local,"May 24, 2018",4.3,4.2 and up
9543,DreamStream By EL AL,TRAVEL_AND_LOCAL,3.4,595,22.0,100000,Free,0.0,Everyone,Travel & Local,"January 18, 2016",3.4.20.6 / BuyDRM Labgency 4.8.22 / PED,4.0 and up
9544,Learn English with El Chavo.,FAMILY,4.2,6133,7.0,100000,Free,0.0,Everyone,Education,"October 1, 2015",6.2,2.3.3 and up
9546,El Nuevo Día,NEWS_AND_MAGAZINES,4.1,8011,13.0,500000,Free,0.0,Everyone 10+,News & Magazines,"June 13, 2018",4.11.2,4.1 and up
9548,El Nueve,NEWS_AND_MAGAZINES,,221,3.2,50000,Free,0.0,Teen,News & Magazines,"October 16, 2017",1.1.3,4.0.3 and up
9549,El Laberinto del Demonio 3D,FAMILY,4.0,20421,31.0,1000000,Free,0.0,Teen,Puzzle,"August 20, 2015",1.5,2.3 and up
9552,El Falı,FAMILY,4.8,36968,16.0,1000000,Free,0.0,Everyone,Entertainment,"November 3, 2017",1.2.9,2.3 and up
9553,El Laberinto del Demonio 2,FAMILY,4.1,3654,25.0,100000,Free,0.0,Teen,Puzzle,"April 14, 2017",1.0.1,4.0 and up
9554,TV Local El Salvador,FAMILY,4.3,323,3.6,10000,Free,0.0,Everyone,Entertainment,"May 8, 2018",1,4.0.3 and up
9555,Tigo Money El Salvador,FINANCE,4.3,4642,3.5,100000,Free,0.0,Everyone,Finance,"July 23, 2018",5.0.0,4.2 and up
9558,El Dorado App,TRAVEL_AND_LOCAL,4.4,221,33.0,10000,Free,0.0,Everyone,Travel & Local,"April 6, 2018",2.4,4.1 and up
9559,Adivina el cantante de Trap y Reggaeton,GAME,4.5,1914,24.0,100000,Free,0.0,Everyone,Trivia,"June 29, 2018",3.6.7z,4.0.3 and up
9560,The translator,TOOLS,4.5,23805,4.1,1000000,Free,0.0,Everyone,Tools,"August 13, 2017",2.0.4,4.0.3 and up
9563,The dollar in mexico,FINANCE,4.5,4254,3.2,100000,Free,0.0,Everyone,Finance,"August 29, 2017",2.5,4.0 and up
9565,OWLIE BOO,FAMILY,4.6,834,22.0,100000,Free,0.0,Everyone,Puzzle;Education,"March 15, 2018",1.8.11,4.0 and up
9567,Adivina el Emoji,GAME,,2536,32.0,100000,Free,0.0,Everyone,Trivia,"October 2, 2016",1,4.0.3 and up
9571,The Holy Rosary,LIFESTYLE,4.7,56197,15.0,1000000,Free,0.0,Everyone,Lifestyle,"August 6, 2018",1.6.17,1.6 and up
9577,Get 'Em,GAME,4.1,7904,21.0,500000,Free,0.0,Everyone 10+,Action,"October 26, 2016",1.6.7,4.0.3 and up
9578,EM Launcher for EMUI,PERSONALIZATION,4.1,3175,2.3,500000,Free,0.0,Everyone,Personalization,"April 6, 2018",1.0.6,4.1 and up
9580,Beach Shoot Em Up: Head Hunter,GAME,4.4,1218,15.0,500000,Free,0.0,Everyone 10+,Action,"March 6, 2018",1.0.9,2.3 and up
9581,Connect'Em,FAMILY,4.5,49381,6.8,1000000,Free,0.0,Everyone,Puzzle,"June 25, 2018",1.0.17,2.0 and up
9582,Stick 'Em Up 2 Starter Edition,GAME,3.8,2102,40.0,100000,Free,0.0,Everyone 10+,Action,"September 11, 2015",1.1.3,4.0.3 and up
9588,Shoot Em Down Free,FAMILY,3.7,2850,39.0,500000,Free,0.0,Everyone,Puzzle,"February 9, 2018",23,2.3 and up
9590,Texas Hold'em Poker,GAME,3.6,12846,14.0,1000000,Free,0.0,Teen,Casino,"December 29, 2017",3.3,4.1 and up
9591,Nuke Em All,FAMILY,3.4,2714,52.0,500000,Free,0.0,Mature 17+,Casual,"November 19, 2017",1.1.8,4.1 and up
9593,Poker Live! 3D Texas Hold'em,GAME,4.3,6143,37.0,100000,Free,0.0,Teen,Casino,"July 25, 2018",Varies with device,4.0.3 and up
9595,Fun Texas Hold'em Poker,GAME,4.5,32831,24.0,500000,Free,0.0,Teen,Casino,"May 12, 2017",17.05.11,4.0.3 and up
9596,Elevator Simulator Lift EM ALL,FAMILY,4.4,2941,28.0,100000,Free,0.0,Teen,Simulation,"July 31, 2018",2.4.1343-prod,4.0.3 and up
9598,Punch em,GAME,4.1,2208,4.4,500000,Free,0.0,Everyone,Arcade,"May 24, 2018",2.0.8,4.1 and up
9600,Boyaa Poker (En) – Social Texas Hold’em,GAME,4.3,71468,51.0,1000000,Free,0.0,Teen,Card,"June 12, 2018",5.8.0,4.1 and up
9602,Connect'Em Halloween,FAMILY,4.5,6673,4.4,500000,Free,0.0,Everyone,Puzzle,"September 23, 2016",1.0.7,2.0 and up
9606,HANGAME Casino - Baccarat & Texas Hold'em,GAME,4.1,8608,46.0,500000,Free,0.0,Teen,Casino,"May 17, 2018",1.4.5,4.1 and up
9608,Yoong: Kick 'Em Up!,SPORTS,4.3,7107,33.0,100000,Free,0.0,Everyone,Sports,"December 16, 2015",1.1.1,4.0.3 and up
9618,Telemundo Deportes - En Vivo,SPORTS,4.5,36255,25.0,1000000,Free,0.0,Everyone,Sports,"August 1, 2018",5.10.5,4.1 and up
9619,Holy Knight EN,FAMILY,4.0,26202,41.0,1000000,Free,0.0,Teen,Role Playing,"May 5, 2018",1.1.700,2.3 and up
9622,English in a Month Free,FAMILY,3.8,6577,13.0,1000000,Free,0.0,Everyone,Education,"July 23, 2017",1.28,4.1 and up
9626,Learn Body Parts in English,FAMILY,4.0,7243,42.0,1000000,Free,0.0,Everyone,Education,"December 6, 2016",5.13,2.3 and up
9629,Learn English Daily,FAMILY,4.5,7881,53.0,500000,Free,0.0,Everyone,Education,"May 6, 2018",7,4.0 and up
9633,RightNow English Conversation,FAMILY,4.0,5118,11.0,1000000,Free,0.0,Everyone,Education,"March 2, 2018",1.4.1,2.3 and up
9638,English Audio Books - Librivox,FAMILY,4.0,10773,10.0,1000000,Free,0.0,Everyone,Education,"November 29, 2017",8.02,4.1 and up
9639,Learn Top 300 English Words,FAMILY,4.7,61600,3.4,1000000,Free,0.0,Everyone,Education,"February 24, 2018",3.1,2.3 and up
9645,EO.TRADE - Coin sale,FINANCE,4.3,95,1.5,10000,Free,0.0,Everyone,Finance,"June 5, 2018",0.3,4.0.3 and up
9646,EO Network,BUSINESS,3.5,13,21.0,1000,Free,0.0,Teen,Business,"September 20, 2017",1.0.3,4.4 and up
9648,EO Mumbai,COMMUNICATION,,0,11.0,10,Free,0.0,Everyone,Communication,"February 21, 2018",1.02,4.1 and up
9649,EO Global,BUSINESS,2.6,13,8.9,1000,Free,0.0,Everyone,Business,"October 20, 2016",3.2,4.1 and up
9650,EO SouthAsia,BUSINESS,4.2,8,19.0,100,Free,0.0,Teen,Business,"April 25, 2018",1.0.23,4.1 and up
9651,EO RAIPUR,SOCIAL,,1,4.2,10,Free,0.0,Teen,Social,"June 21, 2017",1,4.0.3 and up
9652,EO Forum,BUSINESS,,0,1.1,100,Free,0.0,Everyone,Business,"April 5, 2013",1.1,2.1 and up
9653,EO Events,BUSINESS,,0,11.0,10,Free,0.0,Teen,Business,"June 21, 2018",v2.7.11.27,4.1 and up
9654,EO KOREA,BUSINESS,,0,14.0,50,Free,0.0,Teen,Business,"December 4, 2017",1.0.7,2.2 and up
9656,EO GSEA,BUSINESS,,1,30.0,10,Free,0.0,Everyone,Business,"January 4, 2018",1.0.0,4.4 and up
9658,EO SA Benefits,BUSINESS,,0,0.5,10,Free,0.0,Everyone,Business,"August 25, 2014",1,2.3.3 and up
9660,23rd QM BDE EO,BUSINESS,,0,6.3,10,Free,0.0,Everyone,Business,"September 27, 2017",1.0.0,4.1 and up
9661,EO Bijbel Open,LIFESTYLE,4.3,102,41.0,10000,Free,0.0,Everyone,Lifestyle,"November 24, 2016",2.0.0,4.0.3 and up
9662,EO LAC,LIFESTYLE,,0,18.0,10,Free,0.0,Everyone,Lifestyle,"January 17, 2017",1.1,4.1 and up
9663,EO Hub,BUSINESS,,0,5.2,50,Free,0.0,Teen,Business,"February 6, 2018",3.5.4,4.1 and up
9664,Kenny e o Cupcake,FAMILY,,0,6.7,1,Free,0.0,Everyone,Arcade;Action & Adventure,"July 19, 2018",1,2.1 and up
9665,EO,BUSINESS,,0,3.1,50,Free,0.0,Everyone,Business,"July 1, 2015",1,4.0.3 and up
9666,4Eternity EO,BUSINESS,,0,2.0,10,Free,0.0,Everyone,Business,"January 17, 2018",1.2,4.1 and up
9667,Masha and the Bear,FAMILY,4.4,15105,36.0,1000000,Free,0.0,Everyone,Education,"June 11, 2018",3.1.8,4.3 and up
9670,EO Hotels,TRAVEL_AND_LOCAL,,4,11.0,100,Free,0.0,Everyone,Travel & Local,"June 4, 2017",2,4.0.3 and up
9674,Masha and the Bear: Evolution,FAMILY,4.5,2062,42.0,500000,Free,0.0,Everyone,Strategy;Education,"June 14, 2018",1.0.9,4.0 and up
9675,Cryptocurrency Trading - How To Trade Crypto,FINANCE,,1,23.0,100,Free,0.0,Everyone,Finance,"March 16, 2018",1,4.1 and up
9676,Masha and the Bear. Games for kids,FAMILY,4.6,6231,31.0,1000000,Free,0.0,Everyone,Educational;Pretend Play,"July 13, 2018",2.6,4.0.3 and up
9681,Urban Car Simulator,FAMILY,4.2,23292,20.0,1000000,Free,0.0,Everyone,Simulation,"September 19, 2017",1.4,2.3 and up
9685,Bluetooth Pair,TOOLS,3.5,1960,2.7,1000000,Free,0.0,Everyone,Tools,"August 4, 2018",2.5,4.1 and up
9691,EP FCU,FINANCE,,2,2.8,100,Free,0.0,Everyone,Finance,"March 22, 2018",3.0.6,4.1 and up
9692,EP Home Energy Hub,PRODUCTIVITY,,4,13.0,100,Free,0.0,Everyone,Productivity,"June 21, 2018",3.4.2,4.4 and up
9693,EP,BUSINESS,,3,2.1,100,Free,0.0,Everyone,Business,"November 13, 2015",1.0.1,2.3.3 and up
9694,EP Spotter,FAMILY,3.4,9,28.0,500,Free,0.0,Everyone,Entertainment,"September 28, 2016",314007,4.3 and up
9695,EP Mobile,MEDICAL,4.3,267,2.3,50000,Free,0.0,Everyone,Medical,"July 8, 2018",2.18,4.0 and up
9696,EP RSS Reader,COMMUNICATION,3.8,4,0.9,100,Free,0.0,Everyone,Communication,"July 16, 2018",0.99,4.0.3 and up
9698,EP Cloud,PRODUCTIVITY,,9,2.3,10,Free,0.0,Everyone,Productivity,"July 26, 2018",2.2.2,4.1 and up
9699,eP Scanner,EVENTS,,0,20.0,100,Free,0.0,Everyone,Events,"October 13, 2017",1.5,4.4 and up
9701,EP Church Annapolis,LIFESTYLE,5.0,2,8.8,100,Free,0.0,Everyone,Lifestyle,"January 14, 2017",1,4.1 and up
9702,EP Horlogerie,LIFESTYLE,4.9,18,24.0,1000,Free,0.0,Everyone,Lifestyle,"March 28, 2018",4.0.2,4.0.3 and up
9703,ep-liggare - Elektronisk personalliggare,TOOLS,,0,21.0,100,Free,0.0,Everyone,Tools,"June 26, 2018",1.1.0,4.1 and up
9705,EP Radio,FAMILY,5.0,3,0.2,50,Free,0.0,Everyone,Entertainment,"March 26, 2018",1,3.0 and up
9706,EP Joaillerie,LIFESTYLE,,54,21.0,5000,Free,0.0,Teen,Lifestyle,"March 28, 2018",4.0.2,4.0.3 and up
9707,Tester EP,TOOLS,,9,4.8,100,Free,0.0,Everyone,Tools,"May 15, 2018",3,2.1 and up
9708,The Great Wobo Escape Ep. 1,GAME,4.2,5449,20.0,500000,Free,0.0,Everyone 10+,Action,"September 13, 2016",1.0.3386,4.1 and up
9709,The Visitor: Ep.2 - Sleepover Slaughter,GAME,4.3,5731,31.0,1000000,Free,0.0,Mature 17+,Adventure,"January 2, 2018",1.1.5,4.1 and up
9711,EP Lab Digest,MEDICAL,2.3,11,12.0,500,Free,0.0,Everyone,Medical,"July 12, 2018",1000000.6,4.1 and up
9712,EP Research Service,BOOKS_AND_REFERENCE,4.7,14,27.0,1000,Free,0.0,Everyone,Books & Reference,"March 5, 2018",1.9,4.1 and up
9713,eP Finder,AUTO_AND_VEHICLES,,0,6.3,10,Free,0.0,Everyone,Auto & Vehicles,"June 21, 2018",1,4.4 and up
9714,EP Music,FAMILY,,0,11.0,10,Free,0.0,Everyone,Entertainment,"July 26, 2017",1,4.1 and up
9716,EP Kalkulator el. energije,TOOLS,4.4,13,1.5,100,Free,0.0,Everyone,Tools,"February 20, 2015",4,4.0 and up
9718,The Visitor: Ep.1 - Kitty Cat Carnage,GAME,4.4,3017,39.0,500000,Free,0.0,Mature 17+,Adventure,"January 2, 2018",1.3.7,4.3 and up
9720,Dr.Slender Ep 1 Guide (Eng),GAME,4.0,454,27.0,10000,Free,0.0,Teen,Arcade,"December 2, 2014",1,2.3 and up
9721,Decay: The Mare - Ep.1 (Trial),GAME,3.6,5291,7.2,100000,Free,0.0,Teen,Adventure,"May 24, 2014",2,2.2 and up
9722,EP Search and Find,FAMILY,,20,23.0,500,Free,0.0,Everyone,Casual,"May 27, 2015",1.0.0,2.3 and up
9723,What's Your Story?™ ft Charmed,FAMILY,4.1,39661,47.0,1000000,Free,0.0,Teen,Role Playing,"August 2, 2018",1.10.4,5.0 and up
9724,EP Gem Hunter,GAME,4.6,79,31.0,1000,Free,0.0,Everyone 10+,Action,"January 17, 2016",1.1.0,2.3 and up
9725,EP Chain Reaction,FAMILY,3.9,249,21.0,10000,Free,0.0,Everyone,Casual;Brain Games,"April 10, 2016",1.2.2,2.3 and up
9726,Gate Of Death Ep: 1,GAME,4.4,7,34.0,100,Free,0.0,Everyone,Adventure,"October 7, 2016",1.1,2.3 and up
9727,EP Mobil,SHOPPING,,3,5.3,100,Free,0.0,Everyone,Shopping,"July 18, 2018",1.9,4.1 and up
9733,ER Surgery Simulator,FAMILY,3.6,19601,56.0,1000000,Free,0.0,Everyone 10+,Casual,"June 6, 2018",1.0.4,4.1 and up
9734,Dentist Surgery ER Emergency Doctor Hospital Games,FAMILY,3.5,2580,53.0,100000,Free,0.0,Everyone,Simulation,"July 6, 2018",10,4.1 and up
9739,ER,LIFESTYLE,,2,28.0,500,Free,0.0,Everyone,Lifestyle,"September 1, 2017",1.1.2,2.3.3 and up
9740,Noot-Noot-er!,FAMILY,4.5,74,2.8,5000,Free,0.0,Everyone,Entertainment,"November 22, 2017",2,4.0.3 and up
9741,Doctor X - ER On Wheels,FAMILY,3.6,12781,51.0,1000000,Free,0.0,Everyone,Casual;Pretend Play,"June 6, 2018",1.0.9,4.1 and up
9742,Foot Surgery Hospital Simulator: ER Doctor Games,FAMILY,3.9,314,28.0,100000,Free,0.0,Everyone,Casual,"January 15, 2018",1.1,5.1 and up
9743,ER Heart Surgery - Emergency Simulator Game,FAMILY,4.3,429,40.0,100000,Free,0.0,Everyone,Educational,"July 19, 2018",2,4.1 and up
9744,Pregnant Mom ER Emergency Doctor Hospital Games,FAMILY,4.0,325,27.0,50000,Free,0.0,Everyone,Educational,"June 12, 2018",1.2,4.1 and up
9746,Plastic Surgery Surgeon Simulator Er Doctor Games,FAMILY,3.7,3482,37.0,500000,Free,0.0,Everyone,Casual,"August 7, 2018",1.6,4.4 and up
9747,Shoulder Surgery ER Emergency Doctor Game,FAMILY,3.9,55,46.0,10000,Free,0.0,Teen,Educational,"November 7, 2017",1.0.1,4.0 and up
9748,Superhero Doctor 3 ER Surgery,FAMILY,4.2,2801,50.0,500000,Free,0.0,Everyone,Casual,"March 22, 2017",1,4.0.3 and up
9749,Mom Doctor ER Emergency Family Game,FAMILY,3.5,173,49.0,10000,Free,0.0,Everyone,Educational,"January 26, 2018",1.0.0,4.1 and up
9751,"ER Emergency Hospital - Brain, Knee, Eye Surgery",FAMILY,3.8,25,41.0,1000,Free,0.0,Teen,Educational,"July 21, 2017",1.1,2.3 and up
9753,Multi Surgery Hospital Pro: Virtual Doctor ER Game,FAMILY,4.2,23,33.0,1000,Free,0.0,Teen,Casual,"April 3, 2018",1,4.1 and up
9754,Clumsy Santa ER Surgery,FAMILY,4.1,214,46.0,100000,Free,0.0,Teen,Casual,"December 22, 2016",1,4.0.3 and up
9755,Little Eye Surgery Simulator - ER Doctor Game,FAMILY,4.4,12,19.0,1000,Free,0.0,Teen,Casual,"April 20, 2018",1,2.3 and up
9756,Spinal Cord Surgery Doctor: Operation ER surgery,FAMILY,3.7,52,32.0,10000,Free,0.0,Everyone 10+,Role Playing,"February 26, 2018",1,4.1 and up
9757,ER Neck Surgery: Hospital Christmas Emergency,FAMILY,,11,30.0,5000,Free,0.0,Everyone 10+,Role Playing,"November 24, 2017",1.0.1,4.1 and up
9759,Virtual Brain Surgery Simulator : Kid ER Emergency,FAMILY,3.8,20,55.0,5000,Free,0.0,Teen,Educational,"February 23, 2018",1.1,4.0 and up
9760,Crazy ER Open Heart Surgery Simulator,FAMILY,4.0,2936,45.0,500000,Free,0.0,Everyone,Simulation,"October 26, 2017",1.5,4.0 and up
9761,ER Injection Simulator: Blood Test Doctor Hospital,FAMILY,4.2,3263,47.0,1000000,Free,0.0,Everyone 10+,Role Playing,"May 29, 2018",2.6.4,4.1 and up
9763,Heart Surgery Doctor - ER Emergency Game,FAMILY,3.9,2510,48.0,500000,Free,0.0,Everyone 10+,Educational,"July 19, 2018",2.1,4.1 and up
9765,ER Doctor Kids Emergency Room,FAMILY,3.1,4798,30.0,500000,Free,0.0,Teen,Casual,"June 13, 2018",1.9,4.0.3 and up
9766,ER Assist,PRODUCTIVITY,5.0,3,28.0,10,Free,0.0,Everyone,Productivity,"December 6, 2016",0.1.7,4.1 and up
9767,Blood Injection : ER Emergency Doctor ER injection,FAMILY,3.5,246,35.0,50000,Free,0.0,Teen,Casual,"September 23, 2016",1,2.3 and up
9768,Lead'er,FINANCE,4.1,54,5.8,5000,Free,0.0,Everyone,Finance,"March 20, 2018",1.5,4.0 and up
9769,Doctor Games For Girls - Hospital ER,FAMILY,4.5,51,39.0,5000,Free,0.0,Everyone,Casual,"April 16, 2018",2.1,4.1 and up
9770,Open Heart Surgery Hospital ER: Crazy Doctor Sim,FAMILY,4.7,7,25.0,1000,Free,0.0,Teen,Casual,"April 5, 2018",1,4.1 and up
9771,Hand Doctor Games ER Surgery Simulator,FAMILY,4.1,120,32.0,10000,Free,0.0,Everyone,Casual,"March 13, 2018",2,4.1 and up
9772,Get SMART ER/LA Opioids,MEDICAL,,0,8.9,500,Free,0.0,Everyone,Medical,"April 26, 2018",36,4.0.3 and up
9775,DMC ER Now,MEDICAL,4.3,6,5.3,1000,Free,0.0,Everyone,Medical,"March 16, 2017",1.4,2.3 and up
9776,Nose Surgery ER Simulator Lite,FAMILY,3.1,269,39.0,50000,Free,0.0,Teen,Educational,"June 3, 2017",1,4.0 and up
9777,FAHREDDİN er-RÂZİ TEFSİRİ,BOOKS_AND_REFERENCE,,9,20.0,1000,Free,0.0,Everyone,Books & Reference,"March 19, 2018",1.1,4.0.3 and up
9778,Cardinal Glennon ER Reference,MEDICAL,4.2,19,20.0,1000,Free,0.0,Everyone 10+,Medical,"September 21, 2017",1.8.3,4.1 and up
9781,Fill 'er Up,TRAVEL_AND_LOCAL,3.2,58,0.0,5000,Free,0.0,Everyone,Travel & Local,"February 27, 2017",1.1,1.6 and up
9782,SnakeBite911 ER,MEDICAL,,1,42.0,500,Free,0.0,Everyone,Medical,"October 9, 2017",1.2,4.1 and up
9783,Ankle Surgery ER Emergency,FAMILY,3.3,10449,29.0,1000000,Free,0.0,Teen,Educational,"December 2, 2016",1.7,2.3 and up
9787,ES Audio Player ( Shortcut ),VIDEO_PLAYERS,4.2,1236,0.0,100000,Free,0.0,Everyone,Video Players & Editors,"July 17, 2013",1.1,2.2 and up
9788,ES Disk Analyzer - Storage Space,PRODUCTIVITY,4.7,5867,4.4,100000,Free,0.0,Everyone,Productivity,"October 31, 2017",1.0.2.9,4.0 and up
9789,ES App Locker,TOOLS,4.3,32207,3.4,1000000,Free,0.0,Everyone,Tools,"August 16, 2017",1.1.8.2,2.1 and up
9790,ES Chromecast plugin,LIBRARIES_AND_DEMO,4.2,23859,0.9,1000000,Free,0.0,Everyone,Libraries & Demo,"October 29, 2014",1,4.0 and up
9791,ES Material Theme for Pro,PRODUCTIVITY,4.2,14428,1.2,1000000,Free,0.0,Everyone,Productivity,"December 3, 2015",2.0.3,2.2 and up
9792,ES Holo Theme for Pro,PRODUCTIVITY,4.2,4737,1.7,500000,Free,0.0,Everyone,Productivity,"November 26, 2015",2.0.3,2.0 and up
9793,ES File Explorer,TOOLS,4.1,278,2.8,100000,Free,0.0,Everyone,Tools,"July 2, 2018",3.1.5,4.0 and up
9794,ES Dark Theme for free,TOOLS,4.2,7851,0.4,1000000,Free,0.0,Everyone,Tools,"August 22, 2017",2.0.7,4.0 and up
9795,ES Classic Theme,TOOLS,4.3,20865,2.2,1000000,Free,0.0,Everyone,Tools,"October 30, 2015",2.0.3,2.1 and up
9796,ES Themes -- Classic Theme,PERSONALIZATION,4.4,77609,1.9,1000000,Free,0.0,Everyone,Personalization,"April 24, 2015",1.14,1.6 and up
9797,ES Holo Theme,TOOLS,4.3,11449,1.7,500000,Free,0.0,Everyone,Tools,"February 2, 2016",2.0.4,2.0 and up
9798,"ES File Explorer & Manager, Locker Xplorer 2018",TOOLS,3.5,11,3.0,1000,Free,0.0,Everyone,Tools,"March 17, 2018",1.2,4.2 and up
9799,ES Summer Chill Theme for Free,TOOLS,4.3,940,0.4,100000,Free,0.0,Everyone,Tools,"August 24, 2017",2.0.7,4.0 and up
9800,Furrion ES Control,VIDEO_PLAYERS,1.8,26,2.7,5000,Free,0.0,Everyone,Video Players & Editors,"September 29, 2016",1,4.2 and up
9801,OpenGL ES Extensions - The OpenGL Utility,TOOLS,4.2,513,2.0,50000,Free,0.0,Everyone,Tools,"May 6, 2018",5.0.5,4.0 and up
9802,File Ex - ES File Explorer,TOOLS,4.2,24,5.0,1000,Free,0.0,Everyone,Tools,"December 27, 2017",1.1.6,4.2 and up
9803,OpenGL ES CapsViewer,TOOLS,4.6,78,0.4,10000,Free,0.0,Everyone,Tools,"April 1, 2018",0.6,4.3 and up
9804,ES-IPTV,VIDEO_PLAYERS,4.0,944,11.0,50000,Free,0.0,Everyone,Video Players & Editors,"October 15, 2017",4.2.1,4.1 and up
9805,OpenGL-ES Info,TOOLS,4.3,249,0.6,10000,Free,0.0,Everyone,Tools,"August 8, 2013",1.4,1.6 and up
9806,Dr. ES PV Calculator,TOOLS,5.0,19,11.0,500,Free,0.0,Everyone,Tools,"March 11, 2018",3.4.7.2.16,4.1 and up
9807,ES File Explorer & File Manager 2018,TOOLS,3.8,24,2.9,5000,Free,0.0,Everyone,Tools,"March 17, 2018",1.1,4.2 and up
9808,HTC Sense Input - ES,TOOLS,4.3,3509,6.5,1000000,Free,0.0,Everyone,Tools,"October 30, 2015",1.0.612919,5.0 and up
9809,2019 Tricks Es File Explores,TOOLS,3.0,4,2.0,1000,Free,0.0,Everyone,Tools,"March 16, 2016",1,2.2 and up
9810,ES Billing System (Offline App),PRODUCTIVITY,5.0,1,4.2,100,Free,0.0,Everyone,Productivity,"May 17, 2018",1,4.1 and up
9812,YEBIS OpenGL ES 3.0 Tech Demo,FAMILY,4.6,380,6.7,10000,Free,0.0,Everyone,Entertainment,"March 11, 2014",1,4.3 and up
9814,Advanced calculator fx 991 es plus & 991 ms plus,FAMILY,4.7,7252,9.2,500000,Free,0.0,Everyone,Education,"August 2, 2018",3.3.1-build-02-08-2018-19-release,4.0 and up
9815,ES Solar,BUSINESS,5.0,3,4.7,100,Free,0.0,Everyone,Business,"May 17, 2018",1.2,4.1 and up
9817,ESLock File Recovery Lite,PRODUCTIVITY,3.0,460,0.2,50000,Free,0.0,Everyone,Productivity,"January 5, 2016",1.5.9,4.0.3 and up
9819,¿Es Vegan?,FOOD_AND_DRINK,4.6,438,1.7,10000,Free,0.0,Everyone,Food & Drink,"August 1, 2017",2.2.3,3.0 and up
9820,ES-1,COMMUNICATION,,6,2.7,500,Free,0.0,Everyone,Communication,"July 5, 2016",1,1.6 and up
9822,School scientific calculator fx 500 es plus 500 ms,FAMILY,4.6,1553,9.2,100000,Free,0.0,Everyone,Education,"August 2, 2018",3.3.1-build-02-08-2018-19-release,4.0 and up
9823,Esto Es Guerra TVN,FAMILY,4.5,1303,13.0,100000,Free,0.0,Everyone,Entertainment,"July 24, 2018",1.7.2,4.1 and up
9825,ET Markets : NSE & BSE India,FINANCE,4.2,24980,9.2,1000000,Free,0.0,Everyone,Finance,"July 16, 2018",2.1.3,4.1 and up
9827,ET Telecom from Economic Times,NEWS_AND_MAGAZINES,4.7,273,6.3,10000,Free,0.0,Everyone,News & Magazines,"August 7, 2018",2.9.0,4.1 and up
9829,Economic Times : Market News Go Edition,NEWS_AND_MAGAZINES,4.3,39,4.2,5000,Free,0.0,Everyone,News & Magazines,"April 18, 2018",1.0.4,4.1 and up
9830,Hymnes et Louanges,BOOKS_AND_REFERENCE,4.4,1877,5.7,100000,Free,0.0,Everyone,Books & Reference,"March 21, 2017",2.4.1,4.1 and up
9831,Lire avec Sami et Julie,FAMILY,3.6,569,18.0,100000,Free,0.0,Everyone,Educational;Education,"June 13, 2014",1.2,2.2 and up
9832,Lettre et demande d'emploi,FAMILY,4.6,302,9.9,100000,Free,0.0,Everyone,Education,"January 2, 2018",1,4.0 and up
9834,Recettes Faciles et Rapides,FOOD_AND_DRINK,,95,12.0,50000,Free,0.0,Everyone,Food & Drink,"January 6, 2018",3.0.1,2.3 and up
9835,Blagues et Histoires Drôles,FAMILY,3.9,859,5.3,100000,Free,0.0,Teen,Entertainment,"February 18, 2017",0.0.2,4.1 and up
9836,Lettre de motivation et CV,FAMILY,4.3,979,9.9,100000,Free,0.0,Everyone,Education,"July 30, 2018",2,4.0 and up
9846,Beauty and the Beast,FAMILY,4.4,70883,31.0,1000000,Free,0.0,Everyone,Puzzle;Creativity,"August 7, 2018",1.7.6,4.2 and up
9863,EU Mobile Money,FINANCE,3.9,460,6.1,100000,Free,0.0,Everyone,Finance,"July 16, 2018",1.6,4.0 and up
9864,European Union Simulator,FAMILY,3.6,688,26.0,50000,Free,0.0,Everyone,Simulation,"September 20, 2016",1.2,4.0.3 and up
9865,EU Charter,BOOKS_AND_REFERENCE,4.6,33,37.0,1000,Free,0.0,Everyone,Books & Reference,"January 16, 2017",1.0.3,4.0 and up
9866,EU Council,COMMUNICATION,,7,19.0,1000,Free,0.0,Everyone,Communication,"July 4, 2018",1.3.0,4.4 and up
9867,EU Flags Free Live Wallpaper,PERSONALIZATION,3.4,730,2.3,100000,Free,0.0,Everyone,Personalization,"November 18, 2013",1.95,2.1 and up
9868,myLPG.eu,TRAVEL_AND_LOCAL,4.2,556,4.4,50000,Free,0.0,Everyone,Travel & Local,"July 25, 2018",1.95,4.0 and up
9870,EU Economy,PRODUCTIVITY,3.6,47,0.9,5000,Free,0.0,Everyone,Productivity,"December 19, 2017",9,4.2 and up
9871,Flag of European Union,PERSONALIZATION,4.2,36,5.3,1000,Free,0.0,Everyone,Personalization,"December 10, 2016",2,2.3.3 and up
9872,EU Data Protection,BOOKS_AND_REFERENCE,3.5,29,17.0,1000,Free,0.0,Everyone,Books & Reference,"July 15, 2016",2,4.0.3 and up
9873,Flag Of European Union LWP,PERSONALIZATION,4.3,88,4.2,1000,Free,0.0,Everyone,Personalization,"January 24, 2018",7,4.0.3 and up
9874,European Union Flag LWP,PERSONALIZATION,,3,5.3,100,Free,0.0,Everyone,Personalization,"August 29, 2016",1.1,4.1 and up
9875,Council Voting Calculator,COMMUNICATION,3.9,33,3.4,5000,Free,0.0,Everyone,Communication,"January 6, 2017",2.3.0,4.1 and up
9877,EU FTL Calculator,BUSINESS,3.6,60,1.8,10000,Free,0.0,Everyone,Business,"June 1, 2018",1.5.1,4.1 and up
9878,The EU Relocation Programme,FAMILY,,27,12.0,1000,Free,0.0,Everyone,Education,"July 28, 2016",1,4.0 and up
9879,Passenger rights,TRAVEL_AND_LOCAL,3.9,442,2.5,50000,Free,0.0,Everyone,Travel & Local,"January 16, 2018",1.1.3,4.0.3 and up
9880,EU Mobile Money Partenaire Commercial,FINANCE,4.3,70,3.9,10000,Free,0.0,Everyone,Finance,"May 14, 2018",1.3,4.0.3 and up
9881,Eurostat Country Profiles,PRODUCTIVITY,3.7,87,2.0,10000,Free,0.0,Everyone,Productivity,"April 12, 2018",37,4.0.3 and up
9882,EU in the World,FAMILY,,8,7.2,100,Free,0.0,Everyone,Entertainment,"March 2, 2018",1.1.1,4.1 and up
9883,My EU,FAMILY,3.8,4,13.0,100,Free,0.0,Everyone,Education,"May 15, 2017",3.2.1,4.1 and up
9884,Invasion: Defend EU,GAME,,7,20.0,50,Free,0.0,Everyone,Arcade,"December 8, 2017",1.0.|,2.3 and up
9885,R-EU-READY,GAME,4.1,13,16.0,500,Free,0.0,Everyone,Trivia,"March 2, 2016",1.5,2.2 and up
9886,taxi.eu,TRAVEL_AND_LOCAL,4.1,1865,22.0,100000,Free,0.0,Everyone,Travel & Local,"June 28, 2018",10.7.1388,4.4 and up
9887,CVRIA,BUSINESS,4.7,68,3.5,10000,Free,0.0,Everyone,Business,"May 11, 2017",1.1.10,4.4 and up
9889,EU Flag Live Wallpaper,PERSONALIZATION,,19,2.3,1000,Free,0.0,Everyone,Personalization,"June 9, 2016",1,2.3 and up
9891,European Solidarity Corps,SOCIAL,3.6,9,21.0,1000,Free,0.0,Teen,Social,"July 5, 2018",1.2.0,4.4 and up
9892,Have your say on Europe,COMMUNICATION,3.8,19,21.0,500,Free,0.0,Everyone,Communication,"April 19, 2018",1.1.0,4.1 and up
9893,EU CBRNE Glossary,LIBRARIES_AND_DEMO,,3,20.0,500,Free,0.0,Everyone,Libraries & Demo,"June 15, 2016",1.0.0,4.4 and up
9894,Doorstep EU,NEWS_AND_MAGAZINES,4.5,67,12.0,1000,Free,0.0,Everyone,News & Magazines,"June 26, 2018",1.8,4.1 and up
9895,EURES - Your Job in Europe,BUSINESS,2.7,358,2.0,50000,Free,0.0,Everyone,Business,"September 18, 2017",1.4.1,2.3.3 and up
9896,Autoroute.EU,BUSINESS,,10,2.7,1000,Free,0.0,Everyone,Business,"July 19, 2016",2.6,4.0.3 and up
9897,Invasive Alien Species Europe,FAMILY,4.5,13,13.0,1000,Free,0.0,Everyone,Education,"November 20, 2017",1.0.6,4.4 and up
9898,Countries of the European Union (Quiz),GAME,,11,7.0,100,Free,0.0,Everyone,Trivia,"February 3, 2018",1.3,5.0 and up
9899,EU Exit poll,LIFESTYLE,5.0,10,9.4,100,Free,0.0,Everyone,Lifestyle,"July 15, 2016",1.6,4.1 and up
9900,Schengen/EU App,TOOLS,4.0,24,11.0,1000,Free,0.0,Everyone,Tools,"February 27, 2018",1,4.1 and up
9902,EU WHO War,FAMILY,,0,1.2,50,Free,0.0,Everyone,Education,"December 23, 2013",1,3.0 and up
9903,Lazionews.eu,NEWS_AND_MAGAZINES,,25,18.0,1000,Free,0.0,Everyone,News & Magazines,"May 18, 2018",1.0.1,4.0 and up
9904,Brexit EU,FAMILY,4.4,7,7.5,500,Free,0.0,Everyone,Casual,"March 10, 2016",1,2.3 and up
9906,EU Life Explorer,NEWS_AND_MAGAZINES,4.0,2,12.0,50,Free,0.0,Everyone,News & Magazines,"May 8, 2017",1.1,4.1 and up
9907,E.U. Trademark Search Tool,BUSINESS,,0,3.1,10,Free,0.0,Everyone,Business,"March 29, 2018",1.5,4.0.3 and up
9908,EU VAT Checker,BUSINESS,3.1,7,0.0,1000,Free,0.0,Everyone,Business,"October 12, 2011",1,1.6 and up
9909,Dotti EU,BUSINESS,,15,4.3,1000,Free,0.0,Everyone,Business,"May 9, 2018",2.1.18,4.4 and up
9911,daskal.eu,FAMILY,5.0,5,15.0,50,Free,0.0,Everyone,Education,"October 6, 2017",2.3.3,4.4 and up
9912,Intra- and extra-EU trade data,FINANCE,,1,2.5,100,Free,0.0,Everyone,Finance,"December 16, 2015",1.0.5,4.0 and up
9913,Programi podrške EU,COMMUNICATION,,0,5.4,100,Free,0.0,Everyone,Communication,"January 15, 2018",1.0.3,4.1 and up
9914,EU FP7 Adventure,BUSINESS,,2,5.2,100,Free,0.0,Everyone,Business,"February 15, 2013",1,2.2 and up
9915,GastroHunter.EU,LIFESTYLE,,1,1.5,10,Free,0.0,Everyone,Lifestyle,"April 23, 2015",1,4.3 and up
9916,EU IP Codes,BOOKS_AND_REFERENCE,,2,1.0,100,Free,0.0,Everyone,Books & Reference,"January 8, 2014",1.0.4,4.0 and up
9918,MOTOBAZAR EU,LIFESTYLE,,1,2.0,100,Free,0.0,Everyone,Lifestyle,"May 6, 2018",1.2.36,4.0.3 and up
9919,TattooSupplies.eu,SHOPPING,,31,34.0,1000,Free,0.0,Everyone,Shopping,"August 9, 2017",1.3.1,4.1 and up
9922,Inbox.eu,COMMUNICATION,3.7,98,9.7,10000,Free,0.0,Everyone,Communication,"July 11, 2018",6.4.7,4.3 and up
9923,CALIOPE EU: Air Quality,HEALTH_AND_FITNESS,3.9,21,2.2,1000,Free,0.0,Everyone,Health & Fitness,"October 30, 2015",1.1.2,4.0 and up
9924,Konferencija.eu,BUSINESS,,3,1.6,10,Free,0.0,Everyone,Business,"March 21, 2017",1.0.2,4.0 and up
9925,Reisedealz.eu,SOCIAL,,0,10.0,10,Free,0.0,Everyone,Social,"September 24, 2015",1,4.0 and up
9926,Going Abroad,FAMILY,3.0,606,42.0,50000,Free,0.0,Everyone 10+,Educational,"August 16, 2016",1.2,4.0 and up
9927,EU GDPR RiskCalc,BUSINESS,,1,13.0,50,Free,0.0,Everyone,Business,"October 3, 2017",1.0.0,4.2 and up
9928,EU Whoiswho,BUSINESS,,0,2.7,10,Free,0.0,Everyone,Business,"December 1, 2016",0.0.1,4.0 and up
9929,EU Brazil Green Business Forum,PRODUCTIVITY,,0,8.7,10,Free,0.0,Everyone,Productivity,"April 18, 2017",1.7.1,2.1 and up
9930,EU-Schwerbehinderung,NEWS_AND_MAGAZINES,,3,32.0,100,Free,0.0,Everyone 10+,News & Magazines,"July 16, 2018",2.0.3.53,6.0 and up
9931,SK Bosnia Online EU Teplice,SPORTS,,2,10.0,5,Free,0.0,Everyone,Sports,"August 21, 2017",1.2,4.0 and up
9933,Qserve EU MDR First Aid,BUSINESS,3.0,2,17.0,100,Free,0.0,Everyone,Business,"May 11, 2017",1.2.22,4.1 and up
9935,TrainPal EU- Book German Train Tickets,MAPS_AND_NAVIGATION,,1,21.0,100,Free,0.0,Everyone,Maps & Navigation,"March 29, 2018",1.0.0,4.2 and up
9937,NativeScript Developer Day EU,BUSINESS,,2,12.0,100,Free,0.0,Everyone,Business,"September 23, 2017",1.2,4.2 and up
9938,EU FP7 SAM,BUSINESS,,0,9.7,10,Free,0.0,Everyone,Business,"March 12, 2015",1.0.3,4.0 and up
9939,Rail Planner Eurail/Interrail,MAPS_AND_NAVIGATION,4.2,3596,31.0,1000000,Free,0.0,Everyone,Maps & Navigation,"June 15, 2018",3.0.1 (70),4.0 and up
9940,eu sou franky,BUSINESS,3.7,195,4.0,10000,Free,0.0,Everyone,Business,"November 21, 2016",1.0.1,4.0 and up
9942,efootwear.eu - online store,SHOPPING,4.5,928,8.6,100000,Free,0.0,Everyone,Shopping,"August 2, 2018",1.7.0,4.4 and up
9943,ChargeHub - Find EV & Tesla Charging Stations,MAPS_AND_NAVIGATION,4.6,796,25.0,50000,Free,0.0,Everyone,Maps & Navigation,"May 18, 2018",6.7.0,4.0.3 and up
9944,PlugShare,MAPS_AND_NAVIGATION,4.7,4501,26.0,100000,Free,0.0,Teen,Maps & Navigation,"July 25, 2018",3.5.1,4.0.3 and up
9945,NEXTCHARGE - Charging Stations,MAPS_AND_NAVIGATION,4.3,891,6.4,50000,Free,0.0,Everyone,Maps & Navigation,"July 26, 2018",4.5.1,4.1 and up
9947,EV Connect,MAPS_AND_NAVIGATION,2.8,25,5.8,1000,Free,0.0,Everyone,Maps & Navigation,"August 6, 2018",2.10.0,5.0 and up
9948,HondaLink EV,TOOLS,2.8,44,41.0,10000,Free,0.0,Everyone,Tools,"June 20, 2018",3.8,2.3 and up
9949,EV Stations Hawaii,MAPS_AND_NAVIGATION,3.6,7,2.5,1000,Free,0.0,Everyone,Maps & Navigation,"May 30, 2017",3.0.6,4.1 and up
9951,EV Trip Optimizer for Tesla,AUTO_AND_VEHICLES,3.2,46,6.6,1000,Free,0.0,Everyone,Auto & Vehicles,"June 26, 2018",3.4,4.1 and up
9952,JuiceNet - Smart EV Charging,MAPS_AND_NAVIGATION,3.5,106,24.0,5000,Free,0.0,Everyone,Maps & Navigation,"July 9, 2018",2.1.223,4.0 and up
9953,Zap-Map: EV charging points UK,MAPS_AND_NAVIGATION,3.8,181,9.8,10000,Free,0.0,Everyone,Maps & Navigation,"July 6, 2018",4.0.4,4.1 and up
9954,EV Charging,MAPS_AND_NAVIGATION,3.5,8,32.0,1000,Free,0.0,Everyone,Maps & Navigation,"August 1, 2017",2.0.0,4.1 and up
9956,CHOSEN - EV Smart Charger,AUTO_AND_VEHICLES,,1,19.0,10,Free,0.0,Everyone,Auto & Vehicles,"August 7, 2018",3.4.4,4.2 and up
9957,Electric Car Charging Points: Ev charger Stations,MAPS_AND_NAVIGATION,4.5,8,8.1,100,Free,0.0,Everyone,Maps & Navigation,"August 3, 2018",1.3,4.1 and up
9958,ELMO EV Charging,MAPS_AND_NAVIGATION,3.4,14,6.2,1000,Free,0.0,Everyone,Maps & Navigation,"January 25, 2018",2.1.05,4.0.3 and up
9959,Bolt - EV Charging Service,AUTO_AND_VEHICLES,3.0,9,8.4,100,Free,0.0,Everyone,Auto & Vehicles,"March 23, 2018",2.2.0,5.0 and up
9960,To-U - free EV public charging,TRAVEL_AND_LOCAL,4.4,75,19.0,1000,Free,0.0,Everyone,Travel & Local,"May 23, 2018",2.9.0,4.1 and up
9961,Light Meter - EV,PHOTOGRAPHY,4.0,26,8.5,1000,Free,0.0,Everyone,Photography,"August 2, 2018",4.1.1,4.4 and up
9962,Mas Akıllı Ev,HOUSE_AND_HOME,,13,43.0,100,Free,0.0,Everyone,House & Home,"April 18, 2018",3.2,4.4 and up
9963,EV Finder,TOOLS,4.3,29,23.0,1000,Free,0.0,Everyone,Tools,"February 7, 2017",2.7,2.3 and up
9964,SpeedApp EV,AUTO_AND_VEHICLES,,0,48.0,5,Free,0.0,Everyone,Auto & Vehicles,"July 4, 2018",1.2,6.0 and up
9965,EV Real Estate Search,LIFESTYLE,4.1,88,20.0,5000,Free,0.0,Everyone,Lifestyle,"July 13, 2018",5.600.49,4.0.3 and up
9966,Ev Dizayn,LIFESTYLE,3.6,30,5.2,5000,Free,0.0,Everyone,Lifestyle,"March 4, 2015",1,4.0 and up
9967,Power Plug EV charger,MAPS_AND_NAVIGATION,3.7,13,3.9,1000,Free,0.0,Everyone,Maps & Navigation,"December 22, 2014",1.1,2.3.3 and up
9968,Builder Craft: House Building & Exploration,FAMILY,4.2,20807,52.0,1000000,Free,0.0,Everyone 10+,Simulation,"August 2, 2017",1.3,4.1 and up
9969,Texas Hold'em EV Calculator,TOOLS,3.7,6,1.3,1000,Free,0.0,Everyone,Tools,"November 8, 2015",1,2.3 and up
9970,Bird - Enjoy The Ride,TRAVEL_AND_LOCAL,4.3,2649,25.0,500000,Free,0.0,Everyone,Travel & Local,"August 3, 2018",4.1.1,4.4 and up
9971,AÖF Ev İdaresi 1. Sınıf,FAMILY,,2,11.0,1000,Free,0.0,Everyone,Education,"July 15, 2018",3,4.1 and up
9972,EV Bon Dictionary,FAMILY,,11,16.0,500,Free,0.0,Everyone,Education,"October 28, 2017",2,4.0 and up
9973,German Vocabulary Trainer,FAMILY,3.3,1218,1.0,100000,Free,0.0,Everyone,Education,"August 24, 2012",1,2.1 and up
9977,Electric Car Taxi Driver: NY City Cab Taxi Games,FAMILY,4.0,5886,54.0,1000000,Free,0.0,Everyone,Simulation,"May 28, 2018",1.2,4.0 and up
9978,EV Calculator,TOOLS,4.9,85,19.0,1000,Free,0.0,Everyone,Tools,"July 5, 2018",1.2,4.1 and up
9981,PokeType - Dex,FAMILY,4.6,36813,33.0,500000,Free,0.0,Everyone,Entertainment,"May 1, 2018",4.2.0,4.1 and up
9985,Doll House Design & Decoration 2: Girls House Game,FAMILY,3.9,2338,45.0,100000,Free,0.0,Everyone,Simulation,"May 29, 2018",1.1,4.1 and up
9987,eCooltra: scooter sharing. Share electric scooters,TRAVEL_AND_LOCAL,4.2,2822,27.0,100000,Free,0.0,Everyone,Travel & Local,"July 27, 2018",1.21.2,4.1 and up
9989,E.W. James & Sons,SHOPPING,,2,4.9,500,Free,0.0,Everyone,Shopping,"April 11, 2018",3.0.2,5.0 and up
9990,EW Manager,BUSINESS,,0,4.4,10,Free,0.0,Everyone,Business,"February 20, 2018",1.0.0,4.1 and up
9991,PeopleTV - Watch Celebrity News,FAMILY,4.3,2223,8.6,100000,Free,0.0,Teen,Entertainment,"March 28, 2018",1.2.0.8,4.1 and up
9992,ew-Magazin,NEWS_AND_MAGAZINES,,2,13.0,100,Free,0.0,Everyone,News & Magazines,"December 13, 2016",3.5.0,4.0 and up
9993,EW PDF,BOOKS_AND_REFERENCE,,0,8.7,5,Free,0.0,Everyone,Books & Reference,"February 14, 2018",1.0.2,4.4 and up
9994,EW Gate,BUSINESS,,0,12.0,50,Free,0.0,Everyone,Business,"April 16, 2018",3.07,4.0 and up
9995,E W Bookkeeping & Accountancy,FINANCE,,1,29.0,100,Free,0.0,Everyone,Finance,"April 23, 2018",1.0.0,4.1 and up
9997,EW Login,BUSINESS,,0,5.8,10,Free,0.0,Everyone,Business,"December 13, 2017",1.0.0,4.0.3 and up
9998,Water Surfer Racing In Moto,GAME,4.3,2233,36.0,1000000,Free,0.0,Everyone,Racing,"February 28, 2018",1.1,2.3 and up
9999,EW Handbook,BUSINESS,,1,17.0,100,Free,0.0,Everyone,Business,"June 11, 2015",4,2.3.3 and up
10000,Mee-EW,TOOLS,,0,17.0,5,Free,0.0,Everyone,Tools,"August 2, 2018",1.0.1,4.1 and up
10001,EW Widgets for Zooper,TOOLS,3.4,5,1.9,100,Free,0.0,Everyone,Tools,"December 3, 2016",1.0.2,4.0.3 and up
10003,The List,NEWS_AND_MAGAZINES,3.5,66,12.0,10000,Free,0.0,Everyone,News & Magazines,"June 1, 2017",6.11,4.1 and up
10004,EW MOTION THERAPY,HEALTH_AND_FITNESS,,0,7.1,10,Free,0.0,Everyone,Health & Fitness,"July 9, 2018",4.2.2,4.1 and up
10007,EW Neuron Scan,TOOLS,,1,6.5,10,Free,0.0,Everyone,Tools,"January 31, 2018",1.6.2,5.0 and up
10014,Raytheon F-16 EW 360 VR,FAMILY,4.5,6,22.0,500,Free,0.0,Everyone,Entertainment,"June 9, 2017",1.0.01,4.4 and up
10019,Storm Shield,WEATHER,3.5,2000,14.0,100000,Free,0.0,Everyone,Weather,"July 31, 2018",4.1.12,5.0 and up
10020,EdiRange,TOOLS,3.0,736,1.8,100000,Free,0.0,Everyone,Tools,"July 5, 2017",1.11,4.0.3 and up
10022,Beard Live Camera Photo Editor,BEAUTY,4.7,900,30.0,5000,Free,0.0,Everyone,Beauty,"March 25, 2018",1.1,4.0.3 and up
10028,Garden Fever - Free!,FAMILY,3.9,13253,12.0,1000000,Free,0.0,Everyone,Puzzle,"August 9, 2016",2.1.080,2.3 and up
10040,GO Weather EX Theme White,WEATHER,4.2,8723,4.6,500000,Free,0.0,Everyone,Weather,"August 27, 2014",1,2.2 and up
10042,MIUI Style GO Weather EX,WEATHER,4.2,2115,1.1,500000,Free,0.0,Everyone,Weather,"July 4, 2014",1.3,1.6 and up
10045,Get Over Your Ex,DATING,4.1,10,11.0,5000,Free,0.0,Everyone,Dating,"April 12, 2017",1.1,4.0.3 and up
10054,Aurum Blade EX,FAMILY,4.3,28151,17.0,1000000,Free,0.0,Everyone 10+,Role Playing,"June 4, 2015",1.0.2,2.2 and up
10055,SCI-Ex,HEALTH_AND_FITNESS,3.5,8,7.9,1000,Free,0.0,Everyone,Health & Fitness,"June 28, 2018",1.0060.b0060,5.0 and up
10056,Papyrus Ex,TOOLS,4.6,1092,0.2,100000,Free,0.0,Everyone,Tools,"June 27, 2012",2.3.3,2.1 and up
10057,GLASS GO Launcher EX Theme,PERSONALIZATION,4.2,18280,6.0,1000000,Free,0.0,Everyone,Personalization,"January 8, 2015",1.28,1.6 and up
10058,Moonlight GO Weather EX,WEATHER,4.2,11510,3.5,1000000,Free,0.0,Everyone,Weather,"August 28, 2014",1.4,2.2 and up
10059,My Ex Girlfriend Comes Back,FAMILY,3.7,3258,26.0,500000,Free,0.0,Everyone,Casual,"March 4, 2016",1.0.0,2.3 and up
10061,Gods Wars Ex : Vampire,FAMILY,3.9,1550,21.0,100000,Free,0.0,Teen,Role Playing,"October 28, 2017",1.0.6,3.0 and up
10062,BakaReader EX,BOOKS_AND_REFERENCE,4.3,8894,2.3,100000,Free,0.0,Everyone,Books & Reference,"July 23, 2018",1.1.51,4.0 and up
10065,Ex Quotes,LIFESTYLE,4.4,129,8.1,50000,Free,0.0,Everyone 10+,Lifestyle,"June 16, 2018",3.0.1,4.1 and up
10068,Ex Service Taxis,BUSINESS,3.5,15,8.0,1000,Free,0.0,Everyone,Business,"October 21, 2015",20.7.9.2,2.3 and up
10069,Rejoin Your Ex,SOCIAL,,0,29.0,100,Free,0.0,Everyone,Social,"May 26, 2015",2,2.3.3 and up
10071,How To Get Your Ex Back Fast,LIFESTYLE,4.0,22,19.0,5000,Free,0.0,Everyone,Lifestyle,"February 7, 2018",15,4.0.3 and up
10074,Virtual Dice EX,GAME,4.3,40,3.6,5000,Free,0.0,Everyone,Board,"March 15, 2016",2.8,3.0 and up
10075,Black Theme Go Launcher EX,PERSONALIZATION,4.1,285,3.9,50000,Free,0.0,Teen,Personalization,"October 3, 2017",5,2.3 and up
10076,EY Events,BUSINESS,2.5,31,54.0,10000,Free,0.0,Everyone,Business,"April 4, 2018",2.6,4.1 and up
10077,EY GlobalOne,BUSINESS,2.7,11,6.8,1000,Free,0.0,Everyone,Business,"November 27, 2017",3.1.0,2.2 and up
10078,EY Team Connect,PRODUCTIVITY,,0,38.0,50,Free,0.0,Everyone,Productivity,"June 8, 2018",1.20180531.3,5.0 and up
10079,EY eMentor,FAMILY,,5,44.0,500,Free,0.0,Everyone,Education,"November 3, 2016",1.0.0,4.4 and up
10080,EY Conferences,BUSINESS,,1,30.0,1000,Free,0.0,Everyone,Business,"May 16, 2018",5.28,5.0 and up
10081,EY Africa,BUSINESS,,0,8.4,100,Free,0.0,Everyone,Business,"April 9, 2018",1.42.180409,4.2 and up
10082,EY TaxChat,FINANCE,1.2,44,27.0,1000,Free,0.0,Everyone,Finance,"April 9, 2018",3.24.0,6.0 and up
10083,EY Expenses,FINANCE,,0,10.0,1000,Free,0.0,Everyone,Finance,"July 9, 2018",1.1,4.1 and up
10084,EY Tax Briefing,BUSINESS,,3,15.0,100,Free,0.0,Everyone,Business,"March 21, 2018",1,4.1 and up
10085,EY Digital Direct,BUSINESS,,0,27.0,5,Free,0.0,Everyone,Business,"August 3, 2018",2,6.0 and up
10086,EY India Tax Insights,BUSINESS,4.7,87,5.1,10000,Free,0.0,Everyone,Business,"July 15, 2017",0.0.1,4.1 and up
10087,EY Forensics,FINANCE,4.9,7,3.4,1000,Free,0.0,Everyone,Finance,"June 17, 2016",1.0.1,4.0.3 and up
10088,EY India CFO Insights,BUSINESS,4.7,37,10.0,5000,Free,0.0,Everyone,Business,"June 29, 2018",1.5,4.1 and up
10089,EY Digital Tax AR,BUSINESS,,2,19.0,100,Free,0.0,Everyone,Business,"September 29, 2017",1.6,4.0 and up
10090,EY Divest,BUSINESS,,0,54.0,5,Free,0.0,Everyone,Business,"July 11, 2017",1.0.0,4.0 and up
10091,EY ATL Fuel Calculator,PRODUCTIVITY,4.4,15,3.1,500,Free,0.0,Everyone,Productivity,"July 21, 2018",12,2.1 and up
10092,Fuel Calculator for EY,TOOLS,4.7,32,2.7,1000,Free,0.0,Everyone,Tools,"June 15, 2018",1.11,2.1 and up
10093,EY Digi India Personal Tax,BUSINESS,4.0,2,1.7,100,Free,0.0,Everyone,Business,"May 24, 2018",5,4.0.3 and up
10094,EY Catalyst Reader,BUSINESS,,1,8.4,5,Free,0.0,Everyone,Business,"April 10, 2018",1.2.1,5.0 - 7.1.1
10095,Pink Guy - Ey B0ss,FAMILY,4.7,13,1.2,500,Free,0.0,Everyone,Entertainment,"May 4, 2016",1,4.0.3 and up
10096,EY Staff ENTERTAINER,LIFESTYLE,4.3,218,19.0,10000,Free,0.0,Everyone,Lifestyle,"January 16, 2017",1.0.3,2.3 and up
10097,EY EMEIA Diversity & Inclusion,BUSINESS,,4,12.0,500,Free,0.0,Everyone,Business,"November 25, 2016",1.0.0,4.4 and up
10098,Ey Sey Storytime រឿងនិទានតាឥសី,FAMILY,4.7,1327,44.0,10000,Free,0.0,Everyone,Education;Education,"May 18, 2017",1.2.2,4.0.3 and up
10099,EY Football,SPORTS,,0,26.0,10,Free,0.0,Everyone,Sports,"August 14, 2017",1,4.1 and up
10101,Amleen Ey,SOCIAL,,0,19.0,1,Free,0.0,Everyone,Social,"July 24, 2017",1,4.1 and up
10102,EY Events Switzerland,PRODUCTIVITY,,1,18.0,500,Free,0.0,Teen,Productivity,"June 29, 2018",7.17.2.3,5.0 and up
10103,EY TaxLaw NL,BUSINESS,,9,3.3,100,Free,0.0,Everyone,Business,"July 3, 2018",3.0.1,4.1 and up
10104,EY-Parthenon,BUSINESS,,1,30.0,5,Free,0.0,Everyone,Business,"June 25, 2018",5.30.01,5.1 and up
10105,EY Belgium Inhouse Day 2018,EVENTS,,0,24.0,10,Free,0.0,Everyone,Events,"May 14, 2018",18.4.8.0,4.1 and up
10106,Tenh Ey,SHOPPING,,0,4.5,10,Free,0.0,Everyone,Shopping,"March 31, 2017",1.0.1,4.4 and up
10107,EY Oil & Gas,BUSINESS,4.6,20,15.0,1000,Free,0.0,Everyone,Business,"October 12, 2017",1.4.36,4.0.3 and up
10108,Coupe Adhémar EY 2017,SOCIAL,,6,10.0,50,Free,0.0,Teen,Social,"December 26, 2016",1.3,4.1 and up
10109,哈哈姆特不EY,COMMUNICATION,,239,18.0,10000,Free,0.0,Everyone,Communication,"July 31, 2018",1.3.4,4.4 and up
10110,Adhenarcos - Coupe Adhemar EY 2018,FAMILY,,0,13.0,100,Free,0.0,Teen,Entertainment,"January 10, 2018",1,4.1 and up
10111,Third Eye,TOOLS,4.4,19877,4.5,1000000,Free,0.0,Everyone,Tools,"January 7, 2018",1.1.6,4.0 and up
10112,Sudoku Master,GAME,4.4,58387,3.3,1000000,Free,0.0,Everyone,Word,"December 13, 2013",1.1.2,2.1 and up
10114,Hey That's Pretty Good!,TOOLS,4.6,222,10.0,10000,Free,0.0,Everyone,Tools,"July 29, 2016",4.2.0,2.3 and up
10115,Everbridge,COMMUNICATION,3.1,497,36.0,100000,Free,0.0,Everyone,Communication,"July 17, 2018",8.6.2,4.4 and up
10116,I am Dentist - Save my Teeth,FAMILY,4.3,7443,33.0,100000,Free,0.0,Everyone,Casual,"September 29, 2016",1.0.11,3.0 and up
10117,Best Auto Call Recorder Free,COMMUNICATION,3.7,7,4.3,500,Free,0.0,Everyone,Communication,"October 2, 2017",2.1,4.1 and up
10119,EyPools,HOUSE_AND_HOME,,2,0.7,100,Free,0.0,Everyone,House & Home,"November 24, 2017",1.3,4.0 and up
10123,EZ Video Download for Facebook,SOCIAL,4.1,34079,1.3,1000000,Free,0.0,Teen,Social,"March 14, 2017",2.001,4.0.3 and up
10125,EZ Cleaner - Booster Optimizer,TOOLS,4.4,6801,2.8,500000,Free,0.0,Everyone,Tools,"January 8, 2018",1.3.1,4.0.3 and up
10126,EZ PZ RPG,FAMILY,3.8,70903,47.0,1000000,Free,0.0,Everyone 10+,Role Playing,"October 27, 2016",2.164.4,2.3 and up
10129,EZ Inspections,PRODUCTIVITY,2.8,160,7.6,10000,Free,0.0,Everyone,Productivity,"July 27, 2018",4.5.24,4.2 and up
10130,EZ-ELD Update,AUTO_AND_VEHICLES,3.1,14,4.6,1000,Free,0.0,Everyone,Auto & Vehicles,"February 9, 2018",16,4.3 and up
10131,EZ Display,PRODUCTIVITY,2.9,280,10.0,50000,Free,0.0,Everyone,Productivity,"November 14, 2014",1.0.0.457,4.0 and up
10132,EZ Web Video Cast | Chromecast,VIDEO_PLAYERS,4.1,1276,4.6,100000,Free,0.0,Everyone,Video Players & Editors,"December 14, 2017",1,4.4 and up
10133,ez Share Android app,PHOTOGRAPHY,3.3,1461,13.0,100000,Free,0.0,Everyone,Photography,"August 31, 2017",3.2.6,2.3 and up
10134,EZ File Manager(Root Explorer),PRODUCTIVITY,3.5,626,1.2,100000,Free,0.0,Everyone,Productivity,"June 23, 2015",1.1,3.2 and up
10135,EZ Launcher,PERSONALIZATION,4.2,18926,2.9,1000000,Free,0.0,Everyone,Personalization,"September 28, 2013",0.5.2 beta,2.2 and up
10136,EZ-SEE,VIDEO_PLAYERS,2.8,71,10.0,10000,Free,0.0,Everyone,Video Players & Editors,"July 18, 2018",3.08,5.0 and up
10137,EZ-ELD Driver App (Free),AUTO_AND_VEHICLES,2.1,83,4.8,5000,Free,0.0,Everyone,Auto & Vehicles,"July 29, 2018",1.0.12,4.3 and up
10138,Ez Mirror Match,GAME,4.4,3344,36.0,500000,Free,0.0,Everyone,Arcade,"January 3, 2018",2.1,4.0 and up
10139,EZ Notes Lite,PRODUCTIVITY,4.4,69,3.5,1000,Free,0.0,Everyone,Productivity,"July 8, 2016",2.79,4.0 and up
10141,Dream EZ,HEALTH_AND_FITNESS,4.1,107,50.0,10000,Free,0.0,Everyone,Health & Fitness,"March 24, 2016",1.0.0,3.0 and up
10142,Ez Texting,BUSINESS,3.3,49,0.1,10000,Free,0.0,Everyone,Business,"January 18, 2012",0.59,2.1 and up
10143,EZ TV Player,VIDEO_PLAYERS,3.5,51,11.0,10000,Free,0.0,Everyone,Video Players & Editors,"June 26, 2018",8.0.9,5.0 and up
10144,EZ-GUI Ground Station,TOOLS,4.7,3696,29.0,50000,Free,0.0,Everyone,Tools,"August 10, 2017",4.5,4.3 and up
10145,Ez iCam,PHOTOGRAPHY,3.1,7300,46.0,1000000,Free,0.0,Teen,Photography,"January 12, 2018",V4.1.0,5.0 and up
10146,E-Z App™ Train Control,TOOLS,4.3,33,46.0,1000,Free,0.0,Everyone,Tools,"December 6, 2016",1,4.3 and up
10147,EZ App Installer,TOOLS,4.1,533,1.4,100000,Free,0.0,Everyone,Tools,"July 22, 2017",1.4.13,4.0 and up
10148,EZ Clock & Weather Widget,WEATHER,4.2,6849,1.2,1000000,Free,0.0,Everyone,Weather,"March 5, 2014",v1.9.6 beta 1,2.1 and up
10149,EZ Pass,TOOLS,2.5,15,0.2,5000,Free,0.0,Everyone,Tools,"September 10, 2016",1.3,2.3 and up
10151,EZ View,BUSINESS,3.0,287,9.8,50000,Free,0.0,Everyone,Business,"October 26, 2015",1.0.0.32,4.0 and up
10152,EZ TAG Express,TRAVEL_AND_LOCAL,3.2,86,39.0,10000,Free,0.0,Everyone,Travel & Local,"May 17, 2018",2.5.186032,4.4 and up
10153,EZ Wifi Notification,COMMUNICATION,4.3,260,0.2,10000,Free,0.0,Everyone,Communication,"August 11, 2014",1.8,2.2 and up
10154,EZ-VPNGate,TOOLS,4.3,36,12.0,5000,Free,0.0,Everyone,Tools,"August 21, 2017",1.0.7,4.0.3 and up
10155,EZ Switch Widget,PRODUCTIVITY,4.2,2412,0.2,100000,Free,0.0,Everyone,Productivity,"September 27, 2012",0.1.8 beta,2.2 and up
10157,EZ LED,TOOLS,2.2,19,2.1,1000,Free,0.0,Everyone,Tools,"September 5, 2017",1.1,4.3 and up
10158,F&M Bank - EZ Banking,FINANCE,3.9,49,3.9,10000,Free,0.0,Everyone,Finance,"February 24, 2017",3.34.0+1702241319.a,4.1 and up
10159,My EZ-Link Mobile,LIFESTYLE,2.8,3187,11.0,100000,Free,0.0,Everyone,Lifestyle,"January 27, 2017",1.0.11,4.0 and up
10160,EZ Financial Calculator,FINANCE,4.4,32,2.3,1000,Free,0.0,Everyone,Finance,"January 13, 2018",2.3,4.4 and up
10161,EZ Quran,BOOKS_AND_REFERENCE,4.6,595,8.5,50000,Free,0.0,Everyone,Books & Reference,"June 28, 2016",6,4.1 and up
10162,EZ Screenshot,TOOLS,4.4,55,1.4,5000,Free,0.0,Everyone,Tools,"September 12, 2017",1.1.4,5.0 and up
10163,EZ Utilities Extension,TOOLS,3.9,33,0.5,5000,Free,0.0,Everyone,Tools,"May 5, 2016",9,6.0 and up
10164,EZ-Placard - Free Placard Calculator,TOOLS,2.9,7,2.4,1000,Free,0.0,Everyone,Tools,"October 26, 2017",2,4.1 and up
10165,EZ game screen recorder with audio 1080P,VIDEO_PLAYERS,4.1,40,3.9,1000,Free,0.0,Everyone,Video Players & Editors,"July 13, 2017",1.0.0,5.0 and up
10167,HTC Sense Input - FA,TOOLS,4.6,1420,1.6,100000,Free,0.0,Everyone,Tools,"November 9, 2015",1.0.606863,5.0 and up
10169,Test Server SMS FA,COMMUNICATION,,0,1.8,5,Free,0.0,Everyone,Communication,"July 27, 2018",1,4.0.3 and up
10172,Facebook Face to Face Events,BUSINESS,4.4,4518,26.0,1000000,Free,0.0,Everyone,Business,"March 1, 2018",1.5,4.1 and up
10173,FA Part 1 & 2 Past Papers Solved Free – Offline,BOOKS_AND_REFERENCE,3.9,46,3.0,5000,Free,0.0,Everyone,Books & Reference,"April 30, 2018",1.1,4.0 and up
10175,Il Coccodrillo Come Fa,FAMILY,3.4,17,0.2,1000,Free,0.0,Everyone,Entertainment,"November 21, 2014",1,4.0 and up
10176,Hertfordshire FA,SPORTS,,0,3.6,500,Free,0.0,Everyone,Sports,"January 18, 2017",1.3,4.0.3 and up
10177,Farsi Keyboard,TOOLS,4.3,9716,1.3,1000000,Free,0.0,Everyone,Tools,"April 10, 2018",4.7,4.0 and up
10180,Dio Fa Cose,FAMILY,,35,1.3,1000,Free,0.0,Everyone,Entertainment,"March 15, 2018",1,2.3.3 and up
10181,FaFaFa™ Gold Casino: Free slot machines,GAME,4.3,11051,44.0,1000000,Free,0.0,Teen,Casino,"June 25, 2018",1.9.58,4.0.3 and up
10183,F.A Sumon songs,FAMILY,,6,5.4,1000,Free,0.0,Everyone,Entertainment,"March 18, 2018",1.1,4.1 and up
10184,NCLEX-RN Q&A FLASH CARDS - FA Davis,MEDICAL,,2,7.6,1000,Free,0.0,Everyone,Medical,"July 19, 2018",2.7.6,5.0 and up
10185,LEADS FA,FINANCE,,31,14.0,1000,Free,0.0,Everyone,Finance,"October 17, 2017",1,4.1 and up
10187,All AJK Board Matric Fa Fsc Results,FAMILY,,0,2.6,10,Free,0.0,Everyone,Education,"July 22, 2018",1,4.0 and up
10191,Authy 2-Factor Authentication,TOOLS,4.3,15070,6.3,1000000,Free,0.0,Everyone,Tools,"July 30, 2018",23.2.7,4.0.3 and up
10195,Flash Light on Call & SMS,TOOLS,4.1,25438,3.2,1000000,Free,0.0,Everyone,Tools,"April 24, 2018",1.2.3,4.0.3 and up
10198,Swift for Facebook Lite,SOCIAL,4.3,9562,5.8,500000,Free,0.0,Teen,Social,"May 31, 2018",4.1.0,Varies with device
10199,Friendly for Facebook,SOCIAL,4.5,42621,23.0,1000000,Free,0.0,Teen,Social,"August 7, 2018",2.1.05,4.4 and up
10201,Mini for fb lite,TOOLS,4.0,710,1.1,100000,Free,0.0,Everyone,Tools,"May 24, 2018",1,2.3 and up
10202,Faster for Facebook Lite,SOCIAL,4.3,24456,4.6,1000000,Free,0.0,Teen,Social,"May 29, 2018",4.7,4.1 and up
10204,Who Viewed My FB Profile,FAMILY,3.4,121,6.3,10000,Free,0.0,Everyone,Entertainment,"December 26, 2017",2,4.0.3 and up
10206,Lite for Facebook Messenger,COMMUNICATION,4.3,76498,4.3,1000000,Free,0.0,Teen,Communication,"June 20, 2018",6.3.2,Varies with device
10207,Profile Tracker - Who Viewed My Facebook Profile,SOCIAL,4.7,37090,4.8,500000,Free,0.0,Teen,Social,"August 1, 2018",5.4,4.1 and up
10208,Who viewed my fb profile pro★★,FAMILY,4.5,6396,4.2,100000,Free,0.0,Everyone,Entertainment,"August 17, 2017",24.4,4.1 and up
10209,Video Downloader For FB: Save FB Videos 2018,TOOLS,4.3,434,3.6,50000,Free,0.0,Everyone,Tools,"August 8, 2018",1.1.9,4.0.3 and up
10210,Pink Color for Facebook,SOCIAL,4.1,5285,4.0,500000,Free,0.0,Everyone,Social,"July 1, 2018",2.0.5,4.1 and up
10212,"Stickers for Imo, fb, whatsapp",SOCIAL,4.4,214,8.7,10000,Free,0.0,Teen,Social,"October 23, 2016",1.0.0.2,2.3 and up
10214,Downloader plus for FB,SOCIAL,,4,5.1,500,Free,0.0,Everyone,Social,"December 23, 2017",1.3,4.2 and up
10215,Cover Camera for FB,PHOTOGRAPHY,3.8,742,1.8,100000,Free,0.0,Everyone,Photography,"March 9, 2014",3.0.0,2.2 and up
10216,MB Notifications for FB (Free),SOCIAL,3.9,3047,1.5,100000,Free,0.0,Teen,Social,"April 29, 2015",1.17.0,2.3 and up
10217,MultiMessage for FB Messenger,PRODUCTIVITY,4.2,182,7.0,50000,Free,0.0,Everyone,Productivity,"April 28, 2018",1.0.1,4.2 and up
10219,FB Live,BUSINESS,3.7,27,18.0,5000,Free,0.0,Everyone,Business,"May 17, 2018",1.2.0,5.0 and up
10220,Phoenix - Facebook & Messenger,SOCIAL,4.3,9606,3.4,100000,Free,0.0,Teen,Social,"July 18, 2018",2.2.0717,5.0 and up
10221,Faster Social for Facebook,SOCIAL,4.2,1236,3.3,100000,Free,0.0,Teen,Social,"August 2, 2018",1.8,4.3 and up
10222,Check Your Visitors on FB ?,SOCIAL,3.6,40,1.5,5000,Free,0.0,Everyone,Social,"February 17, 2017",4.4,4.2 and up
10223,Videos downloader for Facebook:fast fb video saver,VIDEO_PLAYERS,4.3,20,5.1,5000,Free,0.0,Everyone,Video Players & Editors,"April 27, 2018",1.0.0,4.0.3 and up
10224,Stickers for Facebook,SOCIAL,4.3,11066,10.0,1000000,Free,0.0,Everyone,Social,"March 13, 2018",1.4,4.4 and up
10225,Video Download For FB,TOOLS,4.3,444,1.6,100000,Free,0.0,Everyone,Tools,"July 14, 2017",1,3.0 and up
10226,Video Downloader for FB : Video Download with Link,VIDEO_PLAYERS,4.5,1060,3.2,100000,Free,0.0,Everyone,Video Players & Editors,"December 20, 2017",2.1,4.0 and up
10227,Video Downloader for FB,TOOLS,4.3,53,3.0,5000,Free,0.0,Everyone,Tools,"August 1, 2018",1.0.1,4.0.3 and up
10228,FB Photographie,PHOTOGRAPHY,4.7,37,10.0,1000,Free,0.0,Everyone,Photography,"May 22, 2016",2,4.0 and up
10229,Lite Messenger for Facebook Lite,SOCIAL,3.8,108,2.8,10000,Free,0.0,Teen,Social,"May 28, 2018",3.1,4.2 and up
10230,Download Facebook Photo Albums,TOOLS,4.0,3840,2.5,100000,Free,0.0,Everyone,Tools,"June 2, 2017",2.4,4.4 and up
10231,Mini for Facebook lite,SOCIAL,4.1,260,1.3,10000,Free,0.0,Teen,Social,"June 21, 2018",1.2,3.0 and up
10232,FB Advanced Search,SOCIAL,,2,11.0,50,Free,0.0,Teen,Social,"July 21, 2018",1.1.1,4.4 and up
10233,funny Image Comments for FB,SOCIAL,3.9,19,15.0,5000,Free,0.0,Teen,Social,"February 13, 2018",2,4.1 and up
10234,IDM for Facebook ★ Downloader,PRODUCTIVITY,4.3,1905,3.1,100000,Free,0.0,Everyone,Productivity,"October 17, 2015",7.95,2.3 and up
10235,"Unlimited Group Links - Whatsapp, FB, Telegram",SOCIAL,3.4,44,2.8,10000,Free,0.0,Mature 17+,Social,"July 3, 2018",4,4.0.3 and up
10236,EasyLive - FB Live Helper,BUSINESS,,6,3.7,500,Free,0.0,Teen,Business,"June 25, 2018",1.9.0,5.0 and up
10237,HD VideoDownlaoder For Fb : XXVideo Downloader,VIDEO_PLAYERS,4.2,61,6.1,10000,Free,0.0,Everyone,Video Players & Editors,"July 30, 2018",1.0.3,4.0.3 and up
10238,Barca News - app for Barcelona FC Fans,SPORTS,4.5,207,4.5,10000,Free,0.0,Everyone,Sports,"November 13, 2017",2.6.0,4.0 and up
10239,FC Barcelona Fantasy Manager: Real football mobile,SPORTS,4.4,15221,30.0,1000000,Free,0.0,Everyone,Sports,"October 2, 2017",7.30.005,4.0.3 and up
10240,Classic FC 64 IN 1,FAMILY,4.2,1749,6.2,100000,Free,0.0,Everyone,Casual,"December 29, 2017",1.0.0,2.3 and up
10241,FC Barcelona Official Keyboard,SPORTS,4.7,5229,20.0,500000,Free,0.0,Everyone,Sports,"May 17, 2018",2.1.0.0.15734,4.1 and up
10242,Barcelona Live 2018—Goals & News for Barca FC Fans,SPORTS,4.6,342,38.0,10000,Free,0.0,Everyone,Sports,"August 6, 2018",2.22.0,4.2 and up
10243,Barcelona News - Sportfusion,SPORTS,4.4,382,20.0,10000,Free,0.0,Everyone,Sports,"March 6, 2018",3.953,4.1 and up
10244,Barcelona Calendar,SPORTS,4.4,670,3.1,10000,Free,0.0,Everyone,Sports,"November 17, 2017",2.2,4.0.3 and up
10245,"Barca News - FC Barcelona, World Foot & Transfers",SPORTS,4.8,160,6.4,10000,Free,0.0,Everyone,Sports,"August 4, 2018",4,4.1 and up
10247,FC BARCELONA EVENTS,SPORTS,4.3,6,11.0,100,Free,0.0,Everyone,Sports,"April 22, 2018",v2.7.11.16,4.1 and up
10248,Cambridge English FC,FAMILY,4.4,761,11.0,50000,Free,0.0,Everyone,Education,"October 6, 2016",2.1.0,4.0 and up
10249,Barcelona Live - Goal Score & News for Barca Fans,SPORTS,4.4,38,2.6,10000,Free,0.0,Everyone,Sports,"August 17, 2017",1,4.0 and up
10250,Seattle Sounders FC,SPORTS,3.3,974,33.0,10000,Free,0.0,Everyone,Sports,"August 1, 2018",2018.0.12,4.1 and up
10251,FCB Connect - FC Barcelona,SOCIAL,4.5,795,21.0,50000,Free,0.0,Teen,Social,"June 7, 2018",2.1.5,4.1 and up
10252,1. FC Köln App,SPORTS,4.6,2019,41.0,100000,Free,0.0,Everyone,Sports,"July 20, 2018",1.13.0,4.4 and up
10254,FC Porto,SPORTS,4.9,15883,21.0,100000,Free,0.0,Everyone,Sports,"June 19, 2018",2.6.0,4.0.3 and up
10255,Fulham FC,SPORTS,4.3,401,2.8,10000,Free,0.0,Everyone,Sports,"August 9, 2017",5,2.3 and up
10256,Barcelona FC Noticias Live,NEWS_AND_MAGAZINES,,2,3.6,500,Free,0.0,Everyone,News & Magazines,"February 4, 2018",2,4.0.3 and up
10257,Chelsea FC Official Keyboard,PRODUCTIVITY,4.5,91397,14.0,1000000,Free,0.0,Everyone,Productivity,"July 3, 2018",3.4.4,5.0 and up
10258,Burnley FC,SPORTS,4.9,195,29.0,5000,Free,0.0,Everyone,Sports,"August 1, 2018",2018.8.1,4.4 and up
10260,Barcelona Wallpaper HD,PERSONALIZATION,4.5,93,5.7,10000,Free,0.0,Everyone,Personalization,"February 28, 2018",1.1,4.1 and up
10261,Sydney FC Official App,SPORTS,4.6,57,17.0,5000,Free,0.0,Everyone,Sports,"June 26, 2018",3.0.0,4.1 and up
10262,Birmingham City FC,SPORTS,4.5,191,28.0,10000,Free,0.0,Everyone,Sports,"August 1, 2018",2018.8.1,4.4 and up
10263,FC Browser - Focus Privacy Browser,COMMUNICATION,4.1,26,4.6,1000,Free,0.0,Everyone,Communication,"November 24, 2017",1,5.0 and up
10265,FC Parking,MAPS_AND_NAVIGATION,,0,19.0,500,Free,0.0,Everyone,Maps & Navigation,"December 1, 2017",1.0.0,4.1 and up
10266,Noticias FC Barcelona,NEWS_AND_MAGAZINES,5.0,4,3.1,100,Free,0.0,Everyone,News & Magazines,"June 15, 2018",1.3,4.4 and up
10268,Middlesbrough FC Official,SPORTS,4.5,152,36.0,10000,Free,0.0,Everyone,Sports,"May 29, 2018",2018.5.25,4.4 and up
10272,FC Zenit official Android app,SPORTS,4.5,5675,49.0,100000,Free,0.0,Everyone,Sports,"April 18, 2018",3.0.10,4.1 and up
10273,Fan App for Portsmouth FC,SPORTS,4.5,53,12.0,1000,Free,0.0,Teen,Sports,"August 6, 2016",60816,4.2 and up
10274,Latest Barcelona News 24h,NEWS_AND_MAGAZINES,4.5,104,3.0,10000,Free,0.0,Everyone,News & Magazines,"January 6, 2018",1.3,4.0 and up
10277,Fan App for Reading FC,SPORTS,3.6,9,13.0,500,Free,0.0,Teen,Sports,"August 6, 2016",60816,4.2 and up
10278,Deportivo Toluca FC,SPORTS,4.7,2317,5.9,50000,Free,0.0,Everyone,Sports,"July 26, 2018",2.0.20,5.0 and up
10279,Underdog FC,SPORTS,4.6,216,40.0,10000,Free,0.0,Everyone,Sports,"August 2, 2018",23.17,4.1 and up
10280,Las Vegas Lights FC,SPORTS,4.9,10,14.0,500,Free,0.0,Everyone,Sports,"March 9, 2018",2.0.833.18,4.0.3 and up
10282,FD Shift Calendar Widget,TOOLS,4.1,981,0.1,100000,Free,0.0,Everyone,Tools,"March 16, 2011",1.2.4,1.6 and up
10283,Bank FD Interest Calculator,FINANCE,4.5,166,3.5,10000,Free,0.0,Everyone,Finance,"January 7, 2018",2.5,4.0.3 and up
10284,FD VR Video Player - (Stored),FAMILY,3.9,751,17.0,100000,Free,0.0,Everyone,Entertainment,"November 30, 2016",3.6.1,4.4 and up
10285,FD Mobile,FAMILY,3.9,53,7.9,5000,Free,0.0,Everyone,Entertainment,"September 20, 2017",2.1.2,4.0.3 and up
10286,Formula DRIFT,SPORTS,4.6,169,19.0,10000,Free,0.0,Everyone,Sports,"July 27, 2018",2.0.855.33,4.0.3 and up
10287,FD VR - Virtual 3D Web Browser,FAMILY,3.8,729,30.0,100000,Free,0.0,Everyone,Entertainment,"March 9, 2018",4.6.12c,4.4 and up
10288,FD Community FCU Mobile,FINANCE,4.7,175,12.0,1000,Free,0.0,Everyone,Finance,"June 12, 2018",5.9.1.0,5.0 and up
10289,Female Daily,BEAUTY,3.9,4354,42.0,100000,Free,0.0,Teen,Beauty,"August 6, 2018",2.5.1,4.0.3 and up
10290,FD VR - Virtual App Launcher,LIBRARIES_AND_DEMO,4.1,1463,7.4,100000,Free,0.0,Everyone,Libraries & Demo,"November 30, 2016",3.6.1,4.4 and up
10291,FD VR Player - for 360 Youtube,FAMILY,3.9,100,9.1,10000,Free,0.0,Everyone,Entertainment,"November 30, 2016",3.6.1,4.4 and up
10292,FD VR Store -VR Games and Apps,FAMILY,4.0,105,7.5,10000,Free,0.0,Everyone,Simulation,"November 30, 2016",3.6.1,4.4 and up
10293,Policy And FD Manager,FINANCE,4.3,20,4.8,500,Free,0.0,Everyone,Finance,"June 9, 2018",14,4.4 and up
10294,FD VR - Virtual Reality Camera,FAMILY,4.0,1007,7.4,100000,Free,0.0,Everyone,Entertainment,"November 30, 2016",3.6.1,4.4 and up
10295,Sports Lite,SPORTS,4.4,16,4.9,1000,Free,0.0,Everyone,Sports,"July 31, 2018",1,4.0.3 and up
10296,FD VR Theater - for Youtube VR,FAMILY,4.1,4585,9.1,1000000,Free,0.0,Everyone,Entertainment,"November 30, 2016",3.6.1,4.4 and up
10297,Story Time FD,FAMILY,5.0,2,4.2,10,Free,0.0,Everyone 10+,Simulation,"March 25, 2016",1.1,1.6 and up
10298,FD Calculator | Term Deposit | Fixed Deposit,FINANCE,4.8,12,2.7,1000,Free,0.0,Everyone,Finance,"June 13, 2018",2.1,5.0 and up
10300,Financial Calculator India,FINANCE,4.6,13819,3.9,1000000,Free,0.0,Everyone,Finance,"July 4, 2018",3.3,4.0 and up
10301,"FD Calculator (EMI, SIP, RD & Loan Eligilibility)",FINANCE,5.0,104,2.3,1000,Free,0.0,Everyone,Finance,"August 7, 2018",2.1.0,4.1 and up
10302,FD VR Cardboard Featured 360 Videos,FAMILY,4.2,76,35.0,10000,Free,0.0,Everyone,Entertainment,"December 19, 2017",4.5.1c,4.4 and up
10303,"EMI, FD, RD - Bank Calculator",FINANCE,4.7,42,3.5,5000,Free,0.0,Everyone,Finance,"April 2, 2017",2.3,4.1 and up
10304,FD VR Player - for Youtube 3D,FAMILY,4.0,2378,9.1,500000,Free,0.0,Everyone,Entertainment,"November 30, 2016",3.6.1,4.4 and up
10305,RD/FD Calculator,FINANCE,4.4,92,1.5,10000,Free,0.0,Everyone,Finance,"January 31, 2017",1.2.1,4.0.3 and up
10306,FD VR Music Videos - MTV Pop and Rap in 360,FAMILY,4.9,15,26.0,1000,Free,0.0,Everyone,Entertainment,"December 19, 2017",4.5.3c,4.4 and up
10307,FD VR - Virtual Photo Gallery,FAMILY,3.5,179,7.4,10000,Free,0.0,Everyone,Entertainment,"November 30, 2016",3.6.1,4.4 and up
10308,Fix Deposit Calculator (FD),FINANCE,4.1,7,2.1,1000,Free,0.0,Everyone,Finance,"February 6, 2018",1,4.0.3 and up
10309,FD Interest Calculator,FINANCE,4.2,17,4.7,5000,Free,0.0,Everyone,Finance,"January 18, 2015",2.7,3.0 and up
10310,Deposit Calculator FD & RD,FINANCE,4.4,18,3.4,10000,Free,0.0,Everyone,Finance,"January 21, 2017",1.1,3.0 and up
10311,FD Fotografia,PHOTOGRAPHY,,2,4.2,100,Free,0.0,Everyone,Photography,"January 17, 2018",0.0.9,4.1 and up
10312,Banking Calculator,FINANCE,4.5,3704,4.6,100000,Free,0.0,Everyone,Finance,"March 20, 2018",34,2.3 and up
10313,FD e-paper,NEWS_AND_MAGAZINES,3.1,183,7.1,10000,Free,0.0,Everyone,News & Magazines,"July 4, 2018",2.2.9,4.1 and up
10314,FD Fitness,HEALTH_AND_FITNESS,,3,21.0,50,Free,0.0,Everyone,Health & Fitness,"July 4, 2018",6.3.1,4.0.3 and up
10315,EMI/FD/RD/PV/IRR/BEP/EOQ Calc,FINANCE,4.5,58,2.7,10000,Free,0.0,Everyone,Finance,"December 9, 2015",1.6.3,3.0 and up
10316,EMI Calculator | FD Calculator | RD calculator,FINANCE,4.6,106,4.4,10000,Free,0.0,Everyone,Finance,"March 19, 2018",5.3,4.0.3 and up
10317,LineStar for FanDuel,SPORTS,4.3,1539,14.0,50000,Free,0.0,Teen,Sports,"June 6, 2018",3.0.3,4.0.3 and up
10318,HD Video Download for Facebook,VIDEO_PLAYERS,4.4,20755,17.0,1000000,Free,0.0,Everyone,Video Players & Editors,"March 16, 2018",4.0.3,4.1 and up
10320,Santa Fe FCU Mobile Banking,FINANCE,4.3,12,9.0,1000,Free,0.0,Everyone,Finance,"January 22, 2018",1.18.4,4.0 and up
10321,FE Connect,TOOLS,4.8,24,4.5,5000,Free,0.0,Everyone,Tools,"September 14, 2017",2.3.0,4.0.3 and up
10322,FE Civil Engineering Exam Prep,FAMILY,2.8,9,21.0,1000,Free,0.0,Everyone,Education,"July 27, 2018",5.33.3669,5.0 and up
10323,FE CREDIT - TET VUI,FINANCE,4.1,125,15.0,50000,Free,0.0,Everyone,Finance,"March 6, 2018",1.2.1,4.1 and up
10324,FE Mechanical Engineering Prep,FAMILY,1.0,2,21.0,1000,Free,0.0,Everyone,Education,"July 27, 2018",5.33.3669,5.0 and up
10325,FE Mobile,BUSINESS,3.0,2,8.0,10,Free,0.0,Everyone,Business,"July 10, 2018",1.4.5,4.1 and up
10326,Comunidad De Fe Minitries,LIFESTYLE,5.0,19,11.0,500,Free,0.0,Everyone,Lifestyle,"March 1, 2018",1.1,4.1 and up
10328,FE Other Disciplines Engineering Exam Prep,FAMILY,,0,21.0,100,Free,0.0,Everyone,Education,"July 27, 2018",5.33.3669,5.0 and up
10329,FE EN ACCIÓN RADIO,FAMILY,,1,2.9,10,Free,0.0,Everyone,Entertainment,"July 5, 2018",1.4,5.0 and up
10330,FE Electric & Comp Engineering,FAMILY,,2,20.0,500,Free,0.0,Everyone,Education,"July 27, 2018",5.33.3669,5.0 and up
10331,Caprock Santa Fe Credit Union,FINANCE,,0,2.9,100,Free,0.0,Everyone,Finance,"March 23, 2018",3.0.6,4.1 and up
10332,FE Chemical Engineering Exam Prep,FAMILY,,2,20.0,100,Free,0.0,Everyone,Education,"July 27, 2018",5.33.3669,5.0 and up
10333,Santa Fe Map and Walks,TRAVEL_AND_LOCAL,,2,47.0,1000,Free,0.0,Everyone,Travel & Local,"April 20, 2018",32,4.0 and up
10334,FE IP,TOOLS,,3,12.0,1000,Free,0.0,Everyone,Tools,"October 27, 2017",1.51,3.0 and up
10335,Safe Santa Fe,FAMILY,5.0,2,12.0,1000,Free,0.0,Everyone,Education,"July 4, 2016",1,4.0 and up
10336,Santa Fe New Mexican e-Edition,NEWS_AND_MAGAZINES,4.1,25,17.0,1000,Free,0.0,Everyone,News & Magazines,"June 21, 2018",4.7.4.18.0621,4.1 and up
10337,L!FE Premium Training,HEALTH_AND_FITNESS,,2,10.0,100,Free,0.0,Everyone,Health & Fitness,"July 9, 2018",4.2.2,4.1 and up
10338,Theme for Galaxy Note FE Launcher | Live Wallpaper,PERSONALIZATION,,2,26.0,100,Free,0.0,Everyone,Personalization,"December 22, 2017",1,4.0 and up
10339,Theme for Galaxy Note FE,PERSONALIZATION,,3,9.2,100,Free,0.0,Everyone,Personalization,"July 29, 2017",1,2.3.3 and up
10340,Note FE Theme And Launcher For Samsung Galaxy,PERSONALIZATION,4.4,7,9.8,1000,Free,0.0,Everyone,Personalization,"August 28, 2017",1,4.0 and up
10341,FE CPS,FINANCE,3.0,62,17.0,10000,Free,0.0,Everyone,Finance,"June 26, 2017",0.1.8,4.0 and up
10342,La Fe de Jesus,BOOKS_AND_REFERENCE,,8,0.7,1000,Free,0.0,Everyone,Books & Reference,"January 31, 2017",,3.0 and up
10343,Santa Fe Indian Market,FAMILY,3.8,4,30.0,500,Free,0.0,Everyone,Entertainment,"July 23, 2018",5.11,5.0 and up
10344,FE Connect Fhoton,TOOLS,,0,1.8,100,Free,0.0,Everyone,Tools,"November 28, 2017",1.1,4.0.3 and up
10346,La Fe de Jesús,BOOKS_AND_REFERENCE,,10,2.9,500,Free,0.0,Everyone,Books & Reference,"August 23, 2017",1,4.0.3 and up
10347,Santa Fe Espresso & News,FOOD_AND_DRINK,,0,15.0,10,Free,0.0,Everyone,Food & Drink,"October 12, 2017",1.2.2,4.4 and up
10348,Santa Fe Sentry,HOUSE_AND_HOME,,0,5.3,100,Free,0.0,Everyone,House & Home,"August 7, 2017",1.6.0,4.1 and up
10349,Santa Fe Thrive,HEALTH_AND_FITNESS,5.0,2,8.3,50,Free,0.0,Everyone,Health & Fitness,"July 9, 2018",4.2.2,4.1 and up
10350,FE Connect Drive-Tech,BUSINESS,,0,20.0,100,Free,0.0,Everyone,Business,"February 12, 2018",1.2.1.0,4.1 and up
10351,FE Mix - Jokes - Status - Wallpaper,FAMILY,,3,3.0,1000,Free,0.0,Everyone,Entertainment,"June 2, 2018",2.1,4.4 and up
10352,Frases Cristianas de Esperanza y Fe,SOCIAL,,2,5.6,100,Free,0.0,Everyone,Social,"October 18, 2017",1,2.3 and up
10353,Theme for Samsung Galaxy Note FE,PERSONALIZATION,4.5,52,7.9,10000,Free,0.0,Everyone,Personalization,"July 4, 2017",1,2.3.3 and up
10354,Santa Fe VIP Tours,TRAVEL_AND_LOCAL,,1,22.0,100,Free,0.0,Everyone,Travel & Local,"August 19, 2017",2.8,4.0 and up
10355,Santa Fe App,SPORTS,,196,5.0,5000,Free,0.0,Everyone,Sports,"August 9, 2017",2.1.0,4.0.3 and up
10356,Curso Básico y Avanzado la Fe de Jesús Audio-Texto,FAMILY,,0,11.0,10,Free,0.0,Everyone 10+,Education,"July 12, 2018",1,4.0 and up
10357,Ríos de Fe,LIFESTYLE,5.0,141,15.0,1000,Free,0.0,Everyone,Lifestyle,"March 24, 2018",1.8,4.1 and up
10358,Theme For Galaxy Note FE,PERSONALIZATION,,0,7.5,100,Free,0.0,Everyone,Personalization,"April 19, 2018",1.1,4.1 and up
10359,Le Fe de Jesus,BOOKS_AND_REFERENCE,,3,4.1,500,Free,0.0,Everyone,Books & Reference,"December 17, 2015",1,2.3.3 and up
10360,FG Mobile,FAMILY,3.3,130,13.0,5000,Free,0.0,Everyone,Education,"December 21, 2017",2.0.0,4.0 and up
10361,FG Wallet,FINANCE,,9,12.0,1000,Free,0.0,Everyone,Finance,"June 6, 2018",2.1,6.0 and up
10363,FG On-The-Go,TOOLS,4.9,55,25.0,1000,Free,0.0,Everyone,Tools,"June 29, 2018",2.01.0.2,4.1 and up
10364,FG Autumn Photo Puzzle,FAMILY,,0,4.6,10,Free,0.0,Everyone,Puzzle,"August 23, 2017",1,4.0 and up
10365,Radio FG Paris Underground,FAMILY,,3,1.7,100,Free,0.0,Teen,Entertainment,"July 26, 2015",2,2.2 and up
10366,FG Radio - Radios de France,FAMILY,,0,6.5,10,Free,0.0,Everyone,Entertainment,"June 10, 2018",1,4.2 and up
10367,FG SPINNER,GAME,,2,36.0,10,Free,0.0,Everyone,Board,"April 6, 2018",0.9,4.0.3 and up
10368,FG Finder,TOOLS,,154,17.0,10000,Free,0.0,Everyone,Tools,"July 16, 2018",2.1.0,4.1 and up
10369,FG. Chic - House Lounge Musique - Radios de France,FAMILY,,1,6.5,50,Free,0.0,Everyone,Entertainment,"June 9, 2018",1,4.2 and up
10370,BROTHER IN WARS: GUNNER CITY WARLORDS,GAME,4.3,8649,39.0,1000000,Free,0.0,Teen,Action,"July 26, 2018",1.0.3,4.2 and up
10373,FG VOC,BUSINESS,4.8,6,7.7,1000,Free,0.0,Everyone,Business,"August 7, 2018",2.1.5,4.1 and up
10375,Modern Sniper Strike: Best Commando Action 2k18,GAME,4.1,164,17.0,10000,Free,0.0,Everyone,Action,"August 23, 2017",1,2.3 and up
10377,FG Rockstar,FAMILY,,1,30.0,10,Free,0.0,Everyone,Education,"August 2, 2018",1.1.5,4.1 and up
10380,POLARIS 2MFG,FAMILY,4.8,1228,29.0,10000,Free,0.0,Everyone,Education,"March 28, 2018",1.7,4.1 and up
10381,Gun Disassembly 2,FAMILY,4.1,26347,48.0,1000000,Free,0.0,Everyone 10+,Entertainment,"September 15, 2017",14.0.1,2.2 and up
10382,Fields of Battle,GAME,4.1,71476,50.0,1000000,Free,0.0,Everyone 10+,Action,"April 21, 2018",2.14,4.0 and up
10385,Leghe Fantagazzetta,SPORTS,4.1,79464,27.0,1000000,Free,0.0,Everyone,Sports,"August 6, 2018",5.0.8,4.4 and up
10388,Field Goal Tournament,SPORTS,3.7,2980,21.0,100000,Free,0.0,Everyone,Sports,"September 1, 2015",1.2.8,2.3 and up
10390,Disney Princess Palace Pets,FAMILY,3.9,60097,19.0,1000000,Free,0.0,Everyone,Entertainment;Pretend Play,"February 10, 2018",5.1,4.2 and up
10392,Scary Video Maker,FAMILY,3.7,9296,28.0,500000,Free,0.0,Teen,Entertainment,"July 24, 2018",1.14,4.1 and up
10393,SnowMobile Parking Adventure,GAME,3.6,12257,49.0,1000000,Free,0.0,Everyone,Racing,"September 9, 2016",1.4,2.3 and up
10395,Zombie Sniper 3D III,GAME,3.9,8122,23.0,500000,Free,0.0,Mature 17+,Action,"February 28, 2017",1.8,2.3 and up
10397,FH WiFiCam,PHOTOGRAPHY,2.6,201,2.5,10000,Free,0.0,Everyone,Photography,"May 2, 2017",2.1,4.1 and up
10398,HD Themes Volvo FH Trucks,PERSONALIZATION,4.4,40,13.0,5000,Free,0.0,Teen,Personalization,"June 21, 2016",1,2.3.3 and up
10399,Familial Hypercholesterolaemia,MEDICAL,,0,34.0,10,Free,0.0,Everyone,Medical,"July 5, 2018",2.0.1,4.1 and up
10400,Familial Hypercholesterolaemia Handbook,MEDICAL,1.0,2,33.0,100,Free,0.0,Everyone,Medical,"July 2, 2018",2.0.1,4.1 and up
10401,Themes Volvo FH 16 Trucks,PERSONALIZATION,,38,16.0,10000,Free,0.0,Teen,Personalization,"June 17, 2016",1,2.3.3 and up
10402,FH Calculator,HEALTH_AND_FITNESS,,9,1.0,500,Free,0.0,Everyone,Health & Fitness,"June 4, 2015",1,4.0 and up
10403,Top Themes Volvo FH Trucks,PERSONALIZATION,,9,18.0,1000,Free,0.0,Teen,Personalization,"June 19, 2018",1,4.1 and up
10404,Top Puzzles Volvo FH Trucks,FAMILY,,4,8.1,500,Free,0.0,Teen,Puzzle,"November 20, 2016",1,4.0 and up
10405,Wallpapers Volvo FH 16 Trucks,PERSONALIZATION,4.2,13,15.0,1000,Free,0.0,Teen,Personalization,"June 18, 2016",1,2.3.3 and up
10406,Puzzles Volvo FH 16 Trucks,FAMILY,4.8,10,8.2,1000,Free,0.0,Teen,Puzzle,"December 2, 2016",1,4.0 and up
10407,Jigsaw Volvo FH 16 Trucks,FAMILY,5.0,5,8.1,1000,Free,0.0,Teen,Puzzle,"December 1, 2016",1,4.0 and up
10410,FH® Cost Lookup / FH® CCSalud,MEDICAL,4.5,30,4.1,1000,Free,0.0,Everyone,Medical,"June 21, 2017",4.1.0,4.0.3 and up
10411,FH Kufstein App,FAMILY,,9,20.0,500,Free,0.0,Everyone,Education,"November 20, 2017",2.3.1,4.4 and up
10412,FH App,BUSINESS,4.9,27,6.0,100,Free,0.0,Everyone,Business,"July 26, 2018",1.0.90,4.0 and up
10413,HD Wallpapers Volvo FH Trucks,PERSONALIZATION,,4,17.0,500,Free,0.0,Teen,Personalization,"June 21, 2016",1,2.3.3 and up
10414,Jigsaw Puzzles Volvo FH Truck Game,FAMILY,,4,4.7,100,Free,0.0,Teen,Puzzle,"July 24, 2017",1,4.0.3 and up
10415,Themes Volvo FH Trucks,PERSONALIZATION,,14,14.0,1000,Free,0.0,Teen,Personalization,"June 17, 2016",1,2.3.3 and up
10416,FH School,FAMILY,5.0,4,5.8,100,Free,0.0,Everyone,Education,"April 11, 2018",1.0.1,4.0.3 and up
10417,FH Wallet,FINANCE,,0,9.9,1,Free,0.0,Everyone,Finance,"July 26, 2018",1.0.0,4.1 and up
10418,FH Dortmund FB4,FAMILY,,40,9.9,1000,Free,0.0,Everyone,Education,"May 22, 2018",1.2.0,4.0.3 and up
10419,Fast Motorcycle Driver 2016,GAME,4.2,28151,49.0,1000000,Free,0.0,Everyone 10+,Racing,"December 25, 2016",1.2,2.3.3 and up
10420,Wallpapers Volvo FH Truck,PERSONALIZATION,4.2,4,14.0,100,Free,0.0,Teen,Personalization,"July 31, 2016",1,2.3.3 and up
10421,HD Jigsaw Volvo FH Trucks,FAMILY,,2,7.6,500,Free,0.0,Teen,Puzzle,"November 29, 2016",1,4.0 and up
10422,Jigsaw Puzzles Volvo FH Trucks,FAMILY,,3,7.8,1000,Free,0.0,Teen,Puzzle,"December 1, 2016",1,4.0 and up
10424,First Hawaiian Bank Mobile,FINANCE,2.1,232,29.0,10000,Free,0.0,Everyone,Finance,"May 9, 2018",18.1.79,5.0 and up
10425,FH CODE,TOOLS,,13,3.6,100,Free,0.0,Everyone,Tools,"February 26, 2018",FH CODE 1.0,2.1 and up
10427,IKORO FH App Rosenheim,FAMILY,,22,29.0,1000,Free,0.0,Everyone,Education,"February 6, 2018",1.10.0.0,2.3.3 and up
10428,My Truck,TOOLS,2.5,247,8.2,10000,Free,0.0,Everyone,Tools,"March 15, 2017",1.0.6,4.2 and up
10430,Forgotten Hill: Fall,GAME,4.4,1063,18.0,50000,Free,0.0,Teen,Adventure,"October 30, 2017",1.7,3.0 and up
10431,Forgotten Hill Mementoes,GAME,4.6,2027,56.0,100000,Free,0.0,Teen,Adventure,"March 19, 2018",1.5,4.1 and up
10432,EHiN-FH conferenceapp,COMMUNICATION,,5,26.0,100,Free,0.0,Everyone,Communication,"November 15, 2016",1.17,4.1 and up
10433,BTK-FH Online Campus,FAMILY,,1,3.3,500,Free,0.0,Everyone,Education,"November 7, 2016",1.7.2,4.0.3 and up
10434,Talking Husky Dog,FAMILY,4.4,26545,40.0,1000000,Free,0.0,Everyone,Casual,"July 20, 2018",2.08,4.1 and up
10436,Forgotten Hill: Surgery,GAME,4.5,2431,24.0,100000,Free,0.0,Teen,Adventure,"November 3, 2017",1.4,3.0 and up
10437,Real Airplane Flight Simulator: Pilot Games,FAMILY,3.3,21735,37.0,1000000,Free,0.0,Everyone,Simulation,"July 11, 2018",1.0.03,4.0 and up
10440,Forgotten Hill: Puppeteer,GAME,4.5,2917,22.0,100000,Free,0.0,Teen,Adventure,"October 30, 2017",2.6,2.3 and up
10441,Airplane Fly Hawaii,FAMILY,4.1,83427,16.0,1000000,Free,0.0,Everyone,Simulation,"January 30, 2015",2.6,4.1 and up
10443,Signal Info,TOOLS,4.6,424,3.5,10000,Free,0.0,Everyone,Tools,"December 19, 2017",0.11,6.0 and up
10444,Signal Spy - Monitor Signal Strength & Data Usage,TOOLS,4.4,875,8.5,100000,Free,0.0,Everyone,Tools,"December 31, 2017",1.9.9.5,5.1 and up
10445,Wi-Fi Auto-connect,COMMUNICATION,3.8,15036,0.3,1000000,Free,0.0,Everyone,Communication,"August 1, 2015",1.2.0,1.6 and up
10449,Avast Wi-Fi Finder,PRODUCTIVITY,4.3,37277,13.0,1000000,Free,0.0,Everyone,Productivity,"February 26, 2018",2.3.1,4.0.3 and up
10451,LG Hi-Fi Plus Manager,TOOLS,3.5,154,3.4,10000,Free,0.0,Everyone,Tools,"September 6, 2016",5.0.6,6.0 and up
10452,WeFi - Free Fast WiFi Connect & Find Wi-Fi Map,COMMUNICATION,4.0,13469,5.1,1000000,Free,0.0,Everyone,Communication,"June 5, 2018",4.7.0.2200000,4.0 and up
10454,Safe Wi-Fi,PRODUCTIVITY,2.9,32,9.7,1000,Free,0.0,Everyone,Productivity,"August 3, 2018",1.3.22,4.4 and up
10455,[root] Pry-Fi,TOOLS,3.9,6736,0.1,500000,Free,0.0,Everyone,Tools,"February 2, 2014",1.2,4.2 and up
10458,Candy simply-Fi,LIFESTYLE,2.1,2390,35.0,100000,Free,0.0,Everyone,Lifestyle,"July 17, 2018",1.8.4.7,4.4 and up
10461,Wi-Fi settings shortcut,TOOLS,4.1,479,0.0,50000,Free,0.0,Everyone,Tools,"December 13, 2013",1.4,1.6 and up
10462,Wi-Fi Master,TOOLS,4.5,3673,5.8,500000,Free,0.0,Everyone,Tools,"July 24, 2018",1.2.1,4.1 and up
10463,Micro Fi,FAMILY,3.7,39,2.8,5000,Free,0.0,Everyone,Education,"February 12, 2014",2.4,2.3.3 and up
10464,fi,FAMILY,2.9,691,5.8,100000,Free,0.0,Everyone,Strategy,"June 8, 2016",1.0.3,4.0 and up
10465,Portable Wi-Fi hotspot Free,COMMUNICATION,4.0,1711,2.1,100000,Free,0.0,Everyone,Communication,"January 11, 2018",1.2.5.4-11,2.3 and up
10466,Wi-Fi Networks,PRODUCTIVITY,4.2,115,1.4,10000,Free,0.0,Everyone,Productivity,"October 5, 2015",1.4,4.1 and up
10467,FI CFL,FINANCE,3.7,112,3.9,10000,Free,0.0,Everyone,Finance,"July 5, 2018",1.1.1,5.0 and up
10468,Tassa.fi Finland,LIFESTYLE,3.6,346,7.5,50000,Free,0.0,Everyone,Lifestyle,"May 22, 2018",5.5,4.0 and up
10470,Jazz Wi-Fi,COMMUNICATION,3.4,49,4.0,10000,Free,0.0,Everyone,Communication,"February 10, 2017",0.1,2.3 and up
10471,Xposed Wi-Fi-Pwd,PERSONALIZATION,3.5,1042,0.4,100000,Free,0.0,Everyone,Personalization,"August 5, 2014",3.0.0,4.0.3 and up
10474,Sat-Fi Voice,COMMUNICATION,3.4,37,14.0,1000,Free,0.0,Everyone,Communication,"November 21, 2014",2.2.1.5,2.2 and up
10475,Wi-Fi Visualizer,TOOLS,3.9,132,2.6,50000,Free,0.0,Everyone,Tools,"May 17, 2017",0.0.9,2.3 and up
10476,Lennox iComfort Wi-Fi,LIFESTYLE,3.0,552,7.6,50000,Free,0.0,Everyone,Lifestyle,"March 22, 2017",2.0.15,2.3.3 and up
10477,Sci-Fi Sounds and Ringtones,PERSONALIZATION,3.6,128,11.0,10000,Free,0.0,Everyone,Personalization,"September 27, 2017",4,4.0 and up
10478,Sci Fi Sounds,FAMILY,3.2,4,8.0,1000,Free,0.0,Everyone,Entertainment,"November 2, 2017",1,4.0 and up
10479,Free Wi-fi HotspoT,COMMUNICATION,4.1,382,2.3,50000,Free,0.0,Everyone,Communication,"July 20, 2018",2.5,4.0 and up
10480,FJ 4x4 Cruiser Offroad Driving,FAMILY,4.1,3543,49.0,500000,Free,0.0,Everyone,Simulation,"January 4, 2017",1.1,2.3 and up
10481,FJ 4x4 Cruiser Snow Driving,FAMILY,4.2,1619,43.0,500000,Free,0.0,Everyone,Simulation,"June 4, 2018",1.3,4.0 and up
10482,Wallpapers Toyota FJ Cruiser,PERSONALIZATION,4.2,78,10.0,10000,Free,0.0,Everyone,Personalization,"June 20, 2016",1,2.3.3 and up
10483,New Wallpapers Toyota FJ Cruiser Theme,PERSONALIZATION,,1,16.0,100,Free,0.0,Teen,Personalization,"February 23, 2018",1,4.1 and up
10484,"FJ Final Join , Circles Game",GAME,4.7,32,24.0,1000,Free,0.0,Teen,Arcade,"July 11, 2018",0.24,4.3 and up
10485,HD Wallpaper - Toyota FJ Cruiser,TOOLS,,2,6.2,100,Free,0.0,Everyone,Tools,"November 10, 2017",1,4.0 and up
10486,FJ Drive: Mercedes-Benz Lease,AUTO_AND_VEHICLES,4.6,107,27.0,10000,Free,0.0,Everyone,Auto & Vehicles,"November 6, 2017",2.0.0,4.1 and up
10487,Driving n Parking School 2017,FAMILY,4.5,15,46.0,1000,Free,0.0,Everyone,Simulation,"May 31, 2017",1,2.3 and up
10488,FJ WiFi HDD,TOOLS,,40,2.4,5000,Free,0.0,Everyone,Tools,"October 31, 2017",1.0.5,2.1 and up
10489,Offroad Cruiser,FAMILY,4.3,42432,36.0,1000000,Free,0.0,Everyone,Simulation,"July 13, 2016",1.3,2.3.3 and up
10490,HD Themes Toyota Cruiser 70,PERSONALIZATION,4.5,86,17.0,10000,Free,0.0,Teen,Personalization,"October 2, 2016",1,2.3.3 and up
10491,Toyota Cruisers & Trucks Mag,TRAVEL_AND_LOCAL,4.5,10,8.0,500,Free,0.0,Everyone,Travel & Local,"March 14, 2018",3.0.0,4.4 and up
10492,4 x4 Offroad SUV 3D Truck Simulator Driving 2017,FAMILY,4.4,32,37.0,1000,Free,0.0,Everyone,Simulation,"December 6, 2017",1,2.3 and up
10494,HD Themes Toyota Cruiser 60,PERSONALIZATION,,0,15.0,100,Free,0.0,Teen,Personalization,"October 2, 2016",1,2.3.3 and up
10495,HD Themes Toyota Cruiser70,PERSONALIZATION,,0,15.0,100,Free,0.0,Teen,Personalization,"October 3, 2016",1,2.3.3 and up
10496,HD Themes Toyota Cruiser 80,PERSONALIZATION,,2,13.0,100,Free,0.0,Teen,Personalization,"October 3, 2016",1,2.3.3 and up
10497,HD Themes Toyota Cruiser 50,PERSONALIZATION,,1,11.0,50,Free,0.0,Teen,Personalization,"October 2, 2016",1,2.3.3 and up
10498,OFF-ROAD SIMULATOR 4x4 : REAL,FAMILY,4.2,109,25.0,10000,Free,0.0,Everyone,Simulation,"April 15, 2017",1.4,2.3 and up
10499,HD Themes Toyota Cruiser 100VX,PERSONALIZATION,,2,16.0,100,Free,0.0,Teen,Personalization,"September 30, 2016",1,2.3.3 and up
10500,HD Themes Toyota Cruiser 200,PERSONALIZATION,3.7,3,15.0,100,Free,0.0,Teen,Personalization,"October 1, 2016",1,2.3.3 and up
10501,HD Themes Toyota Cruiser 40,PERSONALIZATION,,2,15.0,100,Free,0.0,Teen,Personalization,"October 2, 2016",1,2.3.3 and up
10503,Offroad 4x4 Car Driving,FAMILY,4.3,26224,43.0,1000000,Free,0.0,Everyone,Simulation,"April 29, 2017",1.0.4,2.3 and up
10505,Offroad drive : 4x4 driving game,GAME,3.5,2071,36.0,100000,Free,0.0,Everyone,Racing,"June 29, 2018",1.0.3,4.1 and up
10508,Drive 4x4 Luxury SUV Jeep,GAME,4.2,2183,46.0,500000,Free,0.0,Everyone,Racing,"July 10, 2018",1.12,2.3 and up
10510,FJ-link,TOOLS,,1,20.0,10,Free,0.0,Everyone,Tools,"January 3, 2018",1.1.2,4.1 and up
10511,Motocross Mayhem,GAME,3.8,35171,45.0,1000000,Free,0.0,Everyone,Racing,"February 11, 2014",1.2,2.3 and up
10512,Funny Jokes,FAMILY,3.9,2505,2.9,100000,Free,0.0,Mature 17+,Entertainment,"June 18, 2018",1.2,4.1 and up
10514,Motocross Fun Simulator,FAMILY,3.8,22570,35.0,1000000,Free,0.0,Everyone,Simulation,"January 9, 2017",1.2,2.3.3 and up
10515,Dino Defends king 3 – Dinosaur T rex Hunter Games,GAME,3.6,182,41.0,50000,Free,0.0,Teen,Adventure,"March 1, 2018",2.1,4.1 and up
10516,Fast Notes FJ,PRODUCTIVITY,4.2,12,2.2,500,Free,0.0,Everyone,Productivity,"August 12, 2014",8.0.0,2.2 and up
10518,Block Gun 3D: Haunted Hollow,GAME,3.8,16282,35.0,1000000,Free,0.0,Teen,Action,"October 9, 2017",1.1.4,2.3 and up
10519,Art of F J Taylor,VIDEO_PLAYERS,,2,1.5,10,Free,0.0,Everyone,Video Players & Editors,"June 23, 2015",1.0.2,4.3 and up
10520,Driving Suv Toyota Car Simulator,FAMILY,3.7,187,54.0,10000,Free,0.0,Everyone,Simulation,"November 12, 2017",1,4.0 and up
10522,Drift Legends,GAME,4.2,33788,27.0,1000000,Free,0.0,Everyone,Racing,"March 29, 2018",1.8.5,4.1 and up
10523,FK,MEDICAL,4.4,1517,8.5,100000,Free,0.0,Everyone,Medical,"July 13, 2018",2.5.9,2.3 and up
10524,FK (FlightKid),GAME,,2,22.0,10,Free,0.0,Everyone,Action,"March 3, 2016",1,4.0 and up
10525,FK Sūduva Marijampolė,SPORTS,,2,26.0,10,Free,0.0,Everyone,Sports,"February 21, 2018",1,4.1 and up
10527,FK Željezničar,SPORTS,4.9,1420,20.0,10000,Free,0.0,Everyone,Sports,"July 12, 2018",2.5.0,4.2 and up
10528,FK Oleksandria,SPORTS,,0,26.0,10,Free,0.0,Everyone,Sports,"February 14, 2018",1,4.1 and up
10529,FK CLASSIC FOR YOU,BUSINESS,5.0,1,3.5,10,Free,0.0,Everyone,Business,"February 20, 2018",1.1.0,4.0 and up
10530,FK Sileks,SPORTS,,0,26.0,1,Free,0.0,Everyone,Sports,"March 18, 2018",1,4.1 and up
10532,Qarabağ FK,SPORTS,,9,5.5,100,Free,0.0,Everyone,Sports,"August 1, 2018",1.14,4.2 and up
10533,FK Sloboda Tuzla,SPORTS,,0,26.0,10,Free,0.0,Everyone,Sports,"February 20, 2018",1,4.1 and up
10534,FK Jelgava,SPORTS,,0,26.0,5,Free,0.0,Everyone,Sports,"February 22, 2018",1,4.1 and up
10535,FK Vojvodina,SPORTS,,5,26.0,50,Free,0.0,Everyone,Sports,"February 19, 2018",1,4.1 and up
10536,FK Liepaja,SPORTS,,4,26.0,100,Free,0.0,Everyone,Sports,"March 17, 2018",1,4.1 and up
10537,FK Teplice,SPORTS,,2,26.0,50,Free,0.0,Everyone,Sports,"March 1, 2018",1,4.1 and up
10538,FK Sarajevo,SPORTS,,6,26.0,100,Free,0.0,Everyone,Sports,"March 2, 2018",1,4.1 and up
10539,FK Vardar,SPORTS,,2,26.0,10,Free,0.0,Everyone,Sports,"February 20, 2018",1,4.1 and up
10541,FK Bregalnica Štip,SPORTS,,0,26.0,1,Free,0.0,Everyone,Sports,"February 24, 2018",1,4.1 and up
10542,FK Mladost Lucani,SPORTS,,0,26.0,5,Free,0.0,Everyone,Sports,"February 19, 2018",1,4.1 and up
10543,FK Radnicki Nis,SPORTS,,1,26.0,50,Free,0.0,Everyone,Sports,"February 19, 2018",1,4.1 and up
10544,FK Dukla Prague,SPORTS,,0,26.0,10,Free,0.0,Everyone,Sports,"February 28, 2018",1,4.1 and up
10545,FK Rad,SPORTS,,1,26.0,10,Free,0.0,Everyone,Sports,"February 19, 2018",1,4.1 and up
10546,FK Jablonec,SPORTS,,2,26.0,50,Free,0.0,Everyone,Sports,"February 27, 2018",1,4.1 and up
10547,FK Senica,SPORTS,,0,13.0,10,Free,0.0,Everyone,Sports,"August 24, 2017",14,4.1 and up
10548,FK Vozdovac,SPORTS,,1,26.0,10,Free,0.0,Everyone,Sports,"February 19, 2018",1,4.1 and up
10550,FK Mladá Boleslav,SPORTS,,0,26.0,10,Free,0.0,Everyone,Sports,"March 18, 2018",2,4.1 and up
10551,FK Macva Sabac,SPORTS,,3,26.0,10,Free,0.0,Everyone,Sports,"February 19, 2018",1,4.1 and up
10552,FK Crvena zvezda,SPORTS,4.9,1211,15.0,10000,Free,0.0,Everyone,Sports,"January 22, 2018",1.0.1,4.4 and up
10553,FK Events,PRODUCTIVITY,,0,18.0,5,Free,0.0,Teen,Productivity,"June 27, 2018",7.17.2.1,5.0 and up
10555,FK Jonava,SPORTS,,1,26.0,5,Free,0.0,Everyone,Sports,"February 21, 2018",1,4.1 and up
10556,FK Željezničar Izzy,FAMILY,4.9,119,17.0,1000,Free,0.0,Everyone,Entertainment,"November 18, 2016",1,4.4 and up
10557,FK Čukarički,SPORTS,,0,26.0,10,Free,0.0,Everyone,Sports,"February 19, 2018",1,4.1 and up
10558,Austria Wien FK - Fussball - Inoffizielle App,SPORTS,,2,12.0,100,Free,0.0,Everyone,Sports,"July 27, 2018",1.0.4,4.1 and up
10559,FK Železiarne Podbrezová,SPORTS,,0,26.0,5,Free,0.0,Everyone,Sports,"April 23, 2018",1,4.1 and up
10560,FK Viktoria Žižkov,SPORTS,,0,26.0,10,Free,0.0,Everyone,Sports,"February 27, 2018",1,4.1 and up
10561,FK Zemun,SPORTS,,3,26.0,10,Free,0.0,Everyone,Sports,"February 19, 2018",1,4.1 and up
10562,FK Atlantas,SPORTS,1.5,2,26.0,5,Free,0.0,Everyone,Sports,"February 21, 2018",1,4.1 and up
10563,FK Spartak Subotica,SPORTS,,0,26.0,10,Free,0.0,Everyone,Sports,"February 19, 2018",1,4.1 and up
10564,FK Dedinje BGD,SPORTS,5.0,36,2.6,100,Free,0.0,Everyone,Sports,"February 11, 2017",1.1,4.0 and up
10565,FK Fotbal Třinec,SPORTS,,0,27.0,10,Free,0.0,Everyone,Sports,"March 18, 2018",1,4.1 and up
10566,FK Crvena Zvezda Izzy,TOOLS,4.8,1456,15.0,50000,Free,0.0,Everyone,Tools,"November 14, 2016",1.2,4.4 and up
10567,FK Utenis Utena,SPORTS,,0,26.0,5,Free,0.0,Everyone,Sports,"February 21, 2018",1,4.1 and up
10569,FL State Parks Guide,TRAVEL_AND_LOCAL,3.7,871,45.0,100000,Free,0.0,Everyone,Travel & Local,"October 27, 2017",5.29.23 Domain 253,4.4 and up
10571,Permit Test FL Florida DHSMV,FAMILY,4.7,246,11.0,10000,Free,0.0,Everyone,Education,"October 12, 2017",2.9.0,4.1 and up
10572,FL Lottery Results,FAMILY,4.6,1481,3.1,50000,Free,0.0,Teen,Entertainment,"March 31, 2018",3.7,4.1 and up
10573,Florida DMV Permit Test -Fl,FAMILY,4.3,87,30.0,10000,Free,0.0,Everyone,Education,"February 15, 2018",6.0.3,4.4 and up
10574,Lottery Results: Florida,FAMILY,4.2,582,3.2,100000,Free,0.0,Teen,Entertainment,"January 22, 2018",4,4.0 and up
10575,Scratch-Off Guide for FL Lotto,FAMILY,4.6,25,5.6,5000,Free,0.0,Everyone,Entertainment,"July 4, 2018",1.11,4.0.3 and up
10576,"Charlotte County, FL",PRODUCTIVITY,4.7,10,7.1,1000,Free,0.0,Everyone,Productivity,"February 23, 2017",3.9.4,4.0.3 and up
10577,Results for FL Lottery,NEWS_AND_MAGAZINES,4.6,146,7.1,10000,Free,0.0,Everyone,News & Magazines,"February 28, 2017",3,4.1 and up
10578,Check Lottery Tickets - Florida,FAMILY,2.0,27,31.0,5000,Free,0.0,Teen,Entertainment,"October 17, 2017",2.1,4.0.3 and up
10579,Fish|Hunt FL,LIFESTYLE,3.6,853,34.0,100000,Free,0.0,Everyone,Lifestyle,"March 22, 2018",3.2.0,4.1 and up
10580,Florida 511,TOOLS,3.2,148,9.2,50000,Free,0.0,Everyone,Tools,"August 14, 2017",1.0.18,4.0.3 and up
10581,Florida Storms,WEATHER,3.8,116,36.0,10000,Free,0.0,Everyone,Weather,"December 26, 2017",2.0.11,4.4 and up
10582,FL Racing Manager 2018 Lite,SPORTS,4.0,1338,15.0,100000,Free,0.0,Everyone,Sports,"March 17, 2018",1.18,3.0 and up
10584,FL Tax-Verify,BUSINESS,3.8,17,6.1,5000,Free,0.0,Everyone,Business,"November 9, 2016",1.1.3,4.0 and up
10587,Lottery Driver- Florida Result,FAMILY,4.4,70,4.4,5000,Free,0.0,Teen,Entertainment,"April 16, 2017",2.5,4.1 and up
10589,The Florida Trail Guide,TRAVEL_AND_LOCAL,4.3,100,13.0,5000,Free,0.0,Everyone,Travel & Local,"April 1, 2017",6.0.18,4.1 and up
10590,Florida - Pocket Brainbook,BOOKS_AND_REFERENCE,4.6,7,12.0,1000,Free,0.0,Everyone,Books & Reference,"March 19, 2018",1.0.9,4.4 and up
10591,Lottery Ticket Checker - Florida Results & Lotto,TOOLS,1.0,3,41.0,500,Free,0.0,Everyone,Tools,"December 12, 2017",1,4.2 and up
10592,Florida Statutes (FL Code),BOOKS_AND_REFERENCE,3.2,5,8.2,1000,Free,0.0,Everyone,Books & Reference,"October 21, 2017",1.5,4.4 and up
10593,Discovery Church Florida,LIFESTYLE,4.7,40,8.0,1000,Free,0.0,Teen,Lifestyle,"June 25, 2018",3.8.0,4.1 and up
10595,Florida Driver License Test,FAMILY,4.5,65,0.5,5000,Free,0.0,Everyone,Education,"January 30, 2016",2,2.1 and up
10596,Free Florida DMV Test 2018,FAMILY,4.1,665,5.3,50000,Free,0.0,Everyone,Education,"May 24, 2018",8.1,4.0.3 and up
10597,Canvas FL,FAMILY,4.9,36,9.4,1000,Free,0.0,Teen,Education,"June 25, 2018",3.8.0,4.1 and up
10598,Florida Lottery Results,NEWS_AND_MAGAZINES,4.1,763,2.2,100000,Free,0.0,Everyone,News & Magazines,"December 18, 2015",2,2.3.3 and up
10599,Florida Cooling Supply HVAC,PRODUCTIVITY,4.2,6,43.0,500,Free,0.0,Everyone,Productivity,"July 27, 2018",8.1.10.41,4.4 and up
10600,Restaurant Inspections - FL,HEALTH_AND_FITNESS,3.5,143,0.2,10000,Free,0.0,Everyone,Health & Fitness,"June 12, 2013",1.1,2.2 and up
10601,Florida Keys,TRAVEL_AND_LOCAL,4.2,92,20.0,10000,Free,0.0,Everyone,Travel & Local,"April 6, 2017",4.1,4.0.3 and up
10602,South Florida AA Meetings,LIFESTYLE,5.0,10,21.0,1000,Free,0.0,Everyone,Lifestyle,"May 24, 2018",2.18,4.1 and up
10603,Florida Travel Guide - TOURIAS,TRAVEL_AND_LOCAL,3.8,80,37.0,10000,Free,0.0,Everyone,Travel & Local,"July 30, 2018",3.21,4.0 and up
10604,Florida State Gameday,SPORTS,4.7,1566,26.0,50000,Free,0.0,Everyone,Sports,"July 13, 2018",9.19.2,4.1 and up
10605,FL Bankers,EVENTS,,0,3.4,10,Free,0.0,Everyone,Events,"June 5, 2018",1.0.1,4.2 and up
10606,Fort Myers FL,PRODUCTIVITY,,0,22.0,100,Free,0.0,Everyone,Productivity,"September 17, 2015",2.4.0,4.1 and up
10607,"News-Journal-Daytona Beach, FL",NEWS_AND_MAGAZINES,4.5,76,7.8,5000,Free,0.0,Everyone,News & Magazines,"July 3, 2018",5,4.4 and up
10608,Florida map,TRAVEL_AND_LOCAL,,11,3.4,5000,Free,0.0,Everyone,Travel & Local,"May 15, 2016",0.0.7,4.0 and up
10609,"Trinity Church Deltona, FL",LIFESTYLE,5.0,33,28.0,500,Free,0.0,Everyone,Lifestyle,"May 7, 2018",1.9.0.0,2.3.3 and up
10610,FL Drone 2,PHOTOGRAPHY,3.3,41,7.8,5000,Free,0.0,Everyone,Photography,"August 17, 2017",1.0.7,2.2 and up
10611,"Beacon Baptist Jupiter, FL",LIFESTYLE,5.0,14,2.6,100,Free,0.0,Everyone,Lifestyle,"October 13, 2017",2.4,4.0.3 and up
10612,"Clearwater, FL - weather and more",WEATHER,,0,3.9,10,Free,0.0,Everyone,Weather,"April 12, 2018",1,5.0 and up
10613,University of Florida,FAMILY,4.0,168,7.6,10000,Free,0.0,Everyone,Education,"October 2, 2017",2,4.1 and up
10614,"Ocala Star Banner, FL",NEWS_AND_MAGAZINES,4.5,75,8.1,5000,Free,0.0,Everyone,News & Magazines,"July 25, 2018",5.1,4.4 and up
10615,Alachua County Sheriff FL,LIFESTYLE,3.2,5,9.5,100,Free,0.0,Everyone,Lifestyle,"May 13, 2015",1,4.0 and up
10616,Lotto Results - Mega Millions Powerball Lottery US,NEWS_AND_MAGAZINES,4.5,14221,1.8,1000000,Free,0.0,Teen,News & Magazines,"December 11, 2015",2.0.3,2.3.3 and up
10617,Jax Sheriff (FL),LIFESTYLE,4.2,53,16.0,5000,Free,0.0,Everyone,Lifestyle,"June 25, 2018",2.0.1,4.1 and up
10618,Results for FL Lottery (Florida),FAMILY,,1,3.2,100,Free,0.0,Mature 17+,Entertainment,"November 2, 2017",2.27,4.0.3 and up
10619,Hidden Object Florida Vacation Adventure Fun Game,FAMILY,3.7,126,45.0,10000,Free,0.0,Everyone,Casual,"June 18, 2018",1.4,4.0.3 and up
10620,WFLA News Channel 8 - Tampa FL,NEWS_AND_MAGAZINES,3.8,133,14.0,10000,Free,0.0,Everyone,News & Magazines,"July 18, 2018",v4.30.0.8,5.0 and up
10621,Florida Beach Wallpapers HD,TRAVEL_AND_LOCAL,5.0,3,12.0,100,Free,0.0,Everyone,Travel & Local,"December 30, 2015",1.8.1,4.1 and up
10622,MY GULFPORT FL,PRODUCTIVITY,,0,49.0,50,Free,0.0,Everyone,Productivity,"May 18, 2018",17.4,4.1 and up
10623,My MLS App,LIFESTYLE,4.1,1213,13.0,100000,Free,0.0,Everyone,Lifestyle,"June 4, 2018",2.8.4,4.0.3 and up
10624,Employ Florida Mobile,BUSINESS,2.9,97,9.9,10000,Free,0.0,Everyone,Business,"June 13, 2018",4.5.9,4.0.3 and up
10625,"St. Petersburg, FL - weather and more",WEATHER,,0,3.9,10,Free,0.0,Everyone,Weather,"April 13, 2018",1,5.0 and up
10626,LifePoint Church - FL,LIFESTYLE,,1,7.6,50,Free,0.0,Everyone,Lifestyle,"December 9, 2015",1.1,4.0.3 and up
10627,WSVN • South Florida's Source for Weather,WEATHER,,7,28.0,1000,Free,0.0,Everyone,Weather,"June 21, 2018",4.6.1404,4.4 and up
10628,PriorityONE Credit Union of Fl,FINANCE,4.7,178,12.0,1000,Free,0.0,Everyone,Finance,"June 12, 2018",5.9.1.0,5.0 and up
10630,Florida Blue,HEALTH_AND_FITNESS,3.2,499,34.0,100000,Free,0.0,Everyone,Health & Fitness,"July 10, 2018",4.2.1,7.0 and up
10631,ORLANDO FLORIDA MAP,TRAVEL_AND_LOCAL,,3,9.2,1000,Free,0.0,Everyone,Travel & Local,"January 24, 2017",1.3.0,4.0 and up
10632,Florida Tech Mobile,FAMILY,3.8,87,5.4,5000,Free,0.0,Everyone,Education,"September 13, 2016",5.2,4.1 and up
10633,Florida Offline Road Map,TRAVEL_AND_LOCAL,3.8,144,8.7,10000,Free,0.0,Everyone,Travel & Local,"October 2, 2014",5,2.3.3 and up
10634,Florida Map offline,TRAVEL_AND_LOCAL,4.6,8,18.0,1000,Free,0.0,Everyone,Travel & Local,"June 22, 2018",1.73,4.3 and up
10635,"The Ledger - Lakeland, Florida",NEWS_AND_MAGAZINES,4.6,89,5.7,5000,Free,0.0,Everyone,News & Magazines,"February 17, 2018",5,4.4 and up
10637,Gainesville Florida Police Department,LIFESTYLE,4.8,4,15.0,500,Free,0.0,Everyone,Lifestyle,"November 22, 2017",1.1,4.1 and up
10638,Gainesville Bus Tracker,MAPS_AND_NAVIGATION,4.2,63,1.6,10000,Free,0.0,Everyone,Maps & Navigation,"August 25, 2015",1.0.6,4.0 and up
10639,Florida Today,NEWS_AND_MAGAZINES,3.3,202,38.0,10000,Free,0.0,Everyone 10+,News & Magazines,"June 20, 2018",5.9.5,5.0 and up
10640,Florida HSMV Driver License,FAMILY,3.9,14,11.0,1000,Free,0.0,Everyone,Education,"January 13, 2015",1.3,4.0 and up
10641,WSVN - 7 News Miami,NEWS_AND_MAGAZINES,4.5,3320,14.0,100000,Free,0.0,Everyone,News & Magazines,"August 3, 2018",v4.30.0.9,5.0 and up
10643,First Federal Bank of Florida,FINANCE,4.3,133,30.0,10000,Free,0.0,Everyone,Finance,"May 23, 2018",18.1.79,5.0 and up
10644,South Florida MLS,LIFESTYLE,4.4,133,13.0,10000,Free,0.0,Everyone,Lifestyle,"June 2, 2018",2.8.4,4.0.3 and up
10648,FN Cam,PHOTOGRAPHY,3.4,181,10.0,10000,Free,0.0,Everyone,Photography,"January 13, 2016",1.1.5,4.0.3 and up
10649,How it Works: FN SCAR assault rifle,FAMILY,4.6,44,45.0,10000,Free,0.0,Everyone,Casual,"January 9, 2018",2.1.9f7,4.0.3 and up
10652,FutureNet your social app,SOCIAL,4.2,2093,7.0,100000,Free,0.0,Teen,Social,"March 8, 2018",3.36,4.2 and up
10653,Jigsaw Puzzles FN FAL Light Automatic Rifle,FAMILY,,0,5.6,50,Free,0.0,Teen,Puzzle,"May 7, 2018",1,4.0.3 and up
10654,Wallpapers FN Herstal FNP 9,PERSONALIZATION,,0,11.0,1,Free,0.0,Teen,Personalization,"April 12, 2018",1,4.1 and up
10655,Ninja FN Button,FAMILY,4.8,12,12.0,1000,Free,0.0,Teen,Entertainment,"July 4, 2018",1.1,4.0 and up
10656,Wallpapers FN SCAR H,PERSONALIZATION,5.0,4,9.2,100,Free,0.0,Teen,Personalization,"April 12, 2018",1,4.1 and up
10657,Wallpapers FN F2000,PERSONALIZATION,,0,11.0,5,Free,0.0,Teen,Personalization,"April 16, 2018",1,4.1 and up
10658,Wallpapers FN Five seven,PERSONALIZATION,,0,13.0,10,Free,0.0,Teen,Personalization,"April 18, 2018",1,4.1 and up
10659,FN,BUSINESS,5.0,14,3.3,50,Free,0.0,Everyone,Business,"February 1, 2018",1,4.0 and up
10660,Wallpapers FN FAL Light Automatic Rifle,PERSONALIZATION,,0,14.0,10,Free,0.0,Teen,Personalization,"April 17, 2018",1,4.1 and up
10663,F N Bail Bonds,LIFESTYLE,3.8,4,14.0,500,Free,0.0,Everyone,Lifestyle,"January 6, 2017",1.4,4.0.3 and up
10665,SB · FN 1870 Mobile Banking,FINANCE,2.9,139,3.3,10000,Free,0.0,Everyone,Finance,"June 19, 2017",3.0.5,4.0 and up
10666,PIP-Camera FN Photo Effect,PHOTOGRAPHY,4.6,8,9.0,1000,Free,0.0,Everyone,Photography,"December 4, 2016",1,2.3 and up
10667,Bullet - FN Theme,PERSONALIZATION,3.8,143,0.2,5000,Free,0.0,Everyone,Personalization,"July 31, 2013",1,2.2 and up
10670,FN Web Radio,COMMUNICATION,,0,1.6,10,Free,0.0,Everyone,Communication,"May 18, 2018",1.1,2.3 and up
10671,Gun Builder ELITE,GAME,4.1,88941,34.0,1000000,Free,0.0,Teen,Action,"July 26, 2016",3.1.7,4.0 and up
10672,FNH Payment Info,COMMUNICATION,,0,2.1,10,Free,0.0,Everyone,Communication,"March 17, 2018",1.3,4.0.3 and up
10676,Calculator Fn,TOOLS,,9,3.6,500,Free,0.0,Everyone,Tools,"November 12, 2015",1.4,4.0 and up
10677,Pint - FN Theme,PERSONALIZATION,2.5,6,0.2,100,Free,0.0,Everyone,Personalization,"August 10, 2013",1,2.2 and up
10678,HAL-9000 - FN Theme,PERSONALIZATION,3.5,159,0.3,10000,Free,0.0,Everyone,Personalization,"August 16, 2013",1,2.2 and up
10680,Fresh News,NEWS_AND_MAGAZINES,4.4,2207,9.8,100000,Free,0.0,Everyone,News & Magazines,"July 26, 2018",41,4.1 and up
10684,Gun Club Armory,GAME,4.2,55014,28.0,1000000,Free,0.0,Teen,Action,"December 4, 2017",1.2.6,4.1 and up
10685,Ethical Hacking,FAMILY,4.1,128,3.2,10000,Free,0.0,Everyone,Education,"July 9, 2018",1.3,4.0.3 and up
10686,Armed Cam Gun Pack,GAME,4.2,1012,50.0,10000,Free,0.0,Teen,Action,"January 18, 2015",1.0.2,3.0 and up
10688,Fo File Manager,TOOLS,4.5,1916,0.4,100000,Free,0.0,Everyone,Tools,"December 31, 2015",1.8.8,2.1 and up
10689,Alarm.fo – choose your info,SOCIAL,4.4,19,3.1,1000,Free,0.0,Everyone,Social,"May 29, 2018",1.4.8,4.1 and up
10691,Pin-fo,FAMILY,4.6,19,1.6,500,Free,0.0,Everyone,Entertainment,"August 15, 2016",3rd Release Aug 2016,2.2 and up
10692,MARKET FO,COMMUNICATION,,0,15.0,100,Free,0.0,Everyone,Communication,"November 30, 2017",1,4.1 and up
10693,FO OP St-Nazaire,COMMUNICATION,,1,17.0,100,Free,0.0,Everyone,Communication,"December 19, 2017",1,4.1 and up
10694,FO SODEXO,COMMUNICATION,,0,16.0,100,Free,0.0,Everyone,Communication,"March 13, 2018",1,4.1 and up
10695,FO RCBT,COMMUNICATION,,5,15.0,100,Free,0.0,Everyone,Communication,"November 15, 2017",1,4.1 and up
10696,FO Interim,COMMUNICATION,,1,11.0,100,Free,0.0,Everyone,Communication,"March 14, 2017",1,4.1 and up
10698,FO PSA Sept-Fons,COMMUNICATION,,2,15.0,100,Free,0.0,Everyone,Communication,"March 22, 2018",1,4.1 and up
10699,FO BOULANGER,FINANCE,,10,19.0,50,Free,0.0,Everyone,Finance,"May 15, 2018",1,4.4 and up
10700,FO AIRBUS TLSE,COMMUNICATION,,4,16.0,1000,Free,0.0,Everyone,Communication,"January 25, 2018",1.1,4.1 and up
10701,F-O-Meter,FAMILY,,0,2.8,1,Free,0.0,Mature 17+,Entertainment,"August 2, 2018",1.0.1,4.0 and up
10702,Theme fo Oppo A30 Wallpaper & Icon,BUSINESS,,7,1.3,500,Free,0.0,Everyone,Business,"August 18, 2017",1.0.0,2.3.3 and up
10703,Fo Fo Fish,GAME,3.4,5,21.0,50,Free,0.0,Everyone,Arcade,"August 25, 2015",1,2.3 and up
10704,FO STELIA Méaulte,COMMUNICATION,,2,18.0,100,Free,0.0,Everyone,Communication,"December 19, 2017",1.1,4.1 and up
10705,RRIMS FO,BUSINESS,,2,5.2,100,Free,0.0,Everyone,Business,"July 27, 2018",4.2,5.0 and up
10706,Neon Blue Gaming Wallpaper&Theme fo Lenovo K8 Note,BUSINESS,4.6,7,2.0,500,Free,0.0,Everyone,Business,"August 24, 2017",1.0.0,2.3.3 and up
10708,Custos F.O.,BUSINESS,,0,9.7,1,Free,0.0,Everyone,Business,"June 20, 2018",4.1.0,4.1 and up
10709,FO AIRBUS Nantes,COMMUNICATION,,0,17.0,100,Free,0.0,Everyone,Communication,"December 14, 2017",1,4.1 and up
10711,4x4 Jeep Racer,GAME,4.1,7279,54.0,1000000,Free,0.0,Everyone,Racing,"March 9, 2018",1.5,4.0 and up
10717,Frontline Terrorist Battle Shoot: Free FPS Shooter,GAME,4.2,9183,49.0,1000000,Free,0.0,Mature 17+,Action,"June 22, 2018",1.1,4.4 and up
10718,BankNordik,FINANCE,3.9,28,15.0,5000,Free,0.0,Everyone,Finance,"August 8, 2018",7.3.2,5.0 and up
10719,Sona - Nær við allastaðni,LIFESTYLE,4.2,31,25.0,1000,Free,0.0,Everyone,Lifestyle,"August 2, 2018",1.6.3,4.4 and up
10721,Mad Dash Fo' Cash,GAME,5.0,14,16.0,100,Free,0.0,Everyone,Arcade,"June 19, 2017",2.5a,4.1 and up
10722,Launcher Theme for LG K10 2018,PERSONALIZATION,4.0,649,11.0,100000,Free,0.0,Everyone,Personalization,"March 30, 2017",1,2.3.3 and up
10724,English To Shona Dictionary,BOOKS_AND_REFERENCE,4.6,60,3.7,10000,Free,0.0,Everyone,Books & Reference,"July 10, 2016",1.4,3.0 and up
10726,Thumbnail Maker,PHOTOGRAPHY,4.4,26252,24.0,1000000,Free,0.0,Everyone,Photography,"May 26, 2018",1.7,4.2 and up
10727,Fon WiFi App – WiFi Connect,TOOLS,4.1,222,16.0,50000,Free,0.0,Everyone,Tools,"July 26, 2018",2.2.4,4.4 and up
10732,Draw with FP sDraw,TOOLS,4.3,3268,0.5,100000,Free,0.0,Everyone,Tools,"December 16, 2017",6.6,2.0 and up
10733,FP Click sound changer,PERSONALIZATION,3.5,178,1.4,10000,Free,0.0,Everyone,Personalization,"December 26, 2015",1,1.6 and up
10734,FP Connect,COMMUNICATION,,0,22.0,100,Free,0.0,Teen,Communication,"December 15, 2017",3.15.1,4.1 and up
10736,FP-safe,BUSINESS,,0,2.6,100,Free,0.0,Everyone,Business,"May 8, 2018",1,4.0.3 and up
10737,FP Legacy,MAPS_AND_NAVIGATION,4.0,3,44.0,1000,Free,0.0,Everyone,Maps & Navigation,"July 2, 2018",3.4.0,4.0 and up
10738,Race Manager FP,GAME,3.8,196,11.0,5000,Free,0.0,Everyone,Racing,"November 3, 2014",2.1,2.2 and up
10739,FreedomPop Messaging Phone/SIM,COMMUNICATION,3.6,9894,39.0,500000,Free,0.0,Everyone,Communication,"July 26, 2018",23.01.1265.0712,4.1 and up
10741,Fingerprint Quick Action,TOOLS,4.2,8484,1.7,1000000,Free,0.0,Everyone,Tools,"July 22, 2018",0.15.2,6.0 and up
10742,GKPB FP Online Church,LIFESTYLE,5.0,32,7.9,1000,Free,0.0,Everyone,Lifestyle,"December 31, 2017",0.7.1,4.4 and up
10743,FP BW LCD View,FAMILY,3.4,16,1.2,500,Free,0.0,Everyone,Entertainment,"March 31, 2016",1,4.0.3 and up
10744,FP Markets,FINANCE,,1,2.0,100,Free,0.0,Everyone,Finance,"January 30, 2018",1.0.0.0,4.3 and up
10745,FP Boss,FINANCE,,1,5.8,1,Free,0.0,Everyone,Finance,"July 27, 2018",1.0.2,5.0 and up
10747,FP Charging Daydream,PERSONALIZATION,3.5,96,3.8,5000,Free,0.0,Everyone,Personalization,"November 23, 2015",2,4.2 and up
10748,FP Live,COMMUNICATION,,0,3.3,10,Free,0.0,Teen,Communication,"November 3, 2017",1.2.4,4.2 and up
10749,FP Runner,GAME,3.7,38,29.0,1000,Free,0.0,Everyone,Arcade,"June 29, 2016",1.12,3.1 and up
10750,Finger Scanner Gestures,TOOLS,4.2,2531,3.3,100000,Free,0.0,Everyone,Tools,"July 30, 2017",1.2.4,6.0 and up
10751,FP Market,FAMILY,,24,0.0,1000,Free,0.0,Everyone,Education,"June 17, 2012",1,1.6 and up
10752,FP FCU,FINANCE,3.6,48,26.0,5000,Free,0.0,Everyone,Finance,"April 5, 2018",4.6.71,4.0.3 and up
10754,SCM FPS Status,BUSINESS,4.2,123,3.3,10000,Free,0.0,Everyone,Business,"April 28, 2018",3.5,2.3 and up
10755,Hondata Mobile,MAPS_AND_NAVIGATION,4.3,334,0.7,10000,Free,0.0,Everyone,Maps & Navigation,"August 23, 2016",1.3,2.3.3 and up
10756,FreedomPop Friends for Free Data,TOOLS,4.4,58,2.5,5000,Free,0.0,Everyone,Tools,"July 24, 2018",2017.07.24,4.1 and up
10758,Fingerprint Lock Screen Prank,TOOLS,4.1,10786,4.3,1000000,Free,0.0,Everyone,Tools,"December 9, 2017",5,4.0 and up
10759,FP NFC Rewrite,TOOLS,,17,0.1,1000,Free,0.0,Everyone,Tools,"January 29, 2016",1.1,4.0 and up
10761,Greek Bible FP (Audio),BOOKS_AND_REFERENCE,,5,8.0,1000,Free,0.0,Everyone,Books & Reference,"August 29, 2016",1.0.0,4.0.3 and up
10762,The FP Shield,NEWS_AND_MAGAZINES,,0,11.0,10,Free,0.0,Everyone,News & Magazines,"February 1, 2018",1.1.0,4.4 and up
10763,FP Разбитый дисплей,FAMILY,4.5,922,0.6,50000,Free,0.0,Everyone,Entertainment,"September 20, 2014",1.1,1.6 and up
10764,FP Transportation,AUTO_AND_VEHICLES,,1,0.9,1,Free,0.0,Everyone,Auto & Vehicles,"March 9, 2018",10.0.0,4.0 and up
10766,FreedomPop Diagnostics,TOOLS,2.9,452,7.0,100000,Free,0.0,Everyone,Tools,"July 17, 2017",1.03.123.0713,4.0.3 and up
10767,NFP 2018,EVENTS,4.8,8,16.0,500,Free,0.0,Everyone,Events,"January 9, 2018",1.0.3,4.2 and up
10769,FQ Magazine,LIFESTYLE,,1,12.0,100,Free,0.0,Everyone,Lifestyle,"December 12, 2016",1,4.1 and up
10770,Modern Counter Terrorist FPS Shoot,GAME,4.0,795,41.0,100000,Free,0.0,Teen,Action,"August 29, 2017",1.2,2.3 and up
10771,FQ METER,PRODUCTIVITY,3.9,17,2.4,1000,Free,0.0,Everyone,Productivity,"April 23, 2017",1.1,4.0 and up
10772,FQ Load Board for Transporters,BUSINESS,,0,3.9,100,Free,0.0,Everyone,Business,"February 16, 2018",1.1.3,5.0 and up
10773,FQ India,LIFESTYLE,,0,8.9,10,Free,0.0,Everyone,Lifestyle,"July 31, 2018",7.2.2,4.1 and up
10774,Miss FQ,NEWS_AND_MAGAZINES,,0,36.0,10,Free,0.0,Everyone,News & Magazines,"April 5, 2018",3.8,4.4 and up
10775,FQ - Football Quiz,SPORTS,,1,9.0,1,Free,0.0,Everyone,Sports,"May 29, 2018",1,5.0 and up
10776,Monster Ride Pro,GAME,5.0,1,24.0,10,Free,0.0,Everyone,Racing,"March 5, 2018",2,2.3 and up
10777,BEBONCOOL GAMEPAD V1.0,GAME,3.9,404,2.2,100000,Free,0.0,Everyone,Arcade,"August 30, 2017",1.2,4.0 and up
10778,Union League,FAMILY,4.0,939,38.0,10000,Free,0.0,Everyone,Role Playing,"June 8, 2018",1.0.0.96,4.1 and up
10780,Modern Counter 3: FPS Multiplayers battlegro 3,FAMILY,4.1,17,50.0,1000,Free,0.0,Everyone,Strategy,"March 16, 2018",15,4.1 and up
10786,ChopAssistant,TOOLS,4.2,455,2.8,50000,Free,0.0,Everyone,Tools,"February 28, 2017",1.6,6.0 and up
10787,Modern Counter Global Strike 3D,GAME,4.1,297,48.0,50000,Free,0.0,Teen,Action,"March 28, 2018",1.2,4.1 and up
10788,Fountain Live Wallpaper HD – Dubai Wallpaper 3D,PERSONALIZATION,,1,20.0,500,Free,0.0,Everyone,Personalization,"April 13, 2018",1,4.1 and up
10789,Modern Counter Global Strike 3D V2,GAME,4.0,368,48.0,50000,Free,0.0,Everyone 10+,Action,"March 28, 2018",1.7,4.1 and up
10790,HipChat - beta version,COMMUNICATION,4.1,1035,20.0,50000,Free,0.0,Everyone,Communication,"August 7, 2018",3.20.001,4.1 and up
10791,Winter Wonderland,GAME,4.0,1287,38.0,50000,Free,0.0,Everyone,Word,"December 18, 2013",1,2.2 and up
10792,Soccer Clubs Logo Quiz,GAME,4.2,21661,16.0,1000000,Free,0.0,Everyone,Trivia,"May 24, 2018",1.3.81,4.0 and up
10794,PopStar,FAMILY,,13,5.7,1000,Free,0.0,Everyone,Casual,"January 3, 2018",1.6,4.3 and up
10795,Reindeer VPN - Proxy VPN,TOOLS,4.2,7339,4.0,100000,Free,0.0,Everyone,Tools,"May 10, 2018",1.74,4.1 and up
10796,Inf VPN - Global Proxy & Unlimited Free WIFI VPN,TOOLS,4.7,61445,7.8,1000000,Free,0.0,Everyone,Tools,"July 26, 2018",1.9.734,4.1 and up
10797,Fuel Rewards® program,LIFESTYLE,4.6,32433,46.0,1000000,Free,0.0,Everyone,Lifestyle,"June 26, 2018",2.9.1,5.0 and up
10799,Fr Daoud Lamei,SOCIAL,4.7,2036,6.8,100000,Free,0.0,Everyone,Social,"May 20, 2018",1.72,4.0.3 and up
10800,FR Roster,TOOLS,4.1,174,12.0,5000,Free,0.0,Everyone,Tools,"July 30, 2018",6.04,4.4 and up
10801,Fr Ignacio Outreach,FAMILY,4.9,52,19.0,1000,Free,0.0,Everyone,Education,"January 19, 2018",1,4.4 and up
10802,FR: My Famous Lover,FAMILY,4.0,185,28.0,10000,Free,0.0,Teen,Entertainment,"August 6, 2015",1.3.0,3.0 and up
10804,Poker Pro.Fr,GAME,4.2,5442,17.0,100000,Free,0.0,Teen,Card,"May 22, 2018",4.1.3,2.3 and up
10805,Scoreboard FR,LIFESTYLE,4.3,3,15.0,100,Free,0.0,Everyone,Lifestyle,"August 7, 2018",2.1,4.2 and up
10806,SnakeBite911 FR,MEDICAL,,1,42.0,500,Free,0.0,Everyone,Medical,"October 9, 2017",1.2,4.1 and up
10807,My FR App,TOOLS,,2,4.2,100,Free,0.0,Everyone,Tools,"April 9, 2018",1.283.0037,2.3.3 and up
10808,lesparticuliers.fr,LIFESTYLE,,96,1.0,50000,Free,0.0,Everyone,Lifestyle,"November 25, 2014",1.5,2.3 and up
10809,Castle Clash: RPG War and Strategy FR,FAMILY,4.7,376223,24.0,1000000,Free,0.0,Everyone,Strategy,"July 18, 2018",1.4.2,4.1 and up
10810,Fr Lupupa Sermons,BUSINESS,4.8,19,21.0,100,Free,0.0,Everyone,Business,"June 12, 2018",1,4.4 and up
10811,FR Plus 1.6,AUTO_AND_VEHICLES,,4,3.9,100,Free,0.0,Everyone,Auto & Vehicles,"July 24, 2018",1.3.6,4.4W and up
10812,Fr Agnel Pune,FAMILY,4.1,80,13.0,1000,Free,0.0,Everyone,Education,"June 13, 2018",2.0.20,4.0.3 and up
10813,DICT.fr Mobile,BUSINESS,,20,2.7,10000,Free,0.0,Everyone,Business,"July 17, 2018",2.1.10,4.1 and up
10814,FR: My Secret Pets!,FAMILY,4.0,785,31.0,50000,Free,0.0,Teen,Entertainment,"June 3, 2015",1.3.1,3.0 and up
10815,Golden Dictionary (FR-AR),BOOKS_AND_REFERENCE,4.2,5775,4.9,500000,Free,0.0,Everyone,Books & Reference,"July 19, 2018",7.0.4.6,4.2 and up
10816,FieldBi FR Offline,BUSINESS,,2,6.8,100,Free,0.0,Everyone,Business,"August 6, 2018",2.1.8,4.1 and up
10817,HTC Sense Input - FR,TOOLS,4.0,885,8.0,100000,Free,0.0,Everyone,Tools,"October 30, 2015",1.0.612928,5.0 and up
10818,Gold Quote - Gold.fr,FINANCE,,96,1.5,10000,Free,0.0,Everyone,Finance,"May 19, 2016",2.3,2.2 and up
10819,Fanfic-FR,BOOKS_AND_REFERENCE,3.3,52,3.6,5000,Free,0.0,Teen,Books & Reference,"August 5, 2017",0.3.4,4.1 and up
10820,Fr. Daoud Lamei,FAMILY,5.0,22,8.6,1000,Free,0.0,Teen,Education,"June 27, 2018",3.8.0,4.1 and up
10821,Poop FR,FAMILY,,6,2.5,50,Free,0.0,Everyone,Entertainment,"May 29, 2018",1,4.0.3 and up
10822,PLMGSS FR,PRODUCTIVITY,,0,3.1,10,Free,0.0,Everyone,Productivity,"December 1, 2017",1,4.4 and up
10823,List iptv FR,VIDEO_PLAYERS,,1,2.9,100,Free,0.0,Everyone,Video Players & Editors,"April 22, 2018",1,4.0.3 and up
10825,Naruto & Boruto FR,SOCIAL,,7,7.7,100,Free,0.0,Teen,Social,"February 2, 2018",1,4.0 and up
10827,Fr Agnel Ambarnath,FAMILY,4.2,117,13.0,5000,Free,0.0,Everyone,Education,"June 13, 2018",2.0.20,4.0.3 and up
10828,Manga-FR - Anime Vostfr,COMICS,3.4,291,13.0,10000,Free,0.0,Everyone,Comics,"May 15, 2017",2.0.1,4.0 and up
10829,Bulgarian French Dictionary Fr,BOOKS_AND_REFERENCE,4.6,603,7.4,10000,Free,0.0,Everyone,Books & Reference,"June 19, 2016",2.96,4.1 and up
10830,News Minecraft.fr,NEWS_AND_MAGAZINES,3.8,881,2.3,100000,Free,0.0,Everyone,News & Magazines,"January 20, 2014",1.5,1.6 and up
10831,payermonstationnement.fr,MAPS_AND_NAVIGATION,,38,9.8,5000,Free,0.0,Everyone,Maps & Navigation,"June 13, 2018",2.0.148.0,4.0 and up
10832,FR Tides,WEATHER,3.8,1195,0.6,100000,Free,0.0,Everyone,Weather,"February 16, 2014",6,2.1 and up
10833,Chemin (fr),BOOKS_AND_REFERENCE,4.8,44,0.6,1000,Free,0.0,Everyone,Books & Reference,"March 23, 2014",0.8,2.2 and up
10834,FR Calculator,FAMILY,4.0,7,2.6,500,Free,0.0,Everyone,Education,"June 18, 2017",1.0.0,4.1 and up
10835,FR Forms,BUSINESS,,0,9.6,10,Free,0.0,Everyone,Business,"September 29, 2016",1.1.5,4.0 and up
10836,Sya9a Maroc - FR,FAMILY,4.5,38,53.0,5000,Free,0.0,Everyone,Education,"July 25, 2017",1.48,4.1 and up
10837,Fr. Mike Schmitz Audio Teachings,FAMILY,5.0,4,3.6,100,Free,0.0,Everyone,Education,"July 6, 2018",1,4.1 and up
10838,Parkinson Exercices FR,MEDICAL,,3,9.5,1000,Free,0.0,Everyone,Medical,"January 20, 2017",1,2.2 and up
